Mã/model,Tên sản phẩm,Trạng thái,Giá nguồn,Giá sau 8% và làm tròn,URL nguồn,Thời điểm kiểm tra
DS-2CD1021G1-I,Camera IP 2MP HIKVISION DS-2CD1021G1-I,priced,665000,720000,https://www.sieuthivienthong.com/camera-ip-2mp-hikvision-ds-2cd1021g1-i-89787.html,2026-09-16T09:59:25+07:00
DS-2CD1021G2-LIU,Camera IP 2MP HIKVISION DS-2CD1021G2-LIU,priced,775000,840000,https://www.sieuthivienthong.com/camera-ip-2mp-hikvision-ds-2cd1021g2-liu-85263.html,2026-09-16T09:59:25+07:00
DS-2CD1023G2-LIUF,Camera IP 2MP HIKVISION DS-2CD1023G2-LIUF,priced,1020000,1100000,https://www.sieuthivienthong.com/camera-ip-2mp-hikvision-ds-2cd1023g2-liuf-77260.html,2026-09-16T09:59:25+07:00
DS-2CD1023G2-LIUF/SL,Camera IP 2MP HIKVISION DS-2CD1023G2-LIUF/SL,priced,970000,1050000,https://www.sieuthivienthong.com/camera-ip-2mp-hikvision-ds-2cd1023g2-liufsl-84564.html,2026-09-16T09:59:25+07:00
DS-2CD1027G2H-LIUF,Camera IP 2MP HIKVISION DS-2CD1027G2H-LIUF,priced,1435000,1550000,https://www.sieuthivienthong.com/camera-ip-2mp-hikvision-ds-2cd1027g2h-liuf-84580.html,2026-09-16T09:59:25+07:00
DS-2CD1T27G2H-LIUF,Camera IP 2MP HIKVISION DS-2CD1T27G2H-LIUF,priced,1565000,1690000,https://www.sieuthivienthong.com/camera-ip-2mp-hikvision-ds-2cd1t27g2h-liuf-84586.html,2026-09-16T09:59:25+07:00
DS-2CD1043G2-LIUF,Camera IP 4MP HIKVISION DS-2CD1043G2-LIUF,priced,1280000,1380000,https://www.sieuthivienthong.com/camera-ip-4mp-hikvision-ds-2cd1043g2-liuf-83113.html,2026-09-16T09:59:25+07:00
DS-2CD1043G2-LIUF/SL,Camera IP 4MP HIKVISION DS-2CD1043G2-LIUF/SL,priced,1355000,1460000,https://www.sieuthivienthong.com/camera-ip-4mp-hikvision-ds-2cd1043g2-liufsl-84567.html,2026-09-16T09:59:25+07:00
DS-2CD1T41G2-LIU,Camera IP 4MP HIKVISION DS-2CD1T41G2-LIU,priced,1330000,1440000,https://www.sieuthivienthong.com/camera-ip-4mp-hikvision-ds-2cd1t41g2-liu-85265.html,2026-09-16T09:59:25+07:00
DS-2CD1B47G2H-LIUF/SL,Camera IP 4MP HIKVISION DS-2CD1B47G2H-LIUF/SL,priced,1820000,1970000,https://www.sieuthivienthong.com/camera-ip-4mp-hikvision-ds-2cd1b47g2h-liufsl-89416.html,2026-09-16T09:59:25+07:00
DS-2CD1B47G2H-LIU,Camera IP 4MP HIKVISION DS-2CD1B47G2H-LIU,not_found,,,,2026-09-16T09:59:25+07:00
DS-2CD1B47G2H-LIUF/SRB,Camera IP 4MP HIKVISION DS-2CD1B47G2H-LIUF/SRB,contact,,,https://www.sieuthivienthong.com/camera-ip-4mp-hikvision-ds-2cd1b47g2h-liufsrb-89417.html,2026-09-16T09:59:25+07:00
DS-2CD1121G0-I,Camera IP 2MP HIKVISION DS-2CD1121G0-I,priced,720000,780000,https://www.sieuthivienthong.com/camera-ip-2mp-hikvision-ds-2cd1121g0-i-79762.html,2026-09-16T09:59:25+07:00
DS-2CD1121G2-LIU,Camera IP 2MP HIKVISION DS-2CD1121G2-LIU,priced,795000,860000,https://www.sieuthivienthong.com/camera-ip-2mp-hikvision-ds-2cd1121g2-liu-85270.html,2026-09-16T09:59:25+07:00
DS-2CD1321G2-LIU,Camera IP 2MP HIKVISION DS-2CD1321G2-LIU,priced,785000,850000,https://www.sieuthivienthong.com/camera-ip-2mp-hikvision-ds-2cd1321g2-liu-85269.html,2026-09-16T09:59:25+07:00
DS-2CD1123G2-LIUF,Camera IP 2MP HIKVISION DS-2CD1123G2-LIUF,priced,1100000,1190000,https://www.sieuthivienthong.com/camera-ip-2mp-hikvision-ds-2cd1123g2-liuf-77262.html,2026-09-16T09:59:25+07:00
DS-2CD1127G2H-LIUF,Camera IP 2MP HIKVISION DS-2CD1127G2H-LIUF,contact,,,https://www.sieuthivienthong.com/camera-ip-2mp-hikvision-ds-2cd1127g2h-liuf-85236.html,2026-09-16T09:59:25+07:00
DS-2CD1327G2H-LIUF,Camera IP 2MP HIKVISION DS-2CD1327G2H-LIUF,priced,1540000,1660000,https://www.sieuthivienthong.com/camera-ip-2mp-hikvision-ds-2cd1327g2h-liuf-84591.html,2026-09-16T09:59:25+07:00
DS-2CD1143G2-LIUF,Camera IP 4MP HIKVISION DS-2CD1143G2-LIUF,contact,,,https://www.sieuthivienthong.com/camera-ip-4mp-hikvision-ds-2cd1143g2-liuf-83114.html,2026-09-16T09:59:25+07:00
DS-2CD1147G2H-LIUF,Camera IP 4MP HIKVISION DS-2CD1147G2H-LIUF,priced,1640000,1770000,https://www.sieuthivienthong.com/camera-ip-4mp-hikvision-ds-2cd1147g2h-liuf-84607.html,2026-09-16T09:59:25+07:00
DS-2CD1347G2H-LIUF,Camera IP 4MP HIKVISION DS-2CD1347G2H-LIUF,contact,,,https://www.sieuthivienthong.com/camera-ip-4mp-hikvision-ds-2cd1347g2h-liuf-84592.html,2026-09-16T09:59:25+07:00
DS-2CD1347G2-LUF,Camera IP 4MP HIKVISION DS-2CD1347G2-LUF,contact,,,https://www.sieuthivienthong.com/camera-ip-4mp-hikvision-ds-2cd1347g2-luf-83111.html,2026-09-16T09:59:25+07:00
DS-2CD1347G3H-LIUF/SRB,Camera IP 4MP HIKVISION DS-2CD1347G3H-LIUF/SRB,contact,,,https://www.sieuthivienthong.com/camera-ip-4mp-hikvision-ds-2cd1347g3h-liufsrb-90479.html,2026-09-16T09:59:25+07:00
DS-2DE2C400MWG-E,Camera IP 4MP HIKVISION DS-2DE2C400MWG-E,contact,,,https://www.sieuthivienthong.com/camera-ip-4mp-hikvision-ds-2de2c400mwg-e-83573.html,2026-09-16T09:59:25+07:00
DS-2DE2C200MWG-E,Camera IP 2MP HIKVISION DS-2DE2C200MWG-E,priced,1030000,1110000,https://www.sieuthivienthong.com/camera-ip-2mp-hikvision-ds-2de2c200mwg-e-83572.html,2026-09-16T09:59:25+07:00
DS-2SE2C400MWG-E/14(2.8/8mm),Camera IP 4MP HIKVISION DS-2SE2C400MWG-E/14(2.8/8mm),contact,,,https://www.sieuthivienthong.com/camera-ip-4mp-hikvision-ds-2se2c400mwg-e14288mm-88999.html,2026-09-16T09:59:25+07:00
DS-2SE2C200MWG-E/12(2.8/8mm),Camera IP 2MP HIKVISION DS-2SE2C200MWG-E/12(2.8/8mm),priced,1490000,1610000,https://www.sieuthivienthong.com/camera-ip-2mp-hikvision-ds-2se2c200mwg-e12288mm-89002.html,2026-09-16T09:59:25+07:00
DS-2DE3A404IWG-E/W,Camera IP 4MP HIKVISION DS-2DE3A404IWG-E/W,priced,5880000,6350000,https://www.sieuthivienthong.com/camera-ip-4mp-hikvision-ds-2de3a404iwg-ew-85267.html,2026-09-16T09:59:25+07:00
DS-2DE4215IW-DE(T5),Camera IP 2MP HIKVISION DS-2DE4215IW-DE(T5),contact,,,https://www.sieuthivienthong.com/camera-ip-2mp-hikvision-ds-2de4215iw-det5-62772.html,2026-09-16T09:59:25+07:00
DS-2CV2Q21G1-IDW(W),Camera IP Wifi 2MP HIKVISION DS-2CV2Q21G1-IDW(W),contact,,,https://www.sieuthivienthong.com/camera-ip-wifi-2mp-hikvision-ds-2cv2q21g1-idww-90541.html,2026-09-16T09:59:25+07:00
DS-2DE3A400BW-DE/W(F1)(T5),Camera IP 4MP HIKVISION DS-2DE3A400BW-DE/W(F1)(T5),contact,,,https://www.sieuthivienthong.com/camera-ip-4mp-hikvision-ds-2de3a400bw-dewf1t5-66970.html,2026-09-16T09:59:25+07:00
DS-2DE2A204IW-DE3(C0)(S6),Camera IP 2MP HIKVISION DS-2DE2A204IW-DE3(C0)(S6),priced,3385000,3660000,https://www.sieuthivienthong.com/camera-ip-2mp-hikvision-ds-2de2a204iw-de3c0s6-62080.html,2026-09-16T09:59:25+07:00
DS-2DE4425IWG1-EHUN,Camera IP 4MP HIKVISION DS-2DE4425IWG1-EHUN,not_found,,,,2026-09-16T09:59:25+07:00
DS-2DE2A404IWG1-E/WHUN,Camera IP WiFi 4MP HIKVISION DS-2DE2A404IWG1-E/WHUN,not_found,,,,2026-09-16T09:59:25+07:00
DS-2DE4225IWG1-EHUN,Camera IP 2MP HIKVISION DS-2DE4225IWG1-EHUN,not_found,,,,2026-09-16T09:59:25+07:00
DS-2DE4215IWG1-EHUN,Camera IP 2MP HIKVISION DS-2DE4215IWG1-EHUN,not_found,,,,2026-09-16T09:59:25+07:00
DH-IPC-HFW1230TL2-S5-VN,Camera IP 2MP DAHUA DH-IPC-HFW1230TL2-S5-VN,contact,,,https://www.sieuthivienthong.com/camera-ip-20mp-dahua-dh-ipc-hfw1230tl2-s5-vn-87954.html,2026-09-16T09:59:25+07:00
DH-IPC-HFW2449M-AS-LED-B,Camera IP 4MP DAHUA DH-IPC-HFW2449M-AS-LED-B,contact,,,https://www.sieuthivienthong.com/camera-ip-40mp-dahua-dh-ipc-hfw2449m-as-led-b-80213.html,2026-09-16T09:59:25+07:00
DH-IPC-HFW2441T-ZS,Camera IP 4MP DAHUA DH-IPC-HFW2441T-ZS,contact,,,https://www.sieuthivienthong.com/camera-ip-40mp-dahua-dh-ipc-hfw2441t-zs-87545.html,2026-09-16T09:59:25+07:00
DH-IPC-HFW2449M-S-B-PRO,Camera IP 4MP DAHUA DH-IPC-HFW2449M-S-B-PRO,priced,2030000,2190000,https://www.sieuthivienthong.com/camera-ip-40mp-dahua-dh-ipc-hfw2449m-s-b-pro-87968.html,2026-09-16T09:59:25+07:00
DH-IPC-HFW1230TL2-S5,Camera IP 2MP DAHUA DH-IPC-HFW1230TL2-S5,contact,,,https://www.sieuthivienthong.com/camera-ip-20mp-dahua-dh-ipc-hfw1230tl2-s5-84178.html,2026-09-16T09:59:25+07:00
DH-IPC-HDW1230T2-S5,Camera IP 2MP DAHUA DH-IPC-HDW1230T2-S5,contact,,,https://www.sieuthivienthong.com/camera-ip-20mp-dahua-dh-ipc-hdw1230t2-s5-84179.html,2026-09-16T09:59:25+07:00
DH-IPC-T1E29-A-IL,Camera IP 2MP DAHUA DH-IPC-T1E29-A-IL,contact,,,https://www.sieuthivienthong.com/camera-ip-20mp-dahua-dh-ipc-t1e29-a-il-89358.html,2026-09-16T09:59:25+07:00
DH-SD2C400NA-B-PV-PRO,Camera IP 4MP DAHUA DH-SD2C400NA-B-PV-PRO,contact,,,https://www.sieuthivienthong.com/camera-ip-40mp-dahua-dh-sd2c400na-b-pv-pro-89384.html,2026-09-16T09:59:25+07:00
DH-IPC-HFW1230TL2-A,Camera IP 2MP DAHUA DH-IPC-HFW1230TL2-A,priced,685000,740000,https://www.sieuthivienthong.com/camera-ip-2mp-dahua-dh-ipc-hfw1230tl2-a-90450.html,2026-09-16T09:59:25+07:00
DH-IPC-HDW2449T-S-IL,Camera IP 4MP DAHUA DH-IPC-HDW2449T-S-IL,priced,1620000,1750000,https://www.sieuthivienthong.com/camera-ip-40mp-dahua-dh-ipc-hdw2449t-s-il-66352.html,2026-09-16T09:59:25+07:00
DH-IPC-B1E29-A-IL,Camera IP 2MP DAHUA DH-IPC-B1E29-A-IL,priced,715000,770000,https://www.sieuthivienthong.com/camera-ip-20mp-dahua-dh-ipc-b1e29-a-il-89356.html,2026-09-16T09:59:25+07:00
DH-IPC-HFW1239TL1-A-IL-VN,Camera IP 2MP DAHUA DH-IPC-HFW1239TL1-A-IL-VN,priced,800000,860000,https://www.sieuthivienthong.com/camera-ip-20mp-dahua-dh-ipc-hfw1239tl1-a-il-vn-87648.html,2026-09-16T09:59:25+07:00
DH-H3AE,Camera IP PT WiFi 3MP DAHUA DH-H3AE,priced,425000,460000,https://www.sieuthivienthong.com/camera-ip-pt-wifi-30mp-dahua-dh-h3ae-85799.html,2026-09-16T09:59:25+07:00
DH-IPC-HFW1439TL1-A-IL-VN,Camera IP 4MP DAHUA DH-IPC-HFW1439TL1-A-IL-VN,priced,1120000,1210000,https://www.sieuthivienthong.com/camera-ip-40mp-dahua-dh-ipc-hfw1439tl1-a-il-vn-89373.html,2026-09-16T09:59:25+07:00
DH-IPC-HDW1439V-A-IL,Camera IP 4MP DAHUA DH-IPC-HDW1439V-A-IL,priced,1120000,1210000,https://www.sieuthivienthong.com/camera-ip-40mp-dahua-dh-ipc-hdw1439v-a-il-89334.html,2026-09-16T09:59:25+07:00
DH-IPC-HFW2449T-AS-IL,Camera IP 4MP DAHUA DH-IPC-HFW2449T-AS-IL,priced,1940000,2100000,https://www.sieuthivienthong.com/camera-ip-40mp-dahua-dh-ipc-hfw2449t-as-il-75232.html,2026-09-16T09:59:25+07:00
DH-IPC-HFW1239MP-A-IL,Camera IP 2MP DAHUA DH-IPC-HFW1239MP-A-IL,priced,940000,1020000,https://www.sieuthivienthong.com/camera-ip-20mp-dahua-dh-ipc-hfw1239mp-a-il-89361.html,2026-09-16T09:59:25+07:00
DH-IPC-B1E29-A-IL-VN,Camera IP 2MP DAHUA DH-IPC-B1E29-A-IL-VN,priced,715000,770000,https://www.sieuthivienthong.com/camera-ip-20mp-dahua-dh-ipc-b1e29-a-il-vn-89357.html,2026-09-16T09:59:25+07:00
DH-IPC-HFW1239TL1-A-IL,Camera IP 2MP DAHUA DH-IPC-HFW1239TL1-A-IL,contact,,,https://www.sieuthivienthong.com/camera-ip-20mp-dahua-dh-ipc-hfw1239tl1-a-il-87546.html,2026-09-16T09:59:25+07:00
DH-IPC-HDW1230T2-A,Camera IP 2MP DAHUA DH-IPC-HDW1230T2-A,priced,665000,720000,https://www.sieuthivienthong.com/camera-ip-2mp-dahua-dh-ipc-hdw1230t2-a-90451.html,2026-09-16T09:59:25+07:00
DH-IPC-HFW2241T-ZS,Camera IP 2MP DAHUA DH-IPC-HFW2241T-ZS,contact,,,https://www.sieuthivienthong.com/camera-ip-20mp-dahua-dh-ipc-hfw2241t-zs-83743.html,2026-09-16T09:59:25+07:00
DH-IPC-HFW2449TL-S-PRO,Camera IP 4MP DAHUA DH-IPC-HFW2449TL-S-PRO,priced,1860000,2010000,https://www.sieuthivienthong.com/camera-ip-40mp-dahua-dh-ipc-hfw2449tl-s-pro-87967.html,2026-09-16T09:59:25+07:00
DH-IPC-HDW1239V-A-IL-VN,Camera IP 2MP DAHUA DH-IPC-HDW1239V-A-IL-VN,priced,935000,1010000,https://www.sieuthivienthong.com/camera-ip-20mp-dahua-dh-ipc-hdw1239v-a-il-vn-87960.html,2026-09-16T09:59:25+07:00
DH-SD2A500NB-GNY-A-PV,Camera IP 5MP DAHUA DH-SD2A500NB-GNY-A-PV,contact,,,https://www.sieuthivienthong.com/camera-ip-50mp-dahua-dh-sd2a500nb-gny-a-pv-85813.html,2026-09-16T09:59:25+07:00
DH-IPC-HFW2849T-AS-IL,Camera IP 8MP DAHUA DH-IPC-HFW2849T-AS-IL,priced,2780000,3000000,https://www.sieuthivienthong.com/camera-ip-80mp-dahua-dh-ipc-hfw2849t-as-il-89485.html,2026-09-16T09:59:25+07:00
DH-SD2A300NB-GNY-A-PV,Camera IP 3MP DAHUA DH-SD2A300NB-GNY-A-PV,contact,,,https://www.sieuthivienthong.com/camera-ip-30mp-dahua-dh-sd2a300nb-gny-a-pv-85812.html,2026-09-16T09:59:25+07:00
DH-IPC-HFW1230M-A,Camera IP 2MP DAHUA DH-IPC-HFW1230M-A,contact,,,https://www.sieuthivienthong.com/camera-ip-20mp-dahua-dh-ipc-hfw1230m-a-85735.html,2026-09-16T09:59:25+07:00
DH-IPC-HDBW2449E-S-IL,Camera IP 4MP DAHUA DH-IPC-HDBW2449E-S-IL,priced,1540000,1660000,https://www.sieuthivienthong.com/camera-ip-4mp-dahua-dh-ipc-hdbw2449e-s-il-89285.html,2026-09-16T09:59:25+07:00
DH-IPC-HDW1439V-A-IL-VN,Camera IP 4MP DAHUA DH-IPC-HDW1439V-A-IL-VN,priced,1120000,1210000,https://www.sieuthivienthong.com/camera-ip-40mp-dahua-dh-ipc-hdw1439v-a-il-vn-89375.html,2026-09-16T09:59:25+07:00
DH-IPC-HDW2449T-S-PRO,Camera IP 4MP DAHUA DH-IPC-HDW2449T-S-PRO,contact,,,https://www.sieuthivienthong.com/camera-ip-40mp-dahua-dh-ipc-hdw2449t-s-pro-87965.html,2026-09-16T09:59:25+07:00
DH-IPC-HFW2449S-S-IL,Camera IP 4MP DAHUA DH-IPC-HFW2449S-S-IL,priced,1850000,2000000,https://www.sieuthivienthong.com/camera-ip-40mp-dahua-dh-ipc-hfw2449s-s-il-66350.html,2026-09-16T09:59:25+07:00
DH-H2AE,Camera IP PT Wifi 2MP DAHUA DH-H2AE,contact,,,https://www.sieuthivienthong.com/camera-ip-pt-wifi-20mp-dahua-dh-h2ae-82855.html,2026-09-16T09:59:25+07:00
DH-IPC-HFW1439TL1-PV,Camera IP 4MP DAHUA DH-IPC-HFW1439TL1-PV,priced,1410000,1520000,https://www.sieuthivienthong.com/camera-ip-40mp-dahua-dh-ipc-hfw1439tl1-pv-89366.html,2026-09-16T09:59:25+07:00
DH-IPC-HDW1439V-PV,Camera IP 4MP DAHUA DH-IPC-HDW1439V-PV,priced,1385000,1500000,https://www.sieuthivienthong.com/camera-ip-40mp-dahua-dh-ipc-hdw1439v-pv-89367.html,2026-09-16T09:59:25+07:00
DH-IPC-HDW1239V-A-IL,Camera IP 2MP DAHUA DH-IPC-HDW1239V-A-IL,priced,935000,1010000,https://www.sieuthivienthong.com/camera-ip-20mp-dahua-dh-ipc-hdw1239v-a-il-87236.html,2026-09-16T09:59:25+07:00
DH-P5B-PV,Camera IP PT WiFi 5MP DAHUA DH-P5B-PV,priced,920000,990000,https://www.sieuthivienthong.com/camera-ip-pt-wifi-50mp-dahua-dh-p5b-pv-87541.html,2026-09-16T09:59:25+07:00
DH-SD49225DB-HNY,Camera IP 2MP DAHUA DH-SD49225DB-HNY,contact,,,https://www.sieuthivienthong.com/camera-ip-20mp-dahua-dh-sd49225db-hny-72755.html,2026-09-16T09:59:25+07:00
DH-IPC-HFW1439MP-A-IL,Camera IP 4MP DAHUA DH-IPC-HFW1439MP-A-IL,priced,1380000,1490000,https://www.sieuthivienthong.com/camera-ip-40mp-dahua-dh-ipc-hfw1439mp-a-il-89374.html,2026-09-16T09:59:25+07:00
DH-SD49216DB-HNY,Camera IP 2MP DAHUA DH-SD49216DB-HNY,contact,,,https://www.sieuthivienthong.com/camera-ip-20mp-dahua-dh-sd49216db-hny-68437.html,2026-09-16T09:59:25+07:00
DH-IPC-HFW1539DTK1-SW-PV,Camera IP WiFi 5MP Dahua DH-IPC-HFW1539DTK1-SW-PV,contact,,,https://www.sieuthivienthong.com/camera-ip-wifi-50mp-dahua-dh-ipc-hfw1539dtk1-sw-pv-89289.html,2026-09-16T09:59:25+07:00
DH-SD4D425MB-HNR,Camera IP 4MP DAHUA DH-SD4D425MB-HNR,contact,,,https://www.sieuthivienthong.com/camera-ip-4mp-dahua-dh-sd4d425mb-hnr-90457.html,2026-09-16T09:59:25+07:00
DH-IPC-HFW1230TL2-A-VN,Camera IP 2MP DAHUA DH-IPC-HFW1230TL2-A-VN,not_found,,,,2026-09-16T09:59:25+07:00
DH-IPC-HDBW1439E1-A-IL,Camera IP 4MP DAHUA DH-IPC-HDBW1439E1-A-IL,priced,1175000,1270000,https://www.sieuthivienthong.com/camera-ip-4mp-dahua-dh-ipc-hdbw1439e1-a-il-90354.html,2026-09-16T09:59:25+07:00
DH-SD3E405DB-GNY-A-PV1,Camera IP 4MP DAHUA DH-SD3E405DB-GNY-A-PV1,contact,,,https://www.sieuthivienthong.com/camera-ip-40mp-dahua-dh-sd3e405db-gny-a-pv1-78230.html,2026-09-16T09:59:25+07:00
DH-IPC-HFW2249T-AS-IL,Camera IP 2MP DAHUA DH-IPC-HFW2249T-AS-IL,contact,,,https://www.sieuthivienthong.com/camera-ip-20mp-dahua-dh-ipc-hfw2249t-as-il-75231.html,2026-09-16T09:59:25+07:00
DH-IPC-HFW1439TL1-A-IL,Camera IP 4MP DAHUA DH-IPC-HFW1439TL1-A-IL,contact,,,https://www.sieuthivienthong.com/camera-ip-40mp-dahua-dh-ipc-hfw1439tl1-a-il-89372.html,2026-09-16T09:59:25+07:00
DH-H4AE,Camera IP PT WiFi 4MP DAHUA DH-H4AE,priced,475000,510000,https://www.sieuthivienthong.com/camera-ip-pt-wifi-40mp-dahua-dh-h4ae-82857.html,2026-09-16T09:59:25+07:00
DH-IPC-HFW2441S-S,Camera IP 4MP DAHUA DH-IPC-HFW2441S-S,contact,,,https://www.sieuthivienthong.com/camera-ip-40mp-dahua-dh-ipc-hfw2441s-s-66359.html,2026-09-16T09:59:25+07:00
DH-IPC-HFW1339DTK2-SAW-IL,Camera IP Wifi 3MP DAHUA DH-IPC-HFW1339DTK2-SAW-IL,contact,,,https://www.sieuthivienthong.com/camera-ip-wifi-30mp-dahua-dh-ipc-hfw1339dtk2-saw-il-90144.html,2026-09-16T09:59:25+07:00
DH-SD49425GB-HNR,Camera IP 4MP DAHUA DH-SD49425GB-HNR,contact,,,https://www.sieuthivienthong.com/camera-ip-40mp-dahua-dh-sd49425gb-hnr-74017.html,2026-09-16T09:59:25+07:00
DH-P5AS-PV,Camera IP WiFi 5MP DAHUA DH-P5AS-PV,contact,,,https://www.sieuthivienthong.com/camera-ip-wifi-50mp-dahua-dh-p5as-pv-89640.html,2026-09-16T09:59:25+07:00
DH-IPC-HFW1339DTK1-SW-PV,Camera IP WiFi 3MP DAHUA DH-IPC-HFW1339DTK1-SW-PV,priced,905000,980000,https://www.sieuthivienthong.com/camera-ip-wifi-30mp-dahua-dh-ipc-hfw1339dtk1-sw-pv-89286.html,2026-09-16T09:59:25+07:00
DH-H5AE,Camera IP PT WiFi 5MP DAHUA DH-H5AE,priced,495000,530000,https://www.sieuthivienthong.com/camera-ip-pt-wifi-50mp-dahua-dh-h5ae-85800.html,2026-09-16T09:59:25+07:00
DH-IPC-HFW1431M-A,Camera IP 4MP DAHUA DH-IPC-HFW1431M-A,contact,,,https://www.sieuthivienthong.com/camera-ip-40mp-dahua-dh-ipc-hfw1431m-a-89369.html,2026-09-16T09:59:25+07:00
DH-P3B-PV,Camera IP PT Wifi 3MP DAHUA DH-P3B-PV,contact,,,https://www.sieuthivienthong.com/camera-ip-pt-wifi-30mp-dahua-dh-p3b-pv-87540.html,2026-09-16T09:59:25+07:00
DH-IPC-HDW1539DA-SW-PV,Camera IP WiFi 5MP DAHUA DH-IPC-HDW1539DA-SW-PV,contact,,,https://www.sieuthivienthong.com/camera-ip-wifi-50mp-dahua-dh-ipc-hdw1539da-sw-pv-89642.html,2026-09-16T09:59:25+07:00
DH-IPC-HFW1239TL1-PV,Camera IP 2MP DAHUA DH-IPC-HFW1239TL1-PV,priced,1075000,1160000,https://www.sieuthivienthong.com/camera-ip-20mp-dahua-dh-ipc-hfw1239tl1-pv-89363.html,2026-09-16T09:59:25+07:00
DH-IPC-HDW1339DA-SAW-IL,Camera IP Wifi 3MP DAHUA DH-IPC-HDW1339DA-SAW-IL,priced,670000,720000,https://www.sieuthivienthong.com/camera-ip-wifi-30mp-dahua-dh-ipc-hdw1339da-saw-il-90140.html,2026-09-16T09:59:25+07:00
DH-IPC-HDW1339DA-SW-PV,Camera IP Wifi 3MP DAHUA DH-IPC-HDW1339DA-SW-PV,contact,,,https://www.sieuthivienthong.com/camera-ip-wifi-30mp-dahua-dh-ipc-hdw1339da-sw-pv-89641.html,2026-09-16T09:59:25+07:00
DH-IPC-HFW2249M-AS-LED-B,Camera IP 2MP DAHUA DH-IPC-HFW2249M-AS-LED-B,priced,1645000,1780000,https://www.sieuthivienthong.com/camera-ip-20mp-dahua-dh-ipc-hfw2249m-as-led-b-80209.html,2026-09-16T09:59:25+07:00
DH-IPC-HDBW1239E1-A-IL,Camera IP 2MP DAHUA DH-IPC-HDBW1239E1-A-IL,priced,760000,820000,https://www.sieuthivienthong.com/camera-ip-2mp-dahua-dh-ipc-hdbw1239e1-a-il-90449.html,2026-09-16T09:59:25+07:00
DH-IPC-HDW2849TM-S-IL,Camera IP 8MP DAHUA DH-IPC-HDW2849TM-S-IL,priced,2485000,2680000,https://www.sieuthivienthong.com/camera-ip-dome-smart-dual-light-8.0-megapixel-dahua-dh-ipc-hdw2849tm-s-il-89484.html,2026-09-16T09:59:25+07:00
DH-IPC-HFW2841T-ZS,Camera IP 8MP DAHUA DH-IPC-HFW2841T-ZS,contact,,,https://www.sieuthivienthong.com/camera-ip-80mp-dahua-dh-ipc-hfw2841t-zs-83489.html,2026-09-16T09:59:25+07:00
DH-IPC-HDW2441T-ZS,Camera IP 4MP DAHUA DH-IPC-HDW2441T-ZS,contact,,,https://www.sieuthivienthong.com/camera-ip-40mp-dahua-dh-ipc-hdw2441t-zs-87543.html,2026-09-16T09:59:25+07:00
DH-IPC-HDW1230DT-STW,Camera IP WiFi 2MP DAHUA DH-IPC-HDW1230DT-STW,contact,,,https://www.sieuthivienthong.com/camera-ip-wifi-20mp-dahua-dh-ipc-hdw1230dt-stw-62523.html,2026-09-16T09:59:25+07:00
DH-IPC-HDBW2249E-S-IL,Camera IP 2MP DAHUA DH-IPC-HDBW2249E-S-IL,contact,,,https://www.sieuthivienthong.com/camera-ip-20mp-dahua-dh-ipc-hdbw2249e-s-il-89283.html,2026-09-16T09:59:25+07:00
DH-IPC-HFW1431TC1-A,Camera IP 4MP DAHUA DH-IPC-HFW1431TC1-A,contact,,,https://www.sieuthivienthong.com/camera-ip-40mp-dahua-dh-ipc-hfw1431tc1-a-85808.html,2026-09-16T09:59:25+07:00
DH-IPC-HDW2449T-S-LED,Camera IP 4MP DAHUA DH-IPC-HDW2449T-S-LED,priced,1720000,1860000,https://www.sieuthivienthong.com/camera-ip-40mp-dahua-dh-ipc-hdw2449t-s-led-80212.html,2026-09-16T09:59:25+07:00
DH-P5D-5F-PV,Camera IP PT Wifi 5MP+5MP DAHUA DH-P5D-5F-PV,contact,,,https://www.sieuthivienthong.com/camera-ip-pt-wifi-5mp5mp-dahua-dh-p5d-5f-pv-89241.html,2026-09-16T09:59:25+07:00
DH-IPC-HFW2541T-ZAS,Camera IP 5MP DAHUA DH-IPC-HFW2541T-ZAS,contact,,,https://www.sieuthivienthong.com/camera-ip-50mp-dahua-dh-ipc-hfw2541t-zas-89643.html,2026-09-16T09:59:25+07:00
DH-IPC-HDW1239V-PV,Camera IP 2MP DAHUA DH-IPC-HDW1239V-PV,priced,1110000,1200000,https://www.sieuthivienthong.com/camera-ip-20mp-dahua-dh-ipc-hdw1239v-pv-89364.html,2026-09-16T09:59:25+07:00
DH-IPC-HFW2441T-AS,Camera IP 4MP DAHUA DH-IPC-HFW2441T-AS,contact,,,https://www.sieuthivienthong.com/camera-ip-40mp-dahua-dh-ipc-hfw2441t-as-75226.html,2026-09-16T09:59:25+07:00
DH-P3AS-PV,Camera IP Wifi 3MP DAHUA DH-P3AS-PV,priced,875000,950000,https://www.sieuthivienthong.com/camera-ip-wifi-30mp-dahua-dh-p3as-pv-89638.html,2026-09-16T09:59:25+07:00
DH-IPC-PTS2249B-E2-S-PV-PRO,Camera IP 2+2MP DAHUA DH-IPC-PTS2249B-E2-S-PV-PRO,priced,2175000,2350000,https://www.sieuthivienthong.com/camera-ip-22mp-dahua-dh-ipc-pts2249b-e2-s-pv-pro-90384.html,2026-09-16T09:59:25+07:00
DH-IPC-HFW1230TC1-A,Camera IP 2MP DAHUA DH-IPC-HFW1230TC1-A,contact,,,https://www.sieuthivienthong.com/camera-ip-20mp-dahua-dh-ipc-hfw1230tc1-a-85804.html,2026-09-16T09:59:25+07:00
DH-IPC-HFW1239TC1-A-LED,Camera IP 2MP DAHUA DH-IPC-HFW1239TC1-A-LED,contact,,,https://www.sieuthivienthong.com/camera-ip-20mp-dahua-dh-ipc-hfw1239tc1-a-led-85805.html,2026-09-16T09:59:25+07:00
DH-IPC-HDW1539DA-SAW-IL,Camera IP Wifi 5MP DAHUA DH-IPC-HDW1539DA-SAW-IL,priced,748000,810000,https://www.sieuthivienthong.com/camera-ip-wifi-50mp-dahua-dh-ipc-hdw1539da-saw-il-90142.html,2026-09-16T09:59:25+07:00
DH-IPC-HDW1230T2-S5-VN,Camera IP 2MP DAHUA DH-IPC-HDW1230T2-S5-VN,contact,,,https://www.sieuthivienthong.com/camera-ip-20mp-dahua-dh-ipc-hdw1230t2-s5-vn-87957.html,2026-09-16T09:59:25+07:00
DH-IPC-HDW2241T-ZS,Camera IP 2MP DAHUA DH-IPC-HDW2241T-ZS,contact,,,https://www.sieuthivienthong.com/camera-ip-20mp-dahua-dh-ipc-hdw2241t-zs-83742.html,2026-09-16T09:59:25+07:00
DH-IPC-HFW1230TC-A,Camera IP 2MP DAHUA DH-IPC-HFW1230TC-A,contact,,,https://www.sieuthivienthong.com/camera-ip-20mp-dahua-dh-ipc-hfw1230tc-a-85803.html,2026-09-16T09:59:25+07:00
DH-IPC-T1E29-A-IL-VN,Camera IP 2MP DAHUA DH-IPC-T1E29-A-IL-VN,priced,715000,770000,https://www.sieuthivienthong.com/camera-ip-20mp-dahua-dh-ipc-t1e29-a-il-vn-89359.html,2026-09-16T09:59:25+07:00
DH-IPC-HFW1230DS-SAW,Camera IP Wifi 2MP DAHUA DH-IPC-HFW1230DS-SAW,priced,640000,690000,https://www.sieuthivienthong.com/camera-ip-wifi-20mp-dahua-dh-ipc-hfw1230ds-saw-72750.html,2026-09-16T09:59:25+07:00
IPC-HDW2431TP-AS-S2,Camera IP 4MP DAHUA IPC-HDW2431TP-AS-S2,contact,,,https://www.sieuthivienthong.com/camera-ip-40mp-dahua-ipc-hdw2431tp-as-s2-36834.html,2026-09-16T09:59:25+07:00
DH-IPC-HFW3449E-AS-IL,Camera IP 4MP DAHUA DH-IPC-HFW3449E-AS-IL,contact,,,https://www.sieuthivienthong.com/camera-ip-40mp-dahua-dh-ipc-hfw3449e-as-il-89504.html,2026-09-16T09:59:25+07:00
DH-IPC-HDW1430DT-STW,Camera IP Wifi 4MP DAHUA DH-IPC-HDW1430DT-STW,contact,,,https://www.sieuthivienthong.com/camera-ip-wifi-40mp-dahua-dh-ipc-hdw1430dt-stw-62526.html,2026-09-16T09:59:25+07:00
DH-IPC-HFW2241T-AS,Camera IP 2MP DAHUA DH-IPC-HFW2241T-AS,contact,,,https://www.sieuthivienthong.com/camera-ip-20mp-dahua-dh-ipc-hfw2241t-as-75222.html,2026-09-16T09:59:25+07:00
DH-IPC-HFW1431M-A-VN,Camera IP 4MP DAHUA DH-IPC-HFW1431M-A-VN,contact,,,https://www.sieuthivienthong.com/camera-ip-40mp-dahua-dh-ipc-hfw1431m-a-vn-89370.html,2026-09-16T09:59:25+07:00
DH-P3D-3F-PV,Camera IP PT Wifi 3MP+3MP DAHUA DH-P3D-3F-PV,contact,,,https://www.sieuthivienthong.com/camera-ip-pt-wifi-3mp3mp-dahua-dh-p3d-3f-pv-89239.html,2026-09-16T09:59:25+07:00
DH-P8F-PV,Camera IP 8MP DAHUA DH-P8F-PV,contact,,,https://www.sieuthivienthong.com/camera-ip-8mp-dahua-dh-p8f-pv-90353.html,2026-09-16T09:59:25+07:00
DH-IPC-HFW2449S-S-LED,Camera IP 4MP DAHUA DH-IPC-HFW2449S-S-LED,priced,1730000,1870000,https://www.sieuthivienthong.com/camera-ip-40mp-dahua-dh-ipc-hfw2449s-s-led-80210.html,2026-09-16T09:59:25+07:00
DH-P5AE-PV-4G,Camera IP 4G 5MP DAHUA DH-P5AE-PV-4G,priced,1110000,1200000,https://www.sieuthivienthong.com/camera-ip-4g-50mp-dahua-dh-p5ae-pv-4g-89712.html,2026-09-16T09:59:25+07:00
DH-H5AE-VN,Camera IP PT Wifi 5MP DAHUA DH-H5AE-VN,priced,495000,530000,https://www.sieuthivienthong.com/camera-ip-pt-wifi-50mp-dahua-dh-h5ae-vn-89345.html,2026-09-16T09:59:25+07:00
DH-IPC-HDW1431T1-A,Camera IP 4MP DAHUA DH-IPC-HDW1431T1-A,contact,,,https://www.sieuthivienthong.com/camera-ip-40mp-dahua-dh-ipc-hdw1431t1-a-85809.html,2026-09-16T09:59:25+07:00
DH-IPC-HFW2249S-S-LED,Camera IP 2MP DAHUA DH-IPC-HFW2249S-S-LED,contact,,,https://www.sieuthivienthong.com/camera-ip-20mp-dahua-dh-ipc-hfw2249s-s-led-80207.html,2026-09-16T09:59:25+07:00
DH-IPC-HFW2841T-AS,Camera IP 8MP DAHUA DH-IPC-HFW2841T-AS,contact,,,https://www.sieuthivienthong.com/camera-ip-80mp-dahua-dh-ipc-hfw2841t-as-82893.html,2026-09-16T09:59:25+07:00
DH-SD4D225MB-HNR,Camera IP 2MP DAHUA DH-SD4D225MB-HNR,contact,,,https://www.sieuthivienthong.com/camera-ip-2mp-dahua-dh-sd4d225mb-hnr-90459.html,2026-09-16T09:59:25+07:00
DH-IPC-HFW2249TL-S-PV,Camera IP 2MP DAHUA DH-IPC-HFW2249TL-S-PV,contact,,,https://www.sieuthivienthong.com/camera-ip-20mp-dahua-dh-ipc-hfw2249tl-s-pv-89486.html,2026-09-16T09:59:25+07:00
DH-IPC-HFW2241S-S,Camera IP 2MP DAHUA DH-IPC-HFW2241S-S,contact,,,https://www.sieuthivienthong.com/camera-ip-20mp-dahua-dh-ipc-hfw2241s-s-66356.html,2026-09-16T09:59:25+07:00
DH-IPC-HFW2449TL-S-PV,Camera IP 4MP DAHUA DH-IPC-HFW2449TL-S-PV,priced,1920000,2070000,https://www.sieuthivienthong.com/camera-ip-40mp-dahua-dh-ipc-hfw2449tl-s-pv-89487.html,2026-09-16T09:59:25+07:00
DH-T2A-LED,Camera IP Wifi 2MP DAHUA DH-T2A-LED,priced,590000,640000,https://www.sieuthivienthong.com/camera-ip-wifi-20mp-dahua-dh-t2a-led-82877.html,2026-09-16T09:59:25+07:00
DH-IPC-HFW1430DT-STW,Camera IP Wifi 4MP DAHUA DH-IPC-HFW1430DT-STW,contact,,,https://www.sieuthivienthong.com/camera-ip-wifi-40mp-dahua-dh-ipc-hfw1430dt-stw-62518.html,2026-09-16T09:59:25+07:00
DH-SD5A225GB-HNR,Camera IP 2MP DAHUA DH-SD5A225GB-HNR,contact,,,https://www.sieuthivienthong.com/camera-ip-20mp-dahua-dh-sd5a225gb-hnr-71248.html,2026-09-16T09:59:25+07:00
DH-IPC-HFW7842H-Z-X,Camera IP 8MP DAHUA DH-IPC-HFW7842H-Z-X,contact,,,https://www.sieuthivienthong.com/camera-ip-80mp-dahua-dh-ipc-hfw7842h-z-x-89709.html,2026-09-16T09:59:25+07:00
DH-IPC-HDW1230SP-S5-VN,Camera IP 2MP DAHUA DH-IPC-HDW1230SP-S5-VN,priced,645000,700000,https://www.sieuthivienthong.com/camera-ip-20mp-dahua-dh-ipc-hdw1230sp-s5-vn-73949.html,2026-09-16T09:59:25+07:00
DH-P3AE-PV-4G,Camera IP 4G 3MP DAHUA DH-P3AE-PV-4G,priced,1015000,1100000,https://www.sieuthivienthong.com/camera-ip-4g-30mp-dahua-dh-p3ae-pv-4g-89711.html,2026-09-16T09:59:25+07:00
DH-IPC-HFW3241E-AS-S2,Camera IP 2MP DAHUA DH-IPC-HFW3241E-AS-S2,contact,,,https://www.sieuthivienthong.com/camera-ip-20mp-dahua-dh-ipc-hfw3241e-as-s2-87985.html,2026-09-16T09:59:25+07:00
DH-IPC-HDW2249T-S-LED,Camera IP 2MP DAHUA DH-IPC-HDW2249T-S-LED,priced,1410000,1520000,https://www.sieuthivienthong.com/camera-ip-20mp-dahua-dh-ipc-hdw2249t-s-led-80208.html,2026-09-16T09:59:25+07:00
DH-IPC-HFW1431TC-A,Camera IP 4MP DAHUA DH-IPC-HFW1431TC-A,contact,,,https://www.sieuthivienthong.com/camera-ip-40mp-dahua-dh-ipc-hfw1431tc-a-85807.html,2026-09-16T09:59:25+07:00
DH-IPC-HDW2249T-S-IL,Camera IP 2MP DAHUA DH-IPC-HDW2249T-S-IL,contact,,,https://www.sieuthivienthong.com/camera-ip-20mp-dahua-dh-ipc-hdw2249t-s-il-66351.html,2026-09-16T09:59:25+07:00
DH-SD4A216DB-HNY,Camera IP 2MP DAHUA DH-SD4A216DB-HNY,contact,,,https://www.sieuthivienthong.com/camera-ip-20mp-dahua-dh-sd4a216db-hny-80216.html,2026-09-16T09:59:25+07:00
DH-IPC-HDW1430T1-A-S5,Camera IP 4MP DAHUA DH-IPC-HDW1430T1-A-S5,priced,946200,1020000,https://www.sieuthivienthong.com/camera-ip-40mp-dahua-dh-ipc-hdw1430t1-a-s5-78213.html,2026-09-16T09:59:25+07:00
DH-P5AE-PV,Camera IP PT Wifi 5MP DAHUA DH-P5AE-PV,contact,,,https://www.sieuthivienthong.com/camera-ip-pt-wifi-50mp-dahua-dh-p5ae-pv-85802.html,2026-09-16T09:59:25+07:00
DHI-NVR4232-4KS3,Đầu ghi hình camera IP 32 kênh DAHUA DHI-NVR4232-4KS3,priced,4080000,4410000,https://www.sieuthivienthong.com/dau-ghi-hinh-camera-ip-32-kenh-dahua-dhi-nvr4232-4ks3-82909.html,2026-09-16T09:59:25+07:00
DHI-NVR4116HS-4KS3,Đầu ghi hình camera IP 16 kênh DAHUA DHI-NVR4116HS-4KS3,contact,,,https://www.sieuthivienthong.com/dau-ghi-hinh-camera-ip-16-kenh-dahua-dhi-nvr4116hs-4ks3-82902.html,2026-09-16T09:59:25+07:00
DHI-NVR1108HS-S3/H,Đầu ghi hình camera IP 8 kênh DAHUA DHI-NVR1108HS-S3/H,priced,1145000,1240000,https://www.sieuthivienthong.com/dau-ghi-hinh-camera-ip-8-kenh-dahua-dhi-nvr1108hs-s3h-48655.html,2026-09-16T09:59:25+07:00
DHI-NVR4108HS-4KS3-VN,Đầu ghi hình IP 8 kênh DAHUA DHI-NVR4108HS-4KS3-VN,priced,1980000,2140000,https://www.sieuthivienthong.com/dau-ghi-hinh-ip-8-kenh-dahua-dhi-nvr4108hs-4ks3-vn-87991.html,2026-09-16T09:59:25+07:00
DHI-NVR1104HS-S3/H-VN,Đầu ghi hình camera IP 4 kênh DAHUA DHI-NVR1104HS-S3/H-VN,priced,710000,770000,https://www.sieuthivienthong.com/dau-ghi-hinh-camera-ip-4-kenh-dahua-dhi-nvr1104hs-s3-h-vn-73971.html,2026-09-16T09:59:25+07:00
DHI-NVR2108HS-4KS3,Đầu ghi hình camera IP 8 kênh DAHUA DHI-NVR2108HS-4KS3,priced,1940000,2100000,https://www.sieuthivienthong.com/dau-ghi-hinh-camera-ip-8-kenh-dahua-dhi-nvr2108hs-4ks3-84183.html,2026-09-16T09:59:25+07:00
DHI-NVR4108HS-4KS3,Đầu ghi hình camera IP 8 kênh DAHUA DHI-NVR4108HS-4KS3,contact,,,https://www.sieuthivienthong.com/dau-ghi-hinh-camera-ip-8-kenh-dahua-dhi-nvr4108hs-4ks3-82901.html,2026-09-16T09:59:25+07:00
DHI-NVR5232-EI,Đầu ghi hình camera IP 32 kênh DAHUA DHI-NVR5232-EI,contact,,,https://www.sieuthivienthong.com/dau-ghi-hinh-camera-ip-32-kenh-dahua-dhi-nvr5232-ei-72424.html,2026-09-16T09:59:25+07:00
DHI-NVR5464-EI,Đầu ghi hình camera IP 64 kênh DAHUA DHI-NVR5464-EI,contact,,,https://www.sieuthivienthong.com/dau-ghi-hinh-camera-ip-64-kenh-dahua-dhi-nvr5464-ei-72431.html,2026-09-16T09:59:25+07:00
DHI-NVR2116HS-4KS3,Đầu ghi hình camera IP 16 kênh DAHUA DHI-NVR2116HS-4KS3,contact,,,https://www.sieuthivienthong.com/dau-ghi-hinh-camera-ip-16-kenh-dahua-dhi-nvr2116hs-4ks3-84184.html,2026-09-16T09:59:25+07:00
DHI-NVR4104HS-4KS3,Đầu ghi hình camera IP 4 kênh DAHUA DHI-NVR4104HS-4KS3,contact,,,https://www.sieuthivienthong.com/dau-ghi-hinh-camera-ip-4-kenh-dahua-dhi-nvr4104hs-4ks3-82899.html,2026-09-16T09:59:25+07:00
DHI-NVR4216-4KS3,Đầu ghi hình camera IP 16 kênh DAHUA DHI-NVR4216-4KS3,priced,3610000,3900000,https://www.sieuthivienthong.com/dau-ghi-hinh-camera-ip-16-kenh-dahua-dhi-nvr4216-4ks3-82908.html,2026-09-16T09:59:25+07:00
DHI-NVR5216-EI,Đầu ghi hình camera IP 16 kênh DAHUA DHI-NVR5216-EI,contact,,,https://www.sieuthivienthong.com/dau-ghi-hinh-camera-ip-16-kenh-dahua-dhi-nvr5216-ei-72422.html,2026-09-16T09:59:25+07:00
DHI-NVR5208-EI,Đầu ghi hình camera IP 8 kênh DAHUA DHI-NVR5208-EI,contact,,,https://www.sieuthivienthong.com/dau-ghi-hinh-camera-ip-8-kenh-dahua-dhi-nvr5208-ei-72419.html,2026-09-16T09:59:25+07:00
DHI-NVR4116HS-4KS3-VN,Đầu ghi hình IP 16 kênh DAHUA DHI-NVR4116HS-4KS3-VN,priced,3050000,3290000,https://www.sieuthivienthong.com/dau-ghi-hinh-ip-16-kenh-dahua-dhi-nvr4116hs-4ks3-vn-87994.html,2026-09-16T09:59:25+07:00
DHI-NVR5432-EI,Đầu ghi hình camera IP 32 kênh DAHUA DHI-NVR5432-EI,contact,,,https://www.sieuthivienthong.com/dau-ghi-hinh-camera-ip-32-kenh-dahua-dhi-nvr5432-ei-72429.html,2026-09-16T09:59:25+07:00
DHI-NVR1104HS-S3/H,Đầu ghi hình camera IP 4 kênh DAHUA DHI-NVR1104HS-S3/H,priced,710000,770000,https://www.sieuthivienthong.com/dau-ghi-hinh-camera-ip-4-kenh-dahua-dhi-nvr1104hs-s3h-50184.html,2026-09-16T09:59:25+07:00
DHI-NVR4432-4KS3,Đầu ghi hình camera IP 32 kênh DAHUA DHI-NVR4432-4KS3,priced,7680000,8290000,https://www.sieuthivienthong.com/dau-ghi-hinh-camera-ip-32-kenh-dahua-dhi-nvr4432-4ks3-89567.html,2026-09-16T09:59:25+07:00
DHI-NVR4208-4KS3,Đầu ghi hình camera IP 8 kênh DAHUA DHI-NVR4208-4KS3,priced,3340000,3610000,https://www.sieuthivienthong.com/dau-ghi-hinh-camera-ip-8-kenh-dahua-dhi-nvr4208-4ks3-82906.html,2026-09-16T09:59:25+07:00
DHI-NVR5832-EI,Đầu ghi hình camera IP 32 kênh DAHUA DHI-NVR5832-EI,priced,17550000,18950000,https://www.sieuthivienthong.com/dau-ghi-hinh-camera-ip-32-kenh-dahua-dhi-nvr5832-ei-72439.html,2026-09-16T09:59:25+07:00
DHI-NVR1108HS-S3/H-VN,Đầu ghi hình camera IP 8 kênh DAHUA DHI-NVR1108HS-S3/H-VN,priced,1145000,1240000,https://www.sieuthivienthong.com/dau-ghi-hinh-camera-ip-8-kenh-dahua-dhi-nvr1108hs-s3-h-vn-73972.html,2026-09-16T09:59:25+07:00
DHI-NVR616H-64-XI,Đầu ghi hình camera IP 64 kênh DAHUA DHI-NVR616H-64-XI,contact,,,https://www.sieuthivienthong.com/dau-ghi-hinh-camera-ip-64-kenh-dahua-dhi-nvr616h-64-xi-90439.html,2026-09-16T09:59:25+07:00
DHI-NVR1108HS-W-S2-FCC,Đầu ghi hình IP 8 kênh DAHUA DHI-NVR1108HS-W-S2-FCC,contact,,,https://www.sieuthivienthong.com/dau-ghi-hinh-ip-8-kenh-dahua-dhi-nvr1108hs-w-s2-fcc-73944.html,2026-09-16T09:59:25+07:00
DHI-NVR5864-EI,Đầu ghi hình camera IP 64 kênh DAHUA DHI-NVR5864-EI,contact,,,https://www.sieuthivienthong.com/dau-ghi-hinh-camera-ip-64-kenh-dahua-dhi-nvr5864-ei-72440.html,2026-09-16T09:59:25+07:00
DHI-NVR2104HS-4KS3,Đầu ghi hình camera IP 4 kênh DAHUA DHI-NVR2104HS-4KS3,contact,,,https://www.sieuthivienthong.com/dau-ghi-hinh-camera-ip-4-kenh-dahua-dhi-nvr2104hs-4ks3-84182.html,2026-09-16T09:59:25+07:00
DHI-NVR616H-128-XI,Đầu ghi hình camera IP 128 kênh DAHUA DHI-NVR616H-128-XI,contact,,,https://www.sieuthivienthong.com/dau-ghi-hinh-camera-ip-128-kenh-dahua-dhi-nvr616h-128-xi-90440.html,2026-09-16T09:59:25+07:00
DHI-NVR5416-EI,Đầu ghi hình camera IP 16 kênh DAHUA DHI-NVR5416-EI,contact,,,https://www.sieuthivienthong.com/dau-ghi-hinh-camera-ip-16-kenh-dahua-dhi-nvr5416-ei-72426.html,2026-09-16T09:59:25+07:00
DHI-NVR5064-EI,Đầu ghi hình camera IP 64 kênh DAHUA DHI-NVR5064-EI,contact,,,https://www.sieuthivienthong.com/dau-ghi-hinh-camera-ip-64-kenh-dahua-dhi-nvr5064-ei-90388.html,2026-09-16T09:59:25+07:00
DHI-NVR4216-EI,Đầu ghi hình camera IP 16 kênh DAHUA DHI-NVR4216-EI,contact,,,https://www.sieuthivienthong.com/dau-ghi-hinh-camera-ip-16-kenh-dahua-dhi-nvr4216-ei-80219.html,2026-09-16T09:59:25+07:00
DHI-NVR5032-EI,Đầu ghi hình camera IP 32 kênh DAHUA DHI-NVR5032-EI,contact,,,https://www.sieuthivienthong.com/dau-ghi-hinh-camera-ip-32-kenh-dahua-dhi-nvr5032-ei-90387.html,2026-09-16T09:59:25+07:00
DHI-NVR5816-EI,Đầu ghi hình camera IP 16 kênh DAHUA DHI-NVR5816-EI,contact,,,https://www.sieuthivienthong.com/dau-ghi-hinh-camera-ip-16-kenh-dahua-dhi-nvr5816-ei-72435.html,2026-09-16T09:59:25+07:00
DHI-NVR4208-EI,Đầu ghi hình camera IP 8 kênh DAHUA DHI-NVR4208-EI,priced,3780000,4080000,https://www.sieuthivienthong.com/dau-ghi-hinh-camera-ip-8-kenh-dahua-dhi-nvr4208-ei-80218.html,2026-09-16T09:59:25+07:00
DHI-NVR4108HS-EI,Đầu ghi hình camera IP 8 kênh DAHUA DHI-NVR4108HS-EI,contact,,,https://www.sieuthivienthong.com/dau-ghi-hinh-camera-ip-8-kenh-dahua-dhi-nvr4108hs-ei-89644.html,2026-09-16T09:59:25+07:00
DHI-NVR4208-4KS2/L,Đầu ghi hình camera IP 8 kênh DAHUA DHI-NVR4208-4KS2/L,contact,,,https://www.sieuthivienthong.com/dau-ghi-hinh-camera-ip-8-kenh-dahua-dhi-nvr4208-4ks2l-43427.html,2026-09-16T09:59:25+07:00
DHI-NVR2108HS-8P-4KS3,Đầu ghi hình IP 8 kênh DAHUA DHI-NVR2108HS-8P-4KS3,contact,,,https://www.sieuthivienthong.com/dau-ghi-hinh-ip-8-kenh-dahua-dhi-nvr2108hs-8p-4ks3-84187.html,2026-09-16T09:59:25+07:00
DHI-NVR1104HS-W-S2-FCC,Đầu ghi hình IP 4 kênh DAHUA DHI-NVR1104HS-W-S2-FCC,contact,,,https://www.sieuthivienthong.com/dau-ghi-hinh-ip-4-kenh-dahua-dhi-nvr1104hs-w-s2-fcc-73943.html,2026-09-16T09:59:25+07:00
NVR1104HS-W-S2,Đầu ghi hình camera IP Wifi 4 kênh DAHUA NVR1104HS-W-S2,contact,,,https://www.sieuthivienthong.com/dau-ghi-hinh-camera-ip-wifi-4-kenh-dahua-nvr1104hs-w-s2-62447.html,2026-09-16T09:59:25+07:00
DHI-NVR2104HS-P-4KS3,Đầu ghi hình IP 4 kênh DAHUA DHI-NVR2104HS-P-4KS3,contact,,,https://www.sieuthivienthong.com/dau-ghi-hinh-ip-4-kenh-dahua-dhi-nvr2104hs-p-4ks3-84185.html,2026-09-16T09:59:25+07:00
DHI-NVR608H-64-XI,Đầu ghi hình camera IP 64 kênh DAHUA DHI-NVR608H-64-XI,contact,,,https://www.sieuthivienthong.com/dau-ghi-hinh-camera-ip-64-kenh-dahua-dhi-nvr608h-64-xi-75954.html,2026-09-16T09:59:25+07:00
DHI-NVR2108HS-I2,Đầu ghi hình camera IP 8 kênh DAHUA DHI-NVR2108HS-I2,contact,,,https://www.sieuthivienthong.com/dau-ghi-hinh-camera-ip-8-kenh-dahua-dhi-nvr2108hs-i2-73973.html,2026-09-16T09:59:25+07:00
DHI-NVR4204-EI,Đầu ghi hình camera IP 4 kênh DAHUA DHI-NVR4204-EI,contact,,,https://www.sieuthivienthong.com/dau-ghi-hinh-camera-ip-4-kenh-dahua-dhi-nvr4204-ei-90438.html,2026-09-16T09:59:25+07:00
DHI-NVR608H-128-XI,Đầu ghi hình camera IP 128 kênh DAHUA DHI-NVR608H-128-XI,contact,,,https://www.sieuthivienthong.com/dau-ghi-hinh-camera-ip-128-kenh-dahua-dhi-nvr608h-128-xi-75956.html,2026-09-16T09:59:25+07:00
DHI-NVR608H-32-XI,Đầu ghi hình camera IP 32 kênh DAHUA DHI-NVR608H-32-XI,contact,,,https://www.sieuthivienthong.com/dau-ghi-hinh-camera-ip-32-kenh-dahua-dhi-nvr608h-32-xi-75952.html,2026-09-16T09:59:25+07:00
DHI-NVR4116HS-EI,Đầu ghi hình camera IP 16 kênh DAHUA DHI-NVR4116HS-EI,contact,,,https://www.sieuthivienthong.com/dau-ghi-hinh-camera-ip-16-kenh-dahua-dhi-nvr4116hs-ei-90437.html,2026-09-16T09:59:25+07:00
DHI-NVR4232-EI,Đầu ghi hình camera IP 32 kênh DAHUA DHI-NVR4232-EI,contact,,,https://www.sieuthivienthong.com/dau-ghi-hinh-camera-ip-32-kenh-dahua-dhi-nvr4232-ei-80220.html,2026-09-16T09:59:25+07:00
DHI-NVR4416-EI,Đầu ghi hình camera IP 16 kênh DAUUA DHI-NVR4416-EI,contact,,,https://www.sieuthivienthong.com/dau-ghi-hinh-camera-ip-16-kenh-dauua-dhi-nvr4416-ei-90447.html,2026-09-16T09:59:25+07:00
DHI-NVR2116HS-I2,Đầu ghi hình camera IP 16 kênh DAHUA DHI-NVR2116HS-I2,contact,,,https://www.sieuthivienthong.com/dau-ghi-hinh-camera-ip-16-kenh-dahua-dhi-nvr2116hs-i2-73974.html,2026-09-16T09:59:25+07:00
DHI-NVR5232-16P-EI,Đầu ghi hình camera IP 32 kênh DAHUA DHI-NVR5232-16P-EI,contact,,,https://www.sieuthivienthong.com/dau-ghi-hinh-camera-ip-32-kenh-dahua-dhi-nvr5232-16p-ei-72444.html,2026-09-16T09:59:25+07:00
DHI-NVR616H-32-XI,Đầu ghi hình camera IP 32 kênh DAHUA DHI-NVR616H-32-XI,contact,,,https://www.sieuthivienthong.com/dau-ghi-hinh-camera-ip-32-kenh-dahua-dhi-nvr616h-32-xi-90446.html,2026-09-16T09:59:25+07:00
DHI-NVR5216-16P-EI,Đầu ghi hình camera IP 16 kênh DAHUA DHI-NVR5216-16P-EI,contact,,,https://www.sieuthivienthong.com/dau-ghi-hinh-camera-ip-16-kenh-dahua-dhi-nvr5216-16p-ei-72442.html,2026-09-16T09:59:25+07:00
NVR2104HS-I2,Đầu ghi hình camera IP 4 kênh DAHUA NVR2104HS-I2,contact,,,https://www.sieuthivienthong.com/dau-ghi-hinh-camera-ip-4-kenh-dahua-nvr2104hs-i2-65025.html,2026-09-16T09:59:25+07:00
DHI-NVR5208-8P-EI,Đầu ghi hình camera IP 8 kênh DAHUA DHI-NVR5208-8P-EI,contact,,,https://www.sieuthivienthong.com/dau-ghi-hinh-camera-ip-8-kenh-dahua-dhi-nvr5208-8p-ei-72441.html,2026-09-16T09:59:25+07:00
DHI-NVR5216-8P-EI,Đầu ghi hình camera IP 16 kênh DAHUA DHI-NVR5216-8P-EI,contact,,,https://www.sieuthivienthong.com/dau-ghi-hinh-camera-ip-16-kenh-dahua-dhi-nvr5216-8p-ei-89392.html,2026-09-16T09:59:25+07:00
DH-CS4010-8ET-60,8-Port PoE Managed Switch DAHUA DH-CS4010-8ET-60,contact,,,https://www.sieuthivienthong.com/8-port-poe-managed-switch-dahua-dh-cs4010-8et-60-87997.html,2026-09-16T09:59:25+07:00
DH-S3218-16ET-135,16-Port PoE Unmanaged Switch DAHUA DH-S3218-16ET-135,priced,2890000,3120000,https://www.sieuthivienthong.com/16-port-poe-unmanaged-switch-dahua-dh-s3218-16et-135-89603.html,2026-09-16T09:59:25+07:00
PFS4218-16ET-190,16-port 10/100Mbps PoE Switch DAHUA PFS4218-16ET-190,contact,,,https://www.sieuthivienthong.com/16-port-10100mbps-poe-switch-dahua-pfs4218-16et-190-20252.html,2026-09-16T09:59:25+07:00
DH-S3010-8ET2ET-60,8-Port 10/100Mbps PoE Unmanaged Switch DAHUA DH-S3010-8ET2ET-60,priced,685000,740000,https://www.sieuthivienthong.com/8-port-10100mbps-poe-unmanaged-switch-dahua-dh-s3010-8et2et-60-90434.html,2026-09-16T09:59:25+07:00
DH-S3226-24ET-240,24-Port PoE Unmanaged Switch DAHUA DH-S3226-24ET-240,priced,3350000,3620000,https://www.sieuthivienthong.com/24-port-poe-unmanaged-switch-dahua-dh-s3226-24et-240-89604.html,2026-09-16T09:59:25+07:00
DH-PFS3010-8ET-65,8-port 10/100Mbps Switch PoE DAHUA DH-PFS3010-8ET-65,contact,,,https://www.sieuthivienthong.com/8-port-10100mbps-switch-poe-dahua-dh-pfs3010-8et-65-48674.html,2026-09-16T09:59:25+07:00
DH-CS4010-8GT-60,8-Port PoE GE Managed Switch DAHUA DH-CS4010-8GT-60,priced,1325000,1430000,https://www.sieuthivienthong.com/8-port-poe-ge-managed-switch-dahua-dh-cs4010-8gt-60-89608.html,2026-09-16T09:59:25+07:00
DH-CS4010-8ET2GT-60,8-Port 10/100M PoE Switch Dahua DH-CS4010-8ET2GT-60,not_found,,,,2026-09-16T09:59:25+07:00
DH-PFS3006-4ET-60,4-Port FE Unmanaged Switch DAHUA DH-PFS3006-4ET-60,priced,728000,790000,https://www.sieuthivienthong.com/4-port-fe-unmanaged-switch-dahua-dh-pfs3006-4et-60-59181.html,2026-09-16T09:59:25+07:00
DH-S3006-4ET-36,4-Port 10/100Mbps PoE Unmanaged Switch DAHUA DH-S3006-4ET-36,priced,445000,480000,https://www.sieuthivienthong.com/4-port-10100mbps-poe-unmanaged-switch-dahua-dh-s3006-4et-36-90433.html,2026-09-16T09:59:25+07:00
DH-PFS3010-8ET-96,8-Port Unmanaged PoE Switch DAHUA DH-PFS3010-8ET-96,contact,,,https://www.sieuthivienthong.com/8-port-unmanaged-poe-switch-dahua-dh-pfs3010-8et-96-72760.html,2026-09-16T09:59:25+07:00
DH-PFS3226-24ET-240,24-Port PoE Managed Switch DAHUA DH-PFS3226-24ET-240,contact,,,https://www.sieuthivienthong.com/24-port-poe-managed-switch-dahua-dh-pfs3226-24et-240-65038.html,2026-09-16T09:59:25+07:00
DH-CS4228-24GT-240,24-Port GE PoE Managed Switch DAHUA DH-CS4228-24GT-240,contact,,,https://www.sieuthivienthong.com/24-port-ge-poe-managed-switch-dahua-dh-cs4228-24gt-240-89613.html,2026-09-16T09:59:25+07:00
DH-CS4220-16GT-135,16-Port GE PoE Managed Switch DAHUA DH-CS4220-16GT-135,contact,,,https://www.sieuthivienthong.com/16-port-ge-poe-managed-switch-dahua-dh-cs4220-16gt-135-89612.html,2026-09-16T09:59:25+07:00
DH-CS4006-4ET2ET-60,4-Port PoE Managed Switch DAHUA DH-CS4006-4ET2ET-60,priced,645000,700000,https://www.sieuthivienthong.com/4-port-poe-managed-switch-dahua-dh-cs4006-4et2et-60-89602.html,2026-09-16T09:59:25+07:00
DH-PFS3218-16ET-135,16-Port Unmanaged PoE Switch DAHUA DH-PFS3218-16ET-135,contact,,,https://www.sieuthivienthong.com/16-port-unmanaged-poe-switch-dahua-dh-pfs3218-16et-135-59182.html,2026-09-16T09:59:25+07:00
DH-CS4228-24GT-375,24-Port PoE GE Desktop Switch DAHUA DH-CS4228-24GT-375,contact,,,https://www.sieuthivienthong.com/24-port-poe-ge-desktop-switch-dahua-dh-cs4228-24gt-375-89614.html,2026-09-16T09:59:25+07:00
PFS3009-8ET-65,8-Port 10/100Mbps PoE Switch DAHUA PFS3009-8ET-65,not_found,,,,2026-09-16T09:59:25+07:00
PFS4210-8GT-DP,8-Port Gigabit PoE Switch DAHUA PFS4210-8GT-DP,contact,,,https://www.sieuthivienthong.com/8-port-gigabit-poe-switch-dahua-pfs4210-8gt-dp-36449.html,2026-09-16T09:59:25+07:00
DH-S4220-16GT-240,16-Port GE PoE Managed Switch DAHUA DH-S4220-16GT-240,contact,,,https://www.sieuthivienthong.com/16-port-ge-poe-managed-switch-dahua-dh-s4220-16gt-240-84194.html,2026-09-16T09:59:25+07:00
DH-PFS4226-24ET-360,24-port PoE Managed Switch DAHUA DH-PFS4226-24ET-360,contact,,,https://www.sieuthivienthong.com/24-port-poe-managed-switch-dahua-dh-pfs4226-24et-360-71259.html,2026-09-16T09:59:25+07:00
DH-CS4218-16ET-240,16-Port PoE Managed Switch DAHUA DH-CS4218-16ET-240,contact,,,https://www.sieuthivienthong.com/16-port-poe-managed-switch-dahua-dh-cs4218-16et-240-89605.html,2026-09-16T09:59:25+07:00
DH-S3220-16GT-190,16-Port GE PoE Switch DAHUA DH-S3220-16GT-190,contact,,,https://www.sieuthivienthong.com/16-port-ge-poe-switch-dahua-dh-s3220-16gt-190-89610.html,2026-09-16T09:59:25+07:00
DH-S4228-24GT-240,24-Port GE PoE Managed Switch DAHUA DH-S4228-24GT-240,contact,,,https://www.sieuthivienthong.com/24-port-ge-poe-managed-switch-dahua-dh-s4228-24gt-240-87646.html,2026-09-16T09:59:25+07:00
PFS3005-4ET-36,4-Port 10/100Mbps PoE Switch DAHUA PFS3005-4ET-36,contact,,,https://www.sieuthivienthong.com/4-port-10100mbps-poe-switch-dahua-pfs3005-4et-36-36445.html,2026-09-16T09:59:25+07:00
DH-PFS3111-8ET-96-F,8-Port FE PoE Switch DAHUA DH-PFS3111-8ET-96-F,contact,,,https://www.sieuthivienthong.com/8-port-fe-poe-switch-dahua-dh-pfs3111-8et-96-f-83291.html,2026-09-16T09:59:25+07:00
DH-S3228-24GT-240,24-Port PoE Unmanaged Switch DAHUA DH-S3228-24GT-240,contact,,,https://www.sieuthivienthong.com/24-port-poe-unmanaged-switch-dahua-dh-s3228-24gt-240-89611.html,2026-09-16T09:59:25+07:00
DH-CS4226-24ET-375,24-Port PoE Managed Switch DAHUA DH-CS4226-24ET-375,contact,,,https://www.sieuthivienthong.com/24-port-poe-managed-switch-dahua-dh-cs4226-24et-375-89606.html,2026-09-16T09:59:25+07:00
DH-PFS3005-4GT-36,4-Port PoE GE Switch DAHUA DH-PFS3005-4GT-36,contact,,,https://www.sieuthivienthong.com/4-port-poe-ge-switch-dahua-dh-pfs3005-4gt-36-89607.html,2026-09-16T09:59:25+07:00
DH-CS4010-8ET2GT-110,8-Port PoE Switch Dahua DH-CS4010-8ET2GT-110,not_found,,,,2026-09-16T09:59:25+07:00
DH-CS4010-8GT-110,8-Port GE PoE Cloud Switch Dahua DH-CS4010-8GT-110,not_found,,,,2026-09-16T09:59:25+07:00
IPC-A52P,Camera IP PT WiFi 5MP IMOU IPC-A52P,priced,575000,620000,https://www.sieuthivienthong.com/camera-ip-pt-wifi-5mp-imou-ipc-a52p-85704.html,2026-09-16T09:59:25+07:00
IPC-A32EP-L,Camera IP PT WiFi 3MP IMOU IPC-A32EP-L,priced,420000,450000,https://www.sieuthivienthong.com/camera-ip-pt-wifi-3mp-imou-ipc-a32ep-l-75881.html,2026-09-16T09:59:25+07:00
IPC-F32P,Camera IP WiFi 3MP IMOU IPC-F32P,contact,,,https://www.sieuthivienthong.com/camera-ip-wifi-3mp-imou-ipc-f32p-88008.html,2026-09-16T09:59:25+07:00
IPC-K7FP-5H0TE,Camera IP PT Full Color 4G 5MP IMOU IPC-K7FP-5H0TE,priced,1215000,1310000,https://www.sieuthivienthong.com/camera-ip-pt-full-color-4g-5mp-imou-ipc-k7fp-5h0te-87556.html,2026-09-16T09:59:25+07:00
IPC-F52P,Camera IP WiFi 5MP IMOU IPC-F52P,priced,695000,750000,https://www.sieuthivienthong.com/camera-ip-wifi-5mp-imou-ipc-f52p-88009.html,2026-09-16T09:59:25+07:00
IPC-F32FP,Camera IP WiFi Full Color 3MP IMOU IPC-F32FP,priced,785000,850000,https://www.sieuthivienthong.com/camera-ip-wifi-full-color-3mp-imou-ipc-f32fp-85709.html,2026-09-16T09:59:25+07:00
IPC-S2XP-6M0WED,Camera IP WiFi 3MP+3MP IMOU IPC-S2XP-6M0WED,contact,,,https://www.sieuthivienthong.com/camera-ip-wifi-3mp3mp-imou-ipc-s2xp-6m0wed-83976.html,2026-09-16T09:59:25+07:00
IPC-S3EP-5M0WE,Camera IP Wifi Full Color 5MP IMOU IPC-S3EP-5M0WE,priced,910000,980000,https://www.sieuthivienthong.com/camera-ip-wifi-full-color-5mp-imou-ipc-s3ep-5m0we-80230.html,2026-09-16T09:59:25+07:00
IPC-S31FEP,Camera IP PT Wifi Full Color 3MP IMOU IPC-S31FEP,priced,915000,990000,https://www.sieuthivienthong.com/camera-ip-pt-wifi-full-color-3mp-imou-ipc-s31fep-85713.html,2026-09-16T09:59:25+07:00
IPC-A42P-L,Camera IP PT Wifi 4MP IMOU IPC-A42P-L,priced,529000,570000,https://www.sieuthivienthong.com/camera-ip-pt-wifi-4mp-imou-ipc-a42p-l-80700.html,2026-09-16T09:59:25+07:00
IPC-S2VP-5M0WR,Camera IP Wifi 5MP IMOU IPC-S2VP-5M0WR,contact,,,https://www.sieuthivienthong.com/camera-ip-wifi-5mp-imou-ipc-s2vp-5m0wr-85706.html,2026-09-16T09:59:25+07:00
IPC-F52FP,Camera IP WiFi Full Color 5MP IMOU IPC-F52FP,priced,795000,860000,https://www.sieuthivienthong.com/camera-ip-wifi-full-color-5mp-imou-ipc-f52fp-85711.html,2026-09-16T09:59:25+07:00
IPC-K2MP-5H1WE,Camera IP PT WiFi 5MP IMOU IPC-K2MP-5H1WE,priced,595000,640000,https://www.sieuthivienthong.com/camera-ip-pt-wifi-5mp-imou-ipc-k2mp-5h1we-89135.html,2026-09-16T09:59:25+07:00
IPC-S2VBP-5M0WR (Tích hợp pin),Camera IP Wifi 5MP IMOU IPC-S2VBP-5M0WR (Tích hợp pin),contact,,,https://www.sieuthivienthong.com/camera-ip-wifi-5mp-imou-ipc-s2vbp-5m0wr-tich-hop-pin-85707.html,2026-09-16T09:59:25+07:00
IPC-K9DCP-3T0WE,Camera IP Wifi dùng pin 3MP IMOU IPC-K9DCP-3T0WE,contact,,,https://www.sieuthivienthong.com/camera-ip-wifi-dung-pin-3mp-imou-ipc-k9dcp-3t0we-86619.html,2026-09-16T09:59:25+07:00
IPC-K7FP-5H0WE,Camera IP Wifi PT Full Color 5MP IMOU IPC-K7FP-5H0WE,priced,935000,1010000,https://www.sieuthivienthong.com/camera-ip-wifi-pt-full-color-5mp-imou-ipc-k7fp-5h0we-86618.html,2026-09-16T09:59:25+07:00
IPC-S7XEP-10M0WED,Camera IP WiFi PT 5MP+5MP IMOU IPC-S7XEP-10M0WED,priced,1420000,1530000,https://www.sieuthivienthong.com/camera-ip-wifi-pt-5mp5mp-imou-ipc-s7xep-10m0wed-86623.html,2026-09-16T09:59:25+07:00
IPC-S3EP-3M0WE,Camera IP Wifi Full Color 3MP IMOU IPC-S3EP-3M0WE,priced,805000,870000,https://www.sieuthivienthong.com/camera-ip-wifi-full-color-3mp-imou-ipc-s3ep-3m0we-80228.html,2026-09-16T09:59:25+07:00
IPC-S51FEP,Camera IP PT WiFi Full Color 5MP IMOU IPC-S51FEP,priced,928000,1000000,https://www.sieuthivienthong.com/camera-ip-pt-wifi-full-color-5mp-imou-ipc-s51fep-85715.html,2026-09-16T09:59:25+07:00
IPC-S7UP-11M0WED,Camera IP PT WiFi 11MP IMOU IPC-S7UP-11M0WED,priced,1695000,1830000,https://www.sieuthivienthong.com/camera-ip-pt-wifi-11mp-imou-ipc-s7up-11m0wed-89383.html,2026-09-16T09:59:25+07:00
IPC-C22SP,Camera IP Wifi 2MP IMOU IPC-C22SP,contact,,,https://www.sieuthivienthong.com/camera-ip-wifi-2mp-imou-ipc-c22sp-73435.html,2026-09-16T09:59:25+07:00
IPC-K7FP-3H0TE,Camera IP PT Full Color 4G 3MP IMOU IPC-K7FP-3H0TE,priced,1038000,1120000,https://www.sieuthivienthong.com/camera-ip-pt-full-color-4g-3mp-imou-ipc-k7fp-3h0te-87554.html,2026-09-16T09:59:25+07:00
IPC-K2MP-3H1WE,Camera IP PT WiFi 3MP IMOU IPC-K2MP-3H1WE,priced,508000,550000,https://www.sieuthivienthong.com/camera-ip-pt-wifi-3mp-imou-ipc-k2mp-3h1we-89134.html,2026-09-16T09:59:25+07:00
IPC-GK2CP-3C0WR,Camera IP PT Wifi 3MP IMOU IPC-GK2CP-3C0WR,contact,,,https://www.sieuthivienthong.com/camera-ip-pt-wifi-3mp-imou-ipc-gk2cp-3c0wr-73925.html,2026-09-16T09:59:25+07:00
IPC-GS7EP-3M0WE,Camera IP PT Wifi Full Color 3MP IMOU IPC-GS7EP-3M0WE,contact,,,https://www.sieuthivienthong.com/camera-ip-pt-wifi-full-color-3mp-imou-ipc-gs7ep-3m0we-73443.html,2026-09-16T09:59:25+07:00
IPC-A22EP-L,Camera IP PT Wifi 2MP IMOU IPC-A22EP-L,contact,,,https://www.sieuthivienthong.com/camera-ip-pt-wifi-2mp-imou-ipc-a22ep-l-89173.html,2026-09-16T09:59:25+07:00
S21FTP,Camera IP dùng Sim 4G 2MP IMOU S21FTP,contact,,,https://www.sieuthivienthong.com/camera-ip-dung-sim-4g-2mp-imou-s21ftp-73459.html,2026-09-16T09:59:25+07:00
IPC-K7FP-3H0WE,Camera IP WiFi PT Full Color 3MP IMOU IPC-K7FP-3H0WE,priced,860000,930000,https://www.sieuthivienthong.com/camera-ip-wifi-pt-full-color-3mp-imou-ipc-k7fp-3h0we-86617.html,2026-09-16T09:59:25+07:00
IPC-C32SP,Camera IP Wifi 3MP IMOU IPC-C32SP,priced,422000,460000,https://www.sieuthivienthong.com/camera-ip-wifi-3mp-imou-ipc-c32sp-90292.html,2026-09-16T09:59:25+07:00
IPC-A32P-PRO,Camera IP PT 3MP IMOU IPC-A32P-PRO,not_found,,,,2026-09-16T09:59:25+07:00
IPC-GK2DP-5C0W,Camera IP PT Wifi 5MP IMOU IPC-GK2DP-5C0W,priced,655000,710000,https://www.sieuthivienthong.com/camera-ip-pt-wifi-5mp-imou-ipc-gk2dp-5c0w-75886.html,2026-09-16T09:59:25+07:00
IPC-S7DP-5M0WEZ,Camera IP PTZ Wifi Full Color 5MP IMOU IPC-S7DP-5M0WEZ,priced,1335000,1440000,https://www.sieuthivienthong.com/camera-ip-ptz-wifi-full-color-5mp-imou-ipc-s7dp-5m0wez-85717.html,2026-09-16T09:59:25+07:00
IPC-F22FP,Camera IP Wifi 2MP IMOU IPC-F22FP,priced,690000,750000,https://www.sieuthivienthong.com/camera-ip-wifi-2mp-imou-ipc-f22fp-50178.html,2026-09-16T09:59:25+07:00
IPC-S7XFP-8U0WED,Camera IP Wifi PT 4MP+4MP IMOU IPC-S7XFP-8U0WED,contact,,,https://www.sieuthivienthong.com/camera-ip-wifi-pt-4mp4mp-imou-ipc-s7xfp-8u0wed-88010.html,2026-09-16T09:59:25+07:00
IPC-S2XP-10M0WED,Camera IP Wifi 5MP+5MP IMOU IPC-S2XP-10M0WED,contact,,,https://www.sieuthivienthong.com/camera-ip-wifi-5mp5mp-imou-ipc-s2xp-10m0wed-83973.html,2026-09-16T09:59:25+07:00
IPC-GK2DP-3C0W,Camera IP PT Wifi 3MP IMOU IPC-GK2DP-3C0W,contact,,,https://www.sieuthivienthong.com/camera-ip-pt-wifi-3mp-imou-ipc-gk2dp-3c0w-75882.html,2026-09-16T09:59:25+07:00
IPC-S7XEP-6M0WED,Camera IP WiFi PT 3MP+3MP IMOU IPC-S7XEP-6M0WED,priced,1335000,1440000,https://www.sieuthivienthong.com/camera-ip-wifi-pt-3mp3mp-imou-ipc-s7xep-6m0wed-86622.html,2026-09-16T09:59:25+07:00
IPC-K9DCP-3T0WE-V2,Camera IP Wifi dùng pin 3MP IMOU IPC-K9DCP-3T0WE-V2,contact,,,https://www.sieuthivienthong.com/camera-ip-wifi-dung-pin-3mp-imou-ipc-k9dcp-3t0we-v2-86620.html,2026-09-16T09:59:25+07:00
IPC-K2MP-3H0WE,Camera IP PT Wifi 3MP IMOU IPC-K2MP-3H0WE,contact,,,https://www.sieuthivienthong.com/camera-ip-pt-wifi-3mp-imou-ipc-k2mp-3h0we-88006.html,2026-09-16T09:59:25+07:00
IPC-F26FEP,Camera IP WiFi Full Color 2MP IMOU IPC-F26FEP,priced,976800,1050000,https://www.sieuthivienthong.com/camera-ip-wifi-full-color-2mp-imou-ipc-f26fep-65611.html,2026-09-16T09:59:25+07:00
IPC-B7ED-5M0TEA-EU/FSP14,Camera IP PT Wifi 5MP IMOU IPC-B7ED-5M0TEA-EU/FSP14,contact,,,https://www.sieuthivienthong.com/camera-ip-pt-wifi-5mp-imou-ipc-b7ed-5m0tea-eufsp14-90427.html,2026-09-16T09:59:25+07:00
IPC-K7FP-8V0N,Camera IP WiFi Full Color 8MP IMOU IPC-K7FP-8V0N,not_found,,,,2026-09-16T09:59:25+07:00
IPC-K2MP-5H0WE,Camera IP PT Wifi 5MP IMOU IPC-K2MP-5H0WE,contact,,,https://www.sieuthivienthong.com/camera-ip-pt-wifi-5mp-imou-ipc-k2mp-5h0we-88007.html,2026-09-16T09:59:25+07:00
IPC-B46LP-White,Camera IP Wifi Full Color 4MP IMOU IPC-B46LP-White,contact,,,https://www.sieuthivienthong.com/camera-ip-wifi-full-color-4mp-imou-ipc-b46lp-white-65616.html,2026-09-16T09:59:25+07:00
IPC-S6DP-5M0WEB,Camera bóng đèn 5MP IMOU IPC-S6DP-5M0WEB,contact,,,https://www.sieuthivienthong.com/camera-bong-den-5mp-imou-ipc-s6dp-5m0web-80224.html,2026-09-16T09:59:25+07:00
IPC-S2XEP-6M0S,Camera IP PT WiFi 3MP+3MP IMOU IPC-S2XEP-6M0S,priced,800000,860000,https://www.sieuthivienthong.com/camera-ip-pt-wifi-3mp3mp-imou-ipc-s2xep-6m0s-90424.html,2026-09-16T09:59:25+07:00
IPC-GS7EP-5M0WE,Camera IP PT Wifi Full Color 5MP IMOU IPC-GS7EP-5M0WE,contact,,,https://www.sieuthivienthong.com/camera-ip-pt-wifi-full-color-5mp-imou-ipc-gs7ep-5m0we-73446.html,2026-09-16T09:59:25+07:00
IPC-GS2DP-3K0W,Camera IP PT Wifi 3MP IMOU IPC-GS2DP-3K0W,contact,,,https://www.sieuthivienthong.com/camera-ip-pt-wifi-3mp-imou-ipc-gs2dp-3k0w-89170.html,2026-09-16T09:59:25+07:00
IPC-A52P-PRO,Camera IP PT 5MP IMOU IPC-A52P-PRO,not_found,,,,2026-09-16T09:59:25+07:00
IPC-S7XCP-6M1TED-EU,Camera IP PT 4G 3MP+3MP IMOU IPC-S7XCP-6M1TED-EU,contact,,,https://www.sieuthivienthong.com/camera-ip-pt-4g-3mp-3mp-imou-ipc-s7xcp-6m1ted-eu-90429.html,2026-09-16T09:59:25+07:00
IPC-S6DP-3M0WEB,Camera bóng đèn 3MP IMOU IPC-S6DP-3M0WEB,contact,,,https://www.sieuthivienthong.com/camera-bong-den-3mp-imou-ipc-s6dp-3m0web-80221.html,2026-09-16T09:59:25+07:00
IPC-S3DP-3M0WJ,Camera IP Wifi 3MP IMOU IPC-S3DP-3M0WJ,contact,,,https://www.sieuthivienthong.com/camera-ip-wifi-3mp-imou-ipc-s3dp-3m0wj-89381.html,2026-09-16T09:59:25+07:00
IPC-PS70FP-10M0,Camera IP PT 5MP+5MP IMOU IPC-PS70FP-10M0,not_found,,,,2026-09-16T09:59:25+07:00
IPC-S2XEP-10M0S,Camera IP PT WiFi 5MP+5MP IMOU IPC-S2XEP-10M0S,not_found,,,,2026-09-16T09:59:25+07:00
IPC-U7LP-6V0NE,Camera IP PT WiFi 6MP IMOU IPC-U7LP-6V0NE,not_found,,,,2026-09-16T09:59:25+07:00
IPC-PS7FP-5M0,Camera IP PT Full Color 5MP IMOU IPC-PS7FP-5M0,not_found,,,,2026-09-16T09:59:25+07:00
IPC-PS8DP-3V0,Camera IP Full Color 3MP IMOU IPC-PS8DP-3V0,not_found,,,,2026-09-16T09:59:25+07:00
IPC-C32EP,Camera IP WiFi 3MP IMOU IPC-C32EP,not_found,,,,2026-09-16T09:59:25+07:00
IPC-PS7FP-3M0,Camera IP PT Full Color 3MP IMOU IPC-PS7FP-3M0,not_found,,,,2026-09-16T09:59:25+07:00
IPC-PS70FP-6M0,Camera IP PT 3MP+3MP IMOU IPC-PS70FP-6M0,not_found,,,,2026-09-16T09:59:25+07:00
IPC-PS3EP-3M0,Camera IP Full Color 3MP IMOU IPC-PS3EP-3M0,not_found,,,,2026-09-16T09:59:25+07:00
IPC-PS3EP-5M0,Camera IP Full Color 5MP IMOU IPC-PS3EP-5M0,not_found,,,,2026-09-16T09:59:25+07:00
IPC-PS8D-5V0,Camera IP Dome Full Color 5MP IMOU IPC-PS8D-5V0,not_found,,,,2026-09-16T09:59:25+07:00
IPC-PS8DP-5V0,Camera IP Full Color 5MP IMOU IPC-PS8DP-5V0,not_found,,,,2026-09-16T09:59:25+07:00
IPC-S76DP-13M0N,Camera IP PT WiFi 13MP IMOU IPC-S76DP-13M0N,not_found,,,,2026-09-16T09:59:25+07:00
IPC-F32FP-PRO,Camera IP WiFi 3MP IMOU IPC-F32FP-PRO,not_found,,,,2026-09-16T09:59:25+07:00
IPC-PS8E-5V0,Camera IP 5MP IMOU IPC-PS8E-5V0,not_found,,,,2026-09-16T09:59:25+07:00
IPC-K7F-5M1T-X,Camera IP PT 4G 5MP IMOU IPC-K7F-5M1T-X,not_found,,,,2026-09-16T09:59:25+07:00
IPC-S3EP-3M0WE-PRO,Camera IP WiFi 3MP IMOU IPC-S3EP-3M0WE-PRO,not_found,,,,2026-09-16T09:59:25+07:00
IPC-F52FP-PRO,Camera IP WiFi 5MP IMOU IPC-F52FP-PRO,not_found,,,,2026-09-16T09:59:25+07:00
IPC-SA70F-10M0T2-EU,Camera IP WiFi 5MP+5MP IMOU IPC-SA70F-10M0T2-EU,not_found,,,,2026-09-16T09:59:25+07:00
IPC-S3EP-5M0WE-PRO,Camera IP WiFi 5MP IMOU IPC-S3EP-5M0WE-PRO,not_found,,,,2026-09-16T09:59:25+07:00
IPC-A82P-PRO,Camera IP PT WiFi 8MP IMOU IPC-A82P-PRO,not_found,,,,2026-09-16T09:59:25+07:00
IPC-F52P-PRO,Camera IP WiFi 5MP IMOU IPC-F52P-PRO,not_found,,,,2026-09-16T09:59:25+07:00
IPC-PS8EP-3V0,Camera IP 3MP IMOU IPC-PS8EP-3V0,not_found,,,,2026-09-16T09:59:25+07:00
IPC-UA7E-5M0T2-EU/FSP14,Camera IP WiFi 5MP IMOU IPC-UA7E-5M0T2-EU/FSP14,not_found,,,,2026-09-16T09:59:25+07:00
IPC-F32P-PRO,Camera IP WiFi 3MP IMOU IPC-F32P-PRO,not_found,,,,2026-09-16T09:59:25+07:00
IPC-K7F-3M1T-X,Camera IP PT 4G 3MP IMOU IPC-K7F-3M1T-X,not_found,,,,2026-09-16T09:59:25+07:00
CS-BW3844 (4MP),Bộ Kit camera IP Wifi EZVIZ CS-BW3844 (4MP),contact,,,https://www.sieuthivienthong.com/bo-kit-camera-ip-wifi-ezviz-cs-bw3844-4mp-90171.html,2026-09-16T09:59:25+07:00
EB3/SP,Bộ camera IP WiFi dùng pin 3MP EZVIZ EB3/SP,priced,1920000,2070000,https://www.sieuthivienthong.com/bo-camera-ip-wifi-dung-pin-3mp-ezviz-eb3sp-83543.html,2026-09-16T09:59:25+07:00
CB2 4G (Trắng),Camera 4G dùng pin sạc 3.0MP EZVIZ CB2 4G (Trắng),contact,,,https://www.sieuthivienthong.com/camera-4g-dung-pin-sac-3mp-ezviz-cb2-4g-trang-89989.html,2026-09-16T09:59:25+07:00
CB2 4G (Đen),Camera 4G dùng pin sạc 3MP EZVIZ CB2 4G (Đen),not_found,,,,2026-09-16T09:59:25+07:00
CS-H5-R201-1H3KFL4GA (4mm),Camera IP 4G 3MP EZVIZ CS-H5-R201-1H3KFL4GA (4mm),priced,1185000,1280000,https://www.sieuthivienthong.com/camera-ip-4g-3mp-ezviz-cs-h5-r201-1h3kfl4ga-4mm-89154.html,2026-09-16T09:59:25+07:00
EB3 4G + Tấm pin,Camera IP 4G 3MP EZVIZ EB3 4G + Tấm pin,priced,2080000,2250000,https://www.sieuthivienthong.com/camera-ip-4g-3mp-ezviz-eb3-4g-tam-pin-90288.html,2026-09-16T09:59:25+07:00
CS-HB8C/SP,Camera IP 4MP EZVIZ HB8 Lite + Tấm Pin (CS-HB8C/SP),not_found,,,,2026-09-16T09:59:25+07:00
HB8 Lite 4G,Camera IP 4MP EZVIZ HB8 Lite 4G,not_found,,,,2026-09-16T09:59:25+07:00
HB8 Lite 4G + Tấm pin,Camera IP 4MP EZVIZ HB8 Lite 4G + Tấm pin,not_found,,,,2026-09-16T09:59:25+07:00
CS-HB8/SP + Tấm Pin,Camera IP 8MP EZVIZ CS-HB8/SP + Tấm Pin,not_found,,,,2026-09-16T09:59:25+07:00
C3X,Camera IP AI Wifi 2MP EZVIZ C3X,priced,1580000,1710000,https://www.sieuthivienthong.com/camera-ip-ai-wifi-2mp-ezviz-c3x-44281.html,2026-09-16T09:59:25+07:00
CS-CB3/SP,Camera IP Pin sạc 3MP EZVIZ CS-CB3/SP,contact,,,https://www.sieuthivienthong.com/camera-ip-pin-sac-3mp-ezviz-cs-cb3sp-90165.html,2026-09-16T09:59:25+07:00
EB8 (4G),Camera IP Pin sạc 3MP EZVIZ EB8 (4G),contact,,,https://www.sieuthivienthong.com/camera-ip-pin-sac-3mp-ezviz-eb8-4g-90167.html,2026-09-16T09:59:25+07:00
CS-CB3 (1080P),Camera IP Pin sạc EZVIZ CS-CB3 (1080P),contact,,,https://www.sieuthivienthong.com/camera-ip-pin-sac-ezviz-cs-cb3-1080p-90163.html,2026-09-16T09:59:25+07:00
CS-CB3-R100-2D2WFL + Tấm Pin,Camera IP Pin sạc EZVIZ CS-CB3-R100-2D2WFL + Tấm Pin,contact,,,https://www.sieuthivienthong.com/camera-ip-pin-sac-ezviz-cs-cb3-r100-2d2wfl-tam-pin-67680.html,2026-09-16T09:59:25+07:00
C1C-B 1080P,Camera IP WiFi 2MP EZVIZ C1C-B 1080P,contact,,,https://www.sieuthivienthong.com/camera-ip-wifi-2mp-ezviz-c1c-b-1080p-55549.html,2026-09-16T09:59:25+07:00
C3TN,Camera IP WiFi 2MP EZVIZ C3TN,contact,,,https://www.sieuthivienthong.com/camera-ip-wifi-2mp-ezviz-c3tn-63455.html,2026-09-16T09:59:25+07:00
H3C,Camera IP WiFi 2MP EZVIZ H3C,priced,635000,690000,https://www.sieuthivienthong.com/camera-ip-wifi-2mp-ezviz-h3c-70812.html,2026-09-16T09:59:25+07:00
H3C Color,Camera IP WiFi 2MP EZVIZ H3C Color,priced,645000,700000,https://www.sieuthivienthong.com/camera-ip-wifi-2mp-ezviz-h3c-color-70816.html,2026-09-16T09:59:25+07:00
CS-H5-R201-1H3EKFL(4mm),Camera IP WiFi 3MP EZVIZ CS-H5-R201-1H3EKFL(4mm),contact,,,https://www.sieuthivienthong.com/camera-ip-wifi-3mp-ezviz-cs-h5-r201-1h3ekfl4mm-89155.html,2026-09-16T09:59:25+07:00
H3C 2K,Camera IP WiFi 3MP EZVIZ H3C 2K,priced,655000,710000,https://www.sieuthivienthong.com/camera-ip-wifi-3mp-ezviz-h3c-2k-73504.html,2026-09-16T09:59:25+07:00
H4,Camera IP WiFi 3MP EZVIZ H4,not_found,,,,2026-09-16T09:59:25+07:00
H3C 2K+,Camera IP WiFi 4MP EZVIZ H3C 2K+,contact,,,https://www.sieuthivienthong.com/camera-ip-wifi-4mp-ezviz-h3c-2k-73506.html,2026-09-16T09:59:25+07:00
H3 3K,Camera IP WiFi 5MP EZVIZ H3 3K,contact,,,https://www.sieuthivienthong.com/camera-ip-wifi-5mp-ezviz-h3-3k-67058.html,2026-09-16T09:59:25+07:00
H3C 3K,Camera IP WiFi 5MP EZVIZ H3C 3K,priced,1030000,1110000,https://www.sieuthivienthong.com/camera-ip-wifi-5mp-ezviz-h3c-3k-85555.html,2026-09-16T09:59:25+07:00
CB2 (Trắng),Camera IP WiFi dùng pin 2MP EZVIZ CB2 (Trắng),contact,,,https://www.sieuthivienthong.com/camera-ip-wifi-dung-pin-2mp-ezviz-cb2-trang-76494.html,2026-09-16T09:59:25+07:00
H1C,Camera IP WiFi thông minh 2MP EZVIZ H1C,priced,412000,440000,https://www.sieuthivienthong.com/camera-ip-wifi-thong-minh-2mp-ezviz-h1c-76490.html,2026-09-16T09:59:25+07:00
CS-BC1C-A0-2C2WPBDL,Camera IP Wifi 2MP EZVIZ BC1C (CS-BC1C-A0-2C2WPBDL),priced,2100000,2270000,https://www.sieuthivienthong.com/camera-ip-wifi-2mp-ezviz-bc1c-cs-bc1c-a0-2c2wpbdl-89160.html,2026-09-16T09:59:25+07:00
C3N,Camera IP Wifi 2MP EZVIZ C3N,contact,,,https://www.sieuthivienthong.com/camera-ip-wifi-2mp-ezviz-c3n-44280.html,2026-09-16T09:59:25+07:00
C3TN Color,Camera IP Wifi 2MP EZVIZ C3TN Color,contact,,,https://www.sieuthivienthong.com/camera-ip-wifi-2mp-ezviz-c3tn-color-63456.html,2026-09-16T09:59:25+07:00
CP1 Pro,Camera IP Wifi 2MP EZVIZ CP1 Pro,contact,,,https://www.sieuthivienthong.com/camera-ip-wifi-2mp-ezviz-cp1-pro-85551.html,2026-09-16T09:59:25+07:00
H3 2K,Camera IP Wifi 3MP EZVIZ H3 2K,priced,1018000,1100000,https://www.sieuthivienthong.com/camera-ip-wifi-3mp-ezviz-h3-2k-70810.html,2026-09-16T09:59:25+07:00
OutPro C3TN 3MP,Camera IP Wifi 3MP EZVIZ OutPro C3TN 3MP,contact,,,https://www.sieuthivienthong.com/camera-ip-wifi-3mp-ezviz-outpro-c3tn-3mp-61431.html,2026-09-16T09:59:25+07:00
CS-TY1-R105-1J4WF,Camera IP Wifi 4MP EZVIZ TY1 Pro 2K+ (CS-TY1-R105-1J4WF),contact,,,https://www.sieuthivienthong.com/camera-ip-wifi-4mp-ezviz-ty1-pro-2k-cs-ty1-r105-1j4wf-83499.html,2026-09-16T09:59:25+07:00
E4P,Camera IP Wifi 6MP EZVIZ E4P,not_found,,,,2026-09-16T09:59:25+07:00
BC2,Camera IP Wifi dùng pin 2MP EZVIZ BC2,contact,,,https://www.sieuthivienthong.com/camera-ip-wifi-dung-pin-2mp-ezviz-bc2-62790.html,2026-09-16T09:59:25+07:00
CB1,Camera IP Wifi dùng pin 2MP EZVIZ CB1,contact,,,https://www.sieuthivienthong.com/camera-ip-wifi-dung-pin-2mp-ezviz-cb1-76496.html,2026-09-16T09:59:25+07:00
CB2 (Đen),Camera IP Wifi dùng pin 2MP EZVIZ CB2 (Đen),not_found,,,,2026-09-16T09:59:25+07:00
BC1C 4K Solar Panel Kit,Camera IP Wifi dùng pin EZVIZ BC1C 4K Solar Panel Kit,contact,,,https://www.sieuthivienthong.com/camera-ip-wifi-dung-pin-ezviz-bc1c-4k-solar-panel-kit-89456.html,2026-09-16T09:59:25+07:00
BC1C + Tấm Pin,Camera IP Wifi pin sạc 2MP EZVIZ BC1C + Tấm Pin,contact,,,https://www.sieuthivienthong.com/camera-ip-wifi-pin-sac-2mp-ezviz-bc1c-tam-pin-60064.html,2026-09-16T09:59:25+07:00
EB3,Camera IP Wifi pin sạc độc lập 3MP EZVIZ EB3,priced,1880000,2030000,https://www.sieuthivienthong.com/camera-ip-wifi-pin-sac-doc-lap-3mp-ezviz-eb3-78171.html,2026-09-16T09:59:25+07:00
C7 Dual,Camera IP Wifi ống kính kép 4MP+4MP EZVIZ C7 Dual,priced,1254000,1350000,https://www.sieuthivienthong.com/camera-ip-wifi-ong-kinh-kep-4mp4mp-ezviz-c7-dual-84927.html,2026-09-16T09:59:25+07:00
CS-BM1-R100-2D2WF-Be,Camera IP giám sát bé 2MP EZVIZ CS-BM1-R100-2D2WF-Be,contact,,,https://www.sieuthivienthong.com/camera-ip-giam-sat-be-2mp-ezviz-cs-bm1-r100-2d2wf-be-67681.html,2026-09-16T09:59:25+07:00
CS-BM1-R100-2D2WF-Ra,Camera IP giám sát bé 2MP EZVIZ CS-BM1-R100-2D2WF-Ra,contact,,,https://www.sieuthivienthong.com/camera-ip-giam-sat-be-2mp-ezviz-cs-bm1-r100-2d2wf-ra-67683.html,2026-09-16T09:59:25+07:00
CS-C1C-D0-1D2WFR,Camera IP hồng ngoại không dây 2.0 Megapixel EZVIZ C1C 1080P (CS-C1C-D0-1D2WFR),not_found,,,,2026-09-16T09:59:25+07:00
CS-TY2-B0-1G2WF,Camera IP hồng ngoại không dây 2.0 Megapixel EZVIZ TY2 1080P (CS-TY2-B0-1G2WF),not_found,,,,2026-09-16T09:59:25+07:00
CS-CV310-A0-1B2WFR,"Camera IP hồng ngoại không dây, có còi, đèn báo 2.0 Megapixel EZVIZ C3W 1080P (CS-CV310-A0-1B2WFR)",not_found,,,,2026-09-16T09:59:25+07:00
EB8 4G 4K,Camera IP pin sạc 8MP EZVIZ EB8 4G 4K,not_found,,,,2026-09-16T09:59:25+07:00
CS-EB3-R200-1K3FL4GA,Camera Pin 4G EZVIZ EB3 4G 2K (CS-EB3-R200-1K3FL4GA),contact,,,https://www.sieuthivienthong.com/camera-pin-4g-ezviz-eb3-4g-2k-cs-eb3-r200-1k3fl4ga-89159.html,2026-09-16T09:59:25+07:00
CS-CB5-R100-2F8WFL,Camera pin NLMT 8MP EZVIZ CB5 (CS-CB5-R100-2F8WFL),contact,,,https://www.sieuthivienthong.com/camera-pin-nlmt-8mp-ezviz-cb5-cs-cb5-r100-2f8wfl-89156.html,2026-09-16T09:59:25+07:00
CS-EB5-R100-2F8WFL,Camera pin NLMT 8MP EZVIZ EB5 (CS-EB5-R100-2F8WFL),contact,,,https://www.sieuthivienthong.com/camera-pin-nlmt-8mp-ezviz-eb5-cs-eb5-r100-2f8wfl-89157.html,2026-09-16T09:59:25+07:00
CS-PBC12-R100-10AH,Tấm pin NLMT 12W EZVIZ CS-PBC12-R100-10AH,contact,,,https://www.sieuthivienthong.com/tam-pin-nlmt-12w-ezviz-cs-pbc12-r100-10ah-89460.html,2026-09-16T09:59:25+07:00
CS-PBC24-R100-20AH,Tấm pin NLMT 24W EZVIZ CS-PBC24-R100-20AH,contact,,,https://www.sieuthivienthong.com/tam-pin-nlmt-24w-ezviz-cs-pbc24-r100-20ah-89459.html,2026-09-16T09:59:25+07:00
Solar Panel E,Tấm pin sạc NLMT EZVIZ Solar Panel E,contact,,,https://www.sieuthivienthong.com/tam-pin-sac-nlmt-ezviz-solar-panel-e-89458.html,2026-09-16T09:59:25+07:00
CS-CMT-Solar Panel-C,Tấm pin sạc năng lượng mặt trời EZVIZ CS-CMT-Solar Panel-C,not_found,,,,2026-09-16T09:59:25+07:00
CS-CMT-Solar Panel-D,Tấm pin sạc năng lượng mặt trời EZVIZ CS-CMT-Solar Panel-D,not_found,,,,2026-09-16T09:59:25+07:00
CB8/SP,Bộ camera IP Wifi quay quét dùng pin 3MP EZVIZ CB8/SP,contact,,,https://www.sieuthivienthong.com/bo-camera-ip-wifi-quay-quet-dung-pin-3mp-ezviz-cb8sp-83545.html,2026-09-16T09:59:25+07:00
EB8 (4G) + Solar,Camera IP 4G quay quét sử dụng pin 3MP EZVIZ EB8 (4G) + Solar,contact,,,https://www.sieuthivienthong.com/camera-ip-4g-quay-quet-su-dung-pin-3mp-ezviz-eb8-4g-solar-76498.html,2026-09-16T09:59:25+07:00
CS-H80x-R100-8G82WKFL,Camera IP 8MP EZVIZ H80x Dual (CS-H80x-R100-8G82WKFL),priced,1720000,1860000,https://www.sieuthivienthong.com/camera-ip-8mp-ezviz-h80x-dual-cs-h80x-r100-8g82wkfl-87381.html,2026-09-16T09:59:25+07:00
H6C Pro 3K,Camera IP PT WiFi 5MP EZVIZ H6C Pro 3K,contact,,,https://www.sieuthivienthong.com/camera-ip-wifi-quay-quet-5mp-ezviz-h6c-pro-3k-87435.html,2026-09-16T09:59:25+07:00
H8C Pro 2K,Camera IP WiFi quay quét 3MP EZVIZ H8C Pro 2K,priced,775000,840000,https://www.sieuthivienthong.com/camera-ip-wifi-quay-quet-3mp-ezviz-h8c-pro-2k-85563.html,2026-09-16T09:59:25+07:00
C8C 2K+,Camera IP WiFi quay quét 4MP EZVIZ C8C 2K+,priced,905000,980000,https://www.sieuthivienthong.com/camera-ip-wifi-quay-quet-4mp-ezviz-c8c-2k-83491.html,2026-09-16T09:59:25+07:00
H6C Pro 2K+,Camera IP WiFi quay quét 4MP EZVIZ H6C Pro 2K+,priced,535000,580000,https://www.sieuthivienthong.com/camera-ip-wifi-quay-quet-4mp-ezviz-h6c-pro-2k-79675.html,2026-09-16T09:59:25+07:00
H8C Pro 2K+,Camera IP WiFi quay quét 4MP EZVIZ H8C Pro 2K+,priced,870000,940000,https://www.sieuthivienthong.com/camera-ip-wifi-quay-quet-4mp-ezviz-h8c-pro-2k-85566.html,2026-09-16T09:59:25+07:00
H8x 2K+,Camera IP WiFi quay quét 4MP EZVIZ H8x 2K+,priced,1560000,1680000,https://www.sieuthivienthong.com/camera-ip-wifi-quay-quet-4mp-ezviz-h8x-2k-89052.html,2026-09-16T09:59:25+07:00
C6N G1 3K,Camera IP WiFi quay quét 5MP EZVIZ C6N G1 3K,not_found,,,,2026-09-16T09:59:25+07:00
C8W Pro 3K,Camera IP WiFi quay quét 5MP EZVIZ C8W Pro 3K,contact,,,https://www.sieuthivienthong.com/camera-ip-wifi-quay-quet-5mp-ezviz-c8w-pro-3k-89166.html,2026-09-16T09:59:25+07:00
H6,Camera IP WiFi quay quét 5MP EZVIZ H6,not_found,,,,2026-09-16T09:59:25+07:00
H8 Pro 3K,Camera IP WiFi quay quét 5MP EZVIZ H8 Pro 3K,contact,,,https://www.sieuthivienthong.com/camera-ip-wifi-quay-quet-5mp-ezviz-h8-pro-3k-78638.html,2026-09-16T09:59:25+07:00
H8C Pro 3K,Camera IP WiFi quay quét 5MP EZVIZ H8C Pro 3K,priced,925000,1000000,https://www.sieuthivienthong.com/camera-ip-wifi-quay-quet-5mp-ezviz-h8c-pro-3k-85568.html,2026-09-16T09:59:25+07:00
C6C 4K,Camera IP WiFi quay quét 8MP EZVIZ C6C 4K,contact,,,https://www.sieuthivienthong.com/camera-ip-wifi-quay-quet-8mp-ezviz-c6c-4k-84934.html,2026-09-16T09:59:25+07:00
H8c Pro 4K,Camera IP WiFi quay quét 8MP EZVIZ H8c Pro 4K,not_found,,,,2026-09-16T09:59:25+07:00
H90 Dual 2K+,Camera IP WiFi ống kính kép 4MP+4MP EZVIZ H90 Dual 2K+,priced,1770000,1910000,https://www.sieuthivienthong.com/camera-ip-wifi-ong-kinh-kep-4mp4mp-ezviz-h90-dual-2k-89051.html,2026-09-16T09:59:25+07:00
CS-C6N-R105-1L3WF,Camera IP Wifi 3MP EZVIZ C6N Pro (CS-C6N-R105-1L3WF),priced,425000,460000,https://www.sieuthivienthong.com/camera-ip-wifi-3mp-ezviz-c6n-pro-cs-c6n-r105-1l3wf-87814.html,2026-09-16T09:59:25+07:00
CS-H6c-R105-1L3WF,Camera IP Wifi 3MP EZVIZ H6C Pro 2K (CS-H6c-R105-1L3WF),priced,428000,460000,https://www.sieuthivienthong.com/camera-ip-wifi-3mp-ezviz-h6c-pro-2k-cs-h6c-r105-1l3wf-87817.html,2026-09-16T09:59:25+07:00
H80f Multi 2K+,Camera IP Wifi ba ống kính 3x4MP EZVIZ H80f Multi 2K+,priced,2080000,2250000,https://www.sieuthivienthong.com/camera-ip-wifi-ba-ong-kinh-3x4mp-ezviz-h80f-multi-2k-89167.html,2026-09-16T09:59:25+07:00
C8PF,Camera IP Wifi quay quét 2MP EZVIZ C8PF,contact,,,https://www.sieuthivienthong.com/camera-ip-wifi-quay-quet-2mp-ezviz-c8pf-61418.html,2026-09-16T09:59:25+07:00
H8C,Camera IP Wifi quay quét 2MP EZVIZ H8C,contact,,,https://www.sieuthivienthong.com/camera-ip-wifi-quay-quet-2mp-ezviz-h8c-69200.html,2026-09-16T09:59:25+07:00
H8 Pro 2K,Camera IP Wifi quay quét 3MP EZVIZ H8 Pro 2K,contact,,,https://www.sieuthivienthong.com/camera-ip-wifi-quay-quet-3mp-ezviz-h8-pro-2k-69202.html,2026-09-16T09:59:25+07:00
C8W,Camera IP Wifi quay quét 4MP EZVIZ C8W,priced,1310000,1410000,https://www.sieuthivienthong.com/camera-ip-wifi-quay-quet-4mp-ezviz-c8w-61424.html,2026-09-16T09:59:25+07:00
CS-CP1-A0-8B4WF,Camera IP Wifi quay quét 4MP EZVIZ CP1 (CS-CP1-A0-8B4WF),priced,630000,680000,https://www.sieuthivienthong.com/camera-ip-wifi-quay-quet-4mp-ezviz-cp1-cs-cp1-a0-8b4wf-79680.html,2026-09-16T09:59:25+07:00
CP1 Pro 2K+,Camera IP Wifi quay quét 4MP EZVIZ CP1 Pro 2K+,contact,,,https://www.sieuthivienthong.com/camera-ip-wifi-quay-quet-4mp-ezviz-cp1-pro-2k-85553.html,2026-09-16T09:59:25+07:00
C8C 3K,Camera IP Wifi quay quét 5MP EZVIZ C8C 3K,priced,980000,1060000,https://www.sieuthivienthong.com/camera-ip-wifi-quay-quet-5mp-ezviz-c8c-3k-83492.html,2026-09-16T09:59:25+07:00
C8W-93822,Camera IP Wifi quay quét 5MP EZVIZ C8W,not_found,,,,2026-09-16T09:59:25+07:00
E6,Camera IP Wifi quay quét 5MP EZVIZ E6,not_found,,,,2026-09-16T09:59:25+07:00
CB8,Camera IP Wifi quay quét dùng pin 3MP EZVIZ CB8,contact,,,https://www.sieuthivienthong.com/camera-ip-wifi-quay-quet-dung-pin-3mp-ezviz-cb8-66148.html,2026-09-16T09:59:25+07:00
H6c G1 3K,Camera IP Wifi quay quét 5MP EZVIZ H6c G1 3K,not_found,,,,2026-09-16T09:59:25+07:00
C6N G1 4K,Camera IP Wifi quay quét 8MP EZVIZ C6N G1 4K,priced,665000,720000,https://www.sieuthivienthong.com/camera-ip-wifi-quay-quet-8mp-ezviz-c6n-g1-4k-90489.html,2026-09-16T09:59:25+07:00
H6c G1 4K,Camera IP Wifi quay quét 8MP EZVIZ H6c G1 4K,priced,670000,720000,https://www.sieuthivienthong.com/camera-ip-wifi-quay-quet-8mp-ezviz-h6c-g1-4k-90273.html,2026-09-16T09:59:25+07:00
S10,Camera IP Wifi video call thông minh 4MP EZVIZ S10,priced,1885000,2040000,https://www.sieuthivienthong.com/camera-ip-wifi-video-call-thong-minh-4mp-ezviz-s10-90287.html,2026-09-16T09:59:25+07:00
H9C Dual 2K,Camera IP Wifi ống kính kép 3MP+3MP EZVIZ H9C Dual 2K,priced,1270000,1370000,https://www.sieuthivienthong.com/camera-ip-wifi-ong-kinh-kep-3mp3mp-ezviz-h9c-dual-2k-83312.html,2026-09-16T09:59:25+07:00
H9C Dual 3K,Camera IP Wifi ống kính kép 5MP+5MP EZVIZ H9C Dual 3K,priced,1365000,1470000,https://www.sieuthivienthong.com/camera-ip-wifi-ong-kinh-kep-5mp5mp-ezviz-h9c-dual-3k-83309.html,2026-09-16T09:59:25+07:00
CS-C60P,Camera IP Wifi ống kính kép 3MP+3MP EZVIZ CS-C60P,priced,880000,950000,https://www.sieuthivienthong.com/camera-ip-wifi-ong-kinh-kep-3mp3mp-ezviz-cs-c60p-89050.html,2026-09-16T09:59:25+07:00
H7C Dual 2K+,Camera IP Wifi ống kính kép 4MP+4MP EZVIZ H7C Dual 2K+,priced,975000,1050000,https://www.sieuthivienthong.com/camera-ip-wifi-ong-kinh-kep-4mp4mp-ezviz-h7c-dual-2k-83307.html,2026-09-16T09:59:25+07:00
HB8 + Tấm Pin,Camera IP quay quét dùng pin 4MP EZVIZ HB8 + Tấm Pin,priced,2700000,2920000,https://www.sieuthivienthong.com/camera-ip-quay-quet-dung-pin-4mp-ezviz-hb8-tam-pin-66453.html,2026-09-16T09:59:25+07:00
H8C Pro 2K PoE,Camera IP quay quét 3MP EZVIZ H8C Pro 2K PoE,priced,875000,950000,https://www.sieuthivienthong.com/camera-ip-quay-quet-3mp-ezviz-h8c-pro-2k-poe-85560.html,2026-09-16T09:59:25+07:00
H8C 4G,Camera IP quay quét 4G 3MP EZVIZ H8C 4G,priced,1035000,1120000,https://www.sieuthivienthong.com/camera-ip-quay-quet-4g-3mp-ezviz-h8c-4g-71888.html,2026-09-16T09:59:25+07:00
DS-6901UDI,Bộ giải mã tín hiệu camera IP HIKVISION DS-6901UDI,contact,,,https://www.sieuthivienthong.com/bo-giai-ma-tin-hieu-camera-ip-hikvision-ds-6901udi-26933.html,2026-09-16T09:59:25+07:00
DS-6904UDI,Bộ giải mã tín hiệu camera IP HIKVISION DS-6904UDI,contact,,,https://www.sieuthivienthong.com/bo-giai-ma-tin-hieu-camera-ip-hikvision-ds-6904udi-26934.html,2026-09-16T09:59:25+07:00
DS-6908UDI,Bộ giải mã tín hiệu camera IP HIKVISION DS-6908UDI,contact,,,https://www.sieuthivienthong.com/bo-giai-ma-tin-hieu-camera-ip-hikvision-ds-6908udi-26938.html,2026-09-16T09:59:25+07:00
DS-6910UDI,Bộ giải mã tín hiệu camera IP HIKVISION DS-6910UDI,contact,,,https://www.sieuthivienthong.com/bo-giai-ma-tin-hieu-camera-ip-hikvision-ds-6910udi-26939.html,2026-09-16T09:59:25+07:00
DS-6912UDI,Bộ giải mã tín hiệu camera IP HIKVISION DS-6912UDI,contact,,,https://www.sieuthivienthong.com/bo-giai-ma-tin-hieu-camera-ip-hikvision-ds-6912udi-26940.html,2026-09-16T09:59:25+07:00
DS-6916UDI,Bộ giải mã tín hiệu camera IP HIKVISION DS-6916UDI,contact,,,https://www.sieuthivienthong.com/bo-giai-ma-tin-hieu-camera-ip-hikvision-ds-6916udi-26941.html,2026-09-16T09:59:25+07:00
DS-AT1000S/160,Thiết bị lưu trữ video giám sát HIKVISION DS-AT1000S/160,contact,,,https://www.sieuthivienthong.com/thiet-bi-luu-tru-video-giam-sat-hikvision-ds-at1000s160-77280.html,2026-09-16T09:59:25+07:00
DS-AT1000S/240,Thiết bị lưu trữ video giám sát HIKVISION DS-AT1000S/240,contact,,,https://www.sieuthivienthong.com/thiet-bi-luu-tru-video-giam-sat-hikvision-ds-at1000s240-71007.html,2026-09-16T09:59:25+07:00
DS-AT1000S/320,Thiết bị lưu trữ video giám sát HIKVISION DS-AT1000S/320,contact,,,https://www.sieuthivienthong.com/thiet-bi-luu-tru-video-giam-sat-hikvision-ds-at1000s320-71009.html,2026-09-16T09:59:25+07:00
DS-AT1000S/480,Thiết bị lưu trữ video giám sát HIKVISION DS-AT1000S/480,contact,,,https://www.sieuthivienthong.com/thiet-bi-luu-tru-video-giam-sat-hikvision-ds-at1000s480-71011.html,2026-09-16T09:59:25+07:00
DS-7616NXI-K2/16P(D),Đầu ghi IP 16 kênh HIKVISION DS-7616NXI-K2/16P(D),not_found,,,,2026-09-16T09:59:25+07:00
DS-7716NXI-K4/16P(D),Đầu ghi IP 16 kênh HIKVISION DS-7716NXI-K4/16P(D),not_found,,,,2026-09-16T09:59:25+07:00
DS-7732NXI-K4/16P(D),Đầu ghi IP 32 kênh HIKVISION DS-7732NXI-K4/16P(D),not_found,,,,2026-09-16T09:59:25+07:00
iDS-7216HQHI-M1/E,Đầu ghi hình 16 kênh 5 in 1 HIKVISION iDS-7216HQHI-M1/E,priced,4035000,4360000,https://www.sieuthivienthong.com/dau-ghi-hinh-16-kenh-5-in-1-hikvision-ids-7216hqhi-m1e-66205.html,2026-09-16T09:59:25+07:00
IDS-7216HQHI-M1/FA,Đầu ghi hình 16 kênh HIKVISION IDS-7216HQHI-M1/FA,contact,,,https://www.sieuthivienthong.com/dau-ghi-hinh-16-kenh-hikvision-ids-7216hqhi-m1fa-52111.html,2026-09-16T09:59:25+07:00
IDS-7216HQHI-M2/FA,Đầu ghi hình 16 kênh HIKVISION IDS-7216HQHI-M2/FA,contact,,,https://www.sieuthivienthong.com/dau-ghi-hinh-16-kenh-hikvision-ids-7216hqhi-m2fa-52117.html,2026-09-16T09:59:25+07:00
iDS-7216HQHI-M1/S,Đầu ghi hình 16 kênh HIKVISION iDS-7216HQHI-M1/S,contact,,,https://www.sieuthivienthong.com/dau-ghi-hinh-16-kenh-hikvision-ids-7216hqhi-m1s-52095.html,2026-09-16T09:59:25+07:00
iDS-7216HQHI-M2/XT,Đầu ghi hình 16 kênh HIKVISION iDS-7216HQHI-M2/XT,priced,5800000,6260000,https://www.sieuthivienthong.com/dau-ghi-hinh-16-kenh-turbo-acusense-hikvision-ids-7216hqhi-m2xt-86543.html,2026-09-16T09:59:25+07:00
iDS-7216HUHI-M2/S(C),Đầu ghi hình 16 kênh HIKVISION iDS-7216HUHI-M2/S(C),contact,,,https://www.sieuthivienthong.com/dau-ghi-hinh-16-kenh-hikvision-ids-7216huhi-m2sc-63907.html,2026-09-16T09:59:25+07:00
iDS-7216HUHI-M2/XT,Đầu ghi hình 16 kênh HIKVISION iDS-7216HUHI-M2/XT,not_found,,,,2026-09-16T09:59:25+07:00
iDS-7232HQHI-M2/S(E),Đầu ghi hình 32 kênh HIKVISION iDS-7232HQHI-M2/S(E),contact,,,https://www.sieuthivienthong.com/dau-ghi-hinh-32-kenh-hikvision-ids-7232hqhi-m2se-63906.html,2026-09-16T09:59:25+07:00
iDS-7232HQHI-M2/XT,Đầu ghi hình 32 kênh HIKVISION iDS-7232HQHI-M2/XT,priced,9320000,10070000,https://www.sieuthivienthong.com/dau-ghi-hinh-32-kenh-hikvision-ids-7232hqhi-m2xt-85261.html,2026-09-16T09:59:25+07:00
iDS-7332HQHI-M4/S,Đầu ghi hình 32 kênh HIKVISION iDS-7332HQHI-M4/S,contact,,,https://www.sieuthivienthong.com/dau-ghi-hinh-32-kenh-hikvision-ids-7332hqhi-m4s-72192.html,2026-09-16T09:59:25+07:00
IDS-7204HQHI-M1/FA,Đầu ghi hình 4 kênh HIKVISION IDS-7204HQHI-M1/FA,contact,,,https://www.sieuthivienthong.com/dau-ghi-hinh-4-kenh-hikvision-ids-7204hqhi-m1fa-52106.html,2026-09-16T09:59:25+07:00
iDS-7204HTHI-M1/S(C),Đầu ghi hình 4 kênh HIKVISION iDS-7204HTHI-M1/S(C),contact,,,https://www.sieuthivienthong.com/dau-ghi-hinh-4-kenh-hikvision-ids-7204hthi-m1sc-70983.html,2026-09-16T09:59:25+07:00
iDS-7204HUHI-M1/FA,Đầu ghi hình 4 kênh HIKVISION iDS-7204HUHI-M1/FA,contact,,,https://www.sieuthivienthong.com/dau-ghi-hinh-4-kenh-hikvision-ids-7204huhi-m1fa-58872.html,2026-09-16T09:59:25+07:00
iDS-7204HUHI-M1/T,Đầu ghi hình 4 kênh HIKVISION iDS-7204HUHI-M1/T,not_found,,,,2026-09-16T09:59:25+07:00
iDS-7204HUHI-M1/XT,Đầu ghi hình 4 kênh HIKVISION iDS-7204HUHI-M1/XT,not_found,,,,2026-09-16T09:59:25+07:00
iDS-7204HQHI-M1/S,Đầu ghi hình 4 kênh Hikvision iDS-7204HQHI-M1/S,priced,1340000,1450000,https://www.sieuthivienthong.com/dau-ghi-hinh-4-kenh-hikvision-ids-7204hqhi-m1s-52091.html,2026-09-16T09:59:25+07:00
iDS-7204HUHI-M1/E,Đầu ghi hình 4 kênh Hikvision iDS-7204HUHI-M1/E,contact,,,https://www.sieuthivienthong.com/dau-ghi-hinh-4-kenh-hikvision-ids-7204huhi-m1e-69964.html,2026-09-16T09:59:25+07:00
iDS-7204HQHI-M1/E,Đầu ghi hình 5 in 1 4 kênh Hikvision iDS-7204HQHI-M1/E,priced,1518000,1640000,https://www.sieuthivienthong.com/dau-ghi-hinh-5-in-1-4-kenh-hikvision-ids-7204hqhi-m1e-66201.html,2026-09-16T09:59:25+07:00
DS-7208HGHI-K1(S),Đầu ghi hình 8 kênh 5 in 1 HIKVISION DS-7208HGHI-K1(S),not_found,,,,2026-09-16T09:59:25+07:00
iDS-7208HQHI-M1/E,Đầu ghi hình 8 kênh 5 in 1 HIKVISION iDS-7208HQHI-M1/E,priced,2180000,2350000,https://www.sieuthivienthong.com/dau-ghi-hinh-8-kenh-5-in-1-hikvision-ids-7208hqhi-m1e-66204.html,2026-09-16T09:59:25+07:00
iDS-7208HUHI-M1/E,Đầu ghi hình 8 kênh 5 in 1 Hikvision iDS-7208HUHI-M1/E,contact,,,https://www.sieuthivienthong.com/dau-ghi-hinh-8-kenh-5-in-1-hikvision-ids-7208huhi-m1e-66206.html,2026-09-16T09:59:25+07:00
IDS-7208HQHI-M1/FA,Đầu ghi hình 8 kênh HIKVISION IDS-7208HQHI-M1/FA,contact,,,https://www.sieuthivienthong.com/dau-ghi-hinh-8-kenh-hikvision-ids-7208hqhi-m1fa-52108.html,2026-09-16T09:59:25+07:00
IDS-7208HQHI-M2/FA,Đầu ghi hình 8 kênh HIKVISION IDS-7208HQHI-M2/FA,contact,,,https://www.sieuthivienthong.com/dau-ghi-hinh-8-kenh-hikvision-ids-7208hqhi-m2fa-52114.html,2026-09-16T09:59:25+07:00
iDS-7208HQHI-M1/S,Đầu ghi hình 8 kênh HIKVISION iDS-7208HQHI-M1/S,contact,,,https://www.sieuthivienthong.com/dau-ghi-hinh-8-kenh-hikvision-ids-7208hqhi-m1s-52093.html,2026-09-16T09:59:25+07:00
iDS-7208HQHI-M1/XT,Đầu ghi hình 8 kênh HIKVISION iDS-7208HQHI-M1/XT,priced,2690000,2910000,https://www.sieuthivienthong.com/dau-ghi-hinh-hybrid-tvi-ip-8-kenh-hikvision-ids-7208hqhi-m1-xt-86328.html,2026-09-16T09:59:25+07:00
iDS-7208HTHI-M2/S(C),Đầu ghi hình 8 kênh HIKVISION iDS-7208HTHI-M2/S(C),contact,,,https://www.sieuthivienthong.com/dau-ghi-hinh-8-kenh-hikvision-ids-7208hthi-m2sc-70986.html,2026-09-16T09:59:25+07:00
iDS-7208HUHI-M1/FA,Đầu ghi hình 8 kênh HIKVISION iDS-7208HUHI-M1/FA,contact,,,https://www.sieuthivienthong.com/dau-ghi-hinh-8-kenh-hikvision-ids-7208huhi-m1fa-58874.html,2026-09-16T09:59:25+07:00
iDS-7208HUHI-M1/T,Đầu ghi hình 8 kênh HIKVISION iDS-7208HUHI-M1/T,not_found,,,,2026-09-16T09:59:25+07:00
iDS-7208HUHI-M1/XT,Đầu ghi hình 8 kênh HIKVISION iDS-7208HUHI-M1/XT,not_found,,,,2026-09-16T09:59:25+07:00
iDS-7208HUHI-M2/FA,Đầu ghi hình 8 kênh HIKVISION iDS-7208HUHI-M2/FA,contact,,,https://www.sieuthivienthong.com/dau-ghi-hinh-8-kenh-hikvision-ids-7208huhi-m2fa-58876.html,2026-09-16T09:59:25+07:00
iDS-7208HUHI-M2/XT,Đầu ghi hình 8 kênh HIKVISION iDS-7208HUHI-M2/XT,not_found,,,,2026-09-16T09:59:25+07:00
iDS-7208HQHI-M2/XT,Đầu ghi hình 8 kênh Turbo AcuSense HIKVISION iDS-7208HQHI-M2/XT,contact,,,https://www.sieuthivienthong.com/dau-ghi-hinh-8-kenh-turbo-acusense-hikvision-ids-7208hqhi-m2xt-86547.html,2026-09-16T09:59:25+07:00
DS-7216HGHI-M1,Đầu ghi hình Hybrid 16 kênh HIKVISION DS-7216HGHI-M1,priced,2350000,2540000,https://www.sieuthivienthong.com/dau-ghi-hinh-hybrid-16-kenh-hikvision-ds-7216hghi-m1-83108.html,2026-09-16T09:59:25+07:00
iDS-7332HUHI-M4/S,Đầu ghi hình Hybrid 32 kênh HIKVISION iDS-7332HUHI-M4/S,contact,,,https://www.sieuthivienthong.com/dau-ghi-hinh-hybrid-32-kenh-hikvision-ids-7332huhi-m4s-71676.html,2026-09-16T09:59:25+07:00
iDS-9032HQHI-M8/S,Đầu ghi hình Hybrid 32 kênh HIKVISION iDS-9032HQHI-M8/S,contact,,,https://www.sieuthivienthong.com/dau-ghi-hinh-hybrid-32-kenh-hikvision-ids-9032hqhi-m8s-77258.html,2026-09-16T09:59:25+07:00
iDS-9032HUHI-M8/S,Đầu ghi hình Hybrid 32 kênh HIKVISION iDS-9032HUHI-M8/S,contact,,,https://www.sieuthivienthong.com/dau-ghi-hinh-hybrid-32-kenh-hikvision-ids-9032huhi-m8s-70989.html,2026-09-16T09:59:25+07:00
DS-7204HGHI-M1,Đầu ghi hình Hybrid 4 kênh HIKVISION DS-7204HGHI-M1,priced,990000,1070000,https://www.sieuthivienthong.com/dau-ghi-hinh-hybrid-4-kenh-hikvision-ds-7204hghi-m1-83104.html,2026-09-16T09:59:25+07:00
DS-E04HGHI-B,Đầu ghi hình Hybrid 4 kênh HIKVISION DS-E04HGHI-B,contact,,,https://www.sieuthivienthong.com/dau-ghi-hinh-hybrid-4-kenh-hikvision-ds-e04hghi-b-71666.html,2026-09-16T09:59:25+07:00
DS-E04HGHI-E,Đầu ghi hình Hybrid 4 kênh HIKVISION DS-E04HGHI-E,contact,,,https://www.sieuthivienthong.com/dau-ghi-hinh-hybrid-4-kenh-hikvision-ds-e04hghi-e-77249.html,2026-09-16T09:59:25+07:00
DS-E04HQHI-B,Đầu ghi hình Hybrid 4 kênh HIKVISION DS-E04HQHI-B,priced,1700000,1840000,https://www.sieuthivienthong.com/dau-ghi-hinh-hybrid-4-kenh-hikvision-ds-e04hqhi-b-71672.html,2026-09-16T09:59:25+07:00
iDS-E04HQHI-D,Đầu ghi hình Hybrid 4 kênh HIKVISION iDS-E04HQHI-D,priced,2253800,2430000,https://www.sieuthivienthong.com/dau-ghi-hinh-hybrid-4-kenh-hikvision-ids-e04hqhi-d-77251.html,2026-09-16T09:59:25+07:00
DS-7208HGHI-M1,Đầu ghi hình Hybrid 8 kênh HIKVISION DS-7208HGHI-M1,priced,1245000,1340000,https://www.sieuthivienthong.com/dau-ghi-hinh-hybrid-8-kenh-hikvision-ds-7208hghi-m1-83106.html,2026-09-16T09:59:25+07:00
DS-E08HGHI-B,Đầu ghi hình Hybrid 8 kênh HIKVISION DS-E08HGHI-B,contact,,,https://www.sieuthivienthong.com/dau-ghi-hinh-hybrid-8-kenh-hikvision-ds-e08hghi-b-71667.html,2026-09-16T09:59:25+07:00
iDS-E08HQHI-B,Đầu ghi hình Hybrid 8 kênh HIKVISION iDS-E08HQHI-B,contact,,,https://www.sieuthivienthong.com/dau-ghi-hinh-hybrid-8-kenh-hikvision-ids-e08hqhi-b-77253.html,2026-09-16T09:59:25+07:00
iDS-7216HQHI-M1/XT,Đầu ghi hình Hybrid TVI-IP 16 kênh HIKVISION iDS-7216HQHI-M1/XT,contact,,,https://www.sieuthivienthong.com/dau-ghi-hinh-hybrid-tvi-ip-16-kenh-hikvision-ids-7216hqhi-m1-xt-86330.html,2026-09-16T09:59:25+07:00
iDS-7216HUHI-M2/X,Đầu ghi hình Hybrid TVI-IP 16 kênh HIKVISION iDS-7216HUHI-M2/X,contact,,,https://www.sieuthivienthong.com/dau-ghi-hinh-hybrid-tvi-ip-16-kenh-hikvision-ids-7216huhi-m2-x-86335.html,2026-09-16T09:59:25+07:00
iDS-7204HQHI-M1/XT,Đầu ghi hình Hybrid TVI-IP 4 kênh HIKVISION iDS-7204HQHI-M1/XT,priced,1850000,2000000,https://www.sieuthivienthong.com/dau-ghi-hinh-hybrid-tvi-ip-4-kenh-hikvision-ids-7204hqhi-m1-xt-86325.html,2026-09-16T09:59:25+07:00
DS-E08HGHI-D,Đầu ghi hình Hybrid TVI-IP 8 kênh HIKVISION DS-E08HGHI-D,contact,,,https://www.sieuthivienthong.com/dau-ghi-hinh-hybrid-tvi-ip-8-kenh-hikvision-ds-e08hghi-d-79372.html,2026-09-16T09:59:25+07:00
iDS-7208HUHI-M2/X,Đầu ghi hình Hybrid TVI-IP 8 kênh Hikvision iDS-7208HUHI-M2/X,priced,3894000,4210000,https://www.sieuthivienthong.com/dau-ghi-hinh-hybrid-tvi-ip-8-kenh-hikvision-ids-7208huhi-m2-x-86333.html,2026-09-16T09:59:25+07:00
IDS-7208HUHI-M2/S,Đầu ghi hình Hybrid TVI-IP 8 kênh TURBO 4.0 HIKVISION IDS-7208HUHI-M2/S,not_found,,,,2026-09-16T09:59:25+07:00
iDS-7208HUHI-M1/S,Đầu ghi hình Hybrid TVI-IP 8 kênh TURBO 4.0 HIKVISION iDS-7208HUHI-M1/S,not_found,,,,2026-09-16T09:59:25+07:00
iDS-7208HQHI-M2/S,Đầu ghi hình Hybrid TVI-IP 8 kênh TURBO 5.0 HIKVISION iDS-7208HQHI-M2/S,not_found,,,,2026-09-16T09:59:25+07:00
DS-7616NXI-K2/VPro,Đầu ghi hình IP 16 kênh Hikvision DS-7616NXI-K2/VPro,not_found,,,,2026-09-16T09:59:25+07:00
DS-7632NI-E2,Đầu ghi hình IP 32 kênh HIKVISION DS-7632NI-E2,contact,,,https://www.sieuthivienthong.com/dau-ghi-hinh-ip-32-kenh-hikvision-ds-7632ni-e2-17291.html,2026-09-16T09:59:25+07:00
DS-96128NI-I16,Đầu ghi hình camera IP 128 kênh HIKVISION DS-96128NI-I16,contact,,,https://www.sieuthivienthong.com/dau-ghi-hinh-camera-ip-128-kenh-hikvision-ds-96128ni-i16-20128.html,2026-09-16T09:59:25+07:00
DS-96128NI-M16,Đầu ghi hình camera IP 128 kênh HIKVISION DS-96128NI-M16,contact,,,https://www.sieuthivienthong.com/dau-ghi-hinh-camera-ip-128-kenh-hikvision-ds-96128ni-m16-75262.html,2026-09-16T09:59:25+07:00
DS-96128NXI-S16R,Đầu ghi hình camera IP 128 kênh HIKVISION DS-96128NXI-S16R,contact,,,https://www.sieuthivienthong.com/dau-ghi-hinh-camera-ip-128-kenh-hikvision-ds-96128nxi-s16r-89791.html,2026-09-16T09:59:25+07:00
DS-96128NXI-S24R,Đầu ghi hình camera IP 128 kênh HIKVISION DS-96128NXI-S24R,contact,,,https://www.sieuthivienthong.com/dau-ghi-hinh-camera-ip-128-kenh-hikvision-ds-96128nxi-s24r-89789.html,2026-09-16T09:59:25+07:00
DS-96128NI-M8,Đầu ghi hình camera IP 128 kênh Hikvision DS-96128NI-M8,not_found,,,,2026-09-16T09:59:25+07:00
DS-7616NI-K2/16P,Đầu ghi hình camera IP 16 kênh HIKVISION DS-7616NI-K2/16P,contact,,,https://www.sieuthivienthong.com/dau-ghi-hinh-camera-ip-16-kenh-hikvision-ds-7616ni-k216p-20127.html,2026-09-16T09:59:25+07:00
DS-7616NXI-K1,Đầu ghi hình camera IP 16 kênh HIKVISION DS-7616NXI-K1,priced,2810000,3030000,https://www.sieuthivienthong.com/dau-ghi-hinh-camera-ip-16-kenh-hikvision-ds-7616nxi-k1-71781.html,2026-09-16T09:59:25+07:00
DS-7616NXI-K2,Đầu ghi hình camera IP 16 kênh HIKVISION DS-7616NXI-K2,contact,,,https://www.sieuthivienthong.com/dau-ghi-hinh-camera-ip-16-kenh-hikvision-ds-7616nxi-k2-71784.html,2026-09-16T09:59:25+07:00
DS-7616NXI-K2(D),Đầu ghi hình camera IP 16 kênh HIKVISION DS-7616NXI-K2(D),not_found,,,,2026-09-16T09:59:25+07:00
DS-7616NXI-K2/16P,Đầu ghi hình camera IP 16 kênh HIKVISION DS-7616NXI-K2/16P,contact,,,https://www.sieuthivienthong.com/dau-ghi-hinh-camera-ip-16-kenh-hikvision-ds-7616nxi-k2-16p-81235.html,2026-09-16T09:59:25+07:00
DS-7716NI-M4/16P,Đầu ghi hình camera IP 16 kênh HIKVISION DS-7716NI-M4/16P,contact,,,https://www.sieuthivienthong.com/dau-ghi-hinh-camera-ip-16-kenh-hikvision-ds-7716ni-m4-16p-72157.html,2026-09-16T09:59:25+07:00
DS-7716NXI-K4,Đầu ghi hình camera IP 16 kênh HIKVISION DS-7716NXI-K4,contact,,,https://www.sieuthivienthong.com/dau-ghi-hinh-camera-ip-16-kenh-hikvision-ds-7716nxi-k4-72154.html,2026-09-16T09:59:25+07:00
DS-7716NXI-K4(D),Đầu ghi hình camera IP 16 kênh HIKVISION DS-7716NXI-K4(D),not_found,,,,2026-09-16T09:59:25+07:00
DS-7716NXI-K4/16P,Đầu ghi hình camera IP 16 kênh HIKVISION DS-7716NXI-K4/16P,contact,,,https://www.sieuthivienthong.com/dau-ghi-hinh-camera-ip-16-kenh-hikvision-ds-7716nxi-k4-16p-77337.html,2026-09-16T09:59:25+07:00
DS-8616NXI-K8,Đầu ghi hình camera IP 16 kênh HIKVISION DS-8616NXI-K8,priced,16800000,18140000,https://www.sieuthivienthong.com/dau-ghi-hinh-camera-ip-16-kenh-hikvision-ds-8616nxi-k8-77276.html,2026-09-16T09:59:25+07:00
DS-7716NI-M4,Đầu ghi hình camera IP 16 kênh Hikvision DS-7716NI-M4,priced,12550000,13550000,https://www.sieuthivienthong.com/dau-ghi-hinh-camera-ip-16-kenh-hikvision-ds-7716ni-m4-72156.html,2026-09-16T09:59:25+07:00
DS-96256NI-I16,Đầu ghi hình camera IP 256 kênh HIKVISION DS-96256NI-I16,contact,,,https://www.sieuthivienthong.com/dau-ghi-hinh-camera-ip-256-kenh-hikvision-ds-96256ni-i16-20131.html,2026-09-16T09:59:25+07:00
DS-96256NI-I24,Đầu ghi hình camera IP 256 kênh HIKVISION DS-96256NI-I24,contact,,,https://www.sieuthivienthong.com/dau-ghi-hinh-camera-ip-256-kenh-hikvision-ds-96256ni-i24-31284.html,2026-09-16T09:59:25+07:00
DS-96256NXI-S16R,Đầu ghi hình camera IP 256 kênh HIKVISION DS-96256NXI-S16R,contact,,,https://www.sieuthivienthong.com/dau-ghi-hinh-camera-ip-256-kenh-hikvision-ds-96256nxi-s16r-89788.html,2026-09-16T09:59:25+07:00
DS-96256NXI-S24R,Đầu ghi hình camera IP 256 kênh HIKVISION DS-96256NXI-S24R,contact,,,https://www.sieuthivienthong.com/dau-ghi-hinh-camera-ip-256-kenh-hikvision-ds-96256nxi-s24r-89790.html,2026-09-16T09:59:25+07:00
DS-7632NI-K2/16P,Đầu ghi hình camera IP 32 kênh HIKVISION DS-7632NI-K2/16P,contact,,,https://www.sieuthivienthong.com/dau-ghi-hinh-camera-ip-32-kenh-hikvision-ds-7632ni-k216p-26029.html,2026-09-16T09:59:25+07:00
DS-7632NXI-K2,Đầu ghi hình camera IP 32 kênh HIKVISION DS-7632NXI-K2,contact,,,https://www.sieuthivienthong.com/dau-ghi-hinh-camera-ip-32-kenh-hikvision-ds-7632nxi-k2-77272.html,2026-09-16T09:59:25+07:00
DS-7632NXI-K2(D),Đầu ghi hình camera IP 32 kênh HIKVISION DS-7632NXI-K2(D),not_found,,,,2026-09-16T09:59:25+07:00
DS-7732NI-I4(B),Đầu ghi hình camera IP 32 kênh HIKVISION DS-7732NI-I4(B),contact,,,https://www.sieuthivienthong.com/dau-ghi-hinh-camera-ip-32-kenh-hikvision-ds-7732ni-i4b-32469.html,2026-09-16T09:59:25+07:00
DS-7732NI-M4/16P,Đầu ghi hình camera IP 32 kênh HIKVISION DS-7732NI-M4/16P,contact,,,https://www.sieuthivienthong.com/dau-ghi-hinh-camera-ip-32-kenh-hikvision-ds-7732ni-m4-16p-72159.html,2026-09-16T09:59:25+07:00
DS-7732NXI-K4,Đầu ghi hình camera IP 32 kênh HIKVISION DS-7732NXI-K4,contact,,,https://www.sieuthivienthong.com/dau-ghi-hinh-camera-ip-32-kenh-hikvision-ds-7732nxi-k4-72155.html,2026-09-16T09:59:25+07:00
DS-7732NXI-K4(D),Đầu ghi hình camera IP 32 kênh HIKVISION DS-7732NXI-K4(D),not_found,,,,2026-09-16T09:59:25+07:00
DS-7732NXI-K4/16P,Đầu ghi hình camera IP 32 kênh HIKVISION DS-7732NXI-K4/16P,contact,,,https://www.sieuthivienthong.com/dau-ghi-hinh-camera-ip-32-kenh-hikvision-ds-7732nxi-k4-16p-77339.html,2026-09-16T09:59:25+07:00
DS-8632NXI-K8,Đầu ghi hình camera IP 32 kênh HIKVISION DS-8632NXI-K8,priced,20250000,21870000,https://www.sieuthivienthong.com/dau-ghi-hinh-camera-ip-32-kenh-hikvision-ds-8632nxi-k8-77278.html,2026-09-16T09:59:25+07:00
DS-9632NI-M16,Đầu ghi hình camera IP 32 kênh HIKVISION DS-9632NI-M16,priced,39970000,43170000,https://www.sieuthivienthong.com/dau-ghi-hinh-camera-ip-32-kenh-hikvision-ds-9632ni-m16-77342.html,2026-09-16T09:59:25+07:00
DS-9632NI-M8,Đầu ghi hình camera IP 32 kênh HIKVISION DS-9632NI-M8,priced,29000000,31320000,https://www.sieuthivienthong.com/dau-ghi-hinh-camera-ip-32-kenh-hikvision-ds-9632ni-m8-72160.html,2026-09-16T09:59:25+07:00
DS-7632NXI-K2/16P,Đầu ghi hình camera IP 32 kênh Hikvision DS-7632NXI-K2/16P,contact,,,https://www.sieuthivienthong.com/dau-ghi-hinh-camera-ip-32-kenh-hikvision-ds-7632nxi-k216p-85956.html,2026-09-16T09:59:25+07:00
DS-7732NI-M4,Đầu ghi hình camera IP 32 kênh Hikvision DS-7732NI-M4,priced,13550000,14630000,https://www.sieuthivienthong.com/dau-ghi-hinh-camera-ip-32-kenh-hikvision-ds-7732ni-m4-72158.html,2026-09-16T09:59:25+07:00
DS-7104NI-Q1/4P/M,Đầu ghi hình camera IP 4 kênh HIKVISION DS-7104NI-Q1/4P/M,priced,2235000,2410000,https://www.sieuthivienthong.com/dau-ghi-hinh-camera-ip-4-kenh-hikvision-ds-7104ni-q14pm-25989.html,2026-09-16T09:59:25+07:00
DS-7104NI-Q1/M,Đầu ghi hình camera IP 4 kênh HIKVISION DS-7104NI-Q1/M,priced,1025000,1110000,https://www.sieuthivienthong.com/dau-ghi-hinh-camera-ip-4-kenh-hikvision-ds-7104ni-q1m-25988.html,2026-09-16T09:59:25+07:00
DS-7104NI-S1/W,Đầu ghi hình camera IP 4 kênh HIKVISION DS-7104NI-S1/W,contact,,,https://www.sieuthivienthong.com/dau-ghi-hinh-camera-ip-4-kenh-hikvision-ds-7104ni-s1w-86553.html,2026-09-16T09:59:25+07:00
DS-7604NXI-K1,Đầu ghi hình camera IP 4 kênh HIKVISION DS-7604NXI-K1,priced,2040000,2200000,https://www.sieuthivienthong.com/dau-ghi-hinh-camera-ip-4-kenh-hikvision-ds-7604nxi-k1-71775.html,2026-09-16T09:59:25+07:00
DS-7604NXI-K1/4P,Đầu ghi hình camera IP 4 kênh HIKVISION DS-7604NXI-K1/4P,priced,3210000,3470000,https://www.sieuthivienthong.com/dau-ghi-hinh-camera-ip-4-kenh-hikvision-ds-7604nxi-k14p-85232.html,2026-09-16T09:59:25+07:00
DS-E04NI-Q1,Đầu ghi hình camera IP 4 kênh HIKVISION DS-E04NI-Q1,contact,,,https://www.sieuthivienthong.com/dau-ghi-hinh-camera-ip-4-kenh-hikvision-ds-e04ni-q1-83117.html,2026-09-16T09:59:25+07:00
DS-E04NI-Q1/4P,Đầu ghi hình camera IP 4 kênh HIKVISION DS-E04NI-Q1/4P,contact,,,https://www.sieuthivienthong.com/dau-ghi-hinh-camera-ip-4-kenh-hikvision-ds-e04ni-q1-4p-83119.html,2026-09-16T09:59:25+07:00
DS-7764NI-M4,Đầu ghi hình camera IP 64 kênh HIKVISION DS-7764NI-M4,priced,23375000,25240000,https://www.sieuthivienthong.com/dau-ghi-hinh-camera-ip-64-kenh-hikvision-ds-7764ni-m4-79375.html,2026-09-16T09:59:25+07:00
DS-9664NI-M16,Đầu ghi hình camera IP 64 kênh HIKVISION DS-9664NI-M16,priced,54250000,58590000,https://www.sieuthivienthong.com/dau-ghi-hinh-camera-ip-64-kenh-hikvision-ds-9664ni-m16-72162.html,2026-09-16T09:59:25+07:00
DS-9664NI-M8,Đầu ghi hình camera IP 64 kênh Hikvision DS-9664NI-M8,priced,39950000,43150000,https://www.sieuthivienthong.com/dau-ghi-hinh-camera-ip-64-kenh-hikvision-ds-9664ni-m8-72161.html,2026-09-16T09:59:25+07:00
DS-7108NI-Q1/M,Đầu ghi hình camera IP 8 kênh HIKVISION DS-7108NI-Q1/M,priced,1075000,1160000,https://www.sieuthivienthong.com/dau-ghi-hinh-camera-ip-8-kenh-hikvision-ds-7108ni-q1m-25990.html,2026-09-16T09:59:25+07:00
DS-7608NI-K2/8P,Đầu ghi hình camera IP 8 kênh HIKVISION DS-7608NI-K2/8P,contact,,,https://www.sieuthivienthong.com/dau-ghi-hinh-camera-ip-8-kenh-hikvision-ds-7608ni-k28p-20319.html,2026-09-16T09:59:25+07:00
DS-7608NI-M2,Đầu ghi hình camera IP 8 kênh HIKVISION DS-7608NI-M2,contact,,,https://www.sieuthivienthong.com/dau-ghi-hinh-camera-ip-8-kenh-hikvision-ds-7608ni-m2-86370.html,2026-09-16T09:59:25+07:00
DS-7608NXI-K1,Đầu ghi hình camera IP 8 kênh HIKVISION DS-7608NXI-K1,priced,2345000,2530000,https://www.sieuthivienthong.com/dau-ghi-hinh-camera-ip-8-kenh-hikvision-ds-7608nxi-k1-71778.html,2026-09-16T09:59:25+07:00
DS-7608NXI-K2,Đầu ghi hình camera IP 8 kênh HIKVISION DS-7608NXI-K2,contact,,,https://www.sieuthivienthong.com/dau-ghi-hinh-camera-ip-8-kenh-hikvision-ds-7608nxi-k2-71782.html,2026-09-16T09:59:25+07:00
DS-7608NXI-K2(D),Đầu ghi hình camera IP 8 kênh HIKVISION DS-7608NXI-K2(D),not_found,,,,2026-09-16T09:59:25+07:00
DS-7108NI-Q1/8P/M,Đầu ghi hình camera IP 8 kênh Hikvision DS-7108NI-Q1/8P/M,priced,2870000,3100000,https://www.sieuthivienthong.com/dau-ghi-hinh-camera-ip-8-kenh-hikvision-ds-7108ni-q18pm-25993.html,2026-09-16T09:59:25+07:00
DS-7608NI-K2,Đầu ghi hình camera IP 8 kênh Hikvision DS-7608NI-K2,contact,,,https://www.sieuthivienthong.com/dau-ghi-hinh-camera-ip-8-kenh-hikvision-ds-7608ni-k28p-20319.html,2026-09-16T09:59:25+07:00
DS-7608NXI-K1/8P,Đầu ghi hình camera IP 8 kênh Hikvision DS-7608NXI-K1/8P,priced,4280000,4620000,https://www.sieuthivienthong.com/dau-ghi-hinh-camera-ip-8-kenh-hikvision-ds-7608nxi-k1-8p-81134.html,2026-09-16T09:59:25+07:00
DS-7608NXI-K2/8P,Đầu ghi hình camera IP 8 kênh Hikvision DS-7608NXI-K2/8P,contact,,,https://www.sieuthivienthong.com/dau-ghi-hinh-camera-ip-8-kenh-hikvision-ds-7608nxi-k2-8p-81234.html,2026-09-16T09:59:25+07:00
DS-3SH918-NM,16-Port 10/100M PoE Switch HIKVISION DS-3SH918-NM,not_found,,,,2026-09-16T09:59:25+07:00
DS-3E1318P-EI,16-Port FE Smart PoE Switch HIKVISION DS-3E1318P-EI,priced,3780000,4080000,https://www.sieuthivienthong.com/16-port-fe-smart-poe-switch-hikvision-ds-3e1318p-ei-54497.html,2026-09-16T09:59:25+07:00
DS-3E1318P-EI/M,16-Port FE Smart PoE Switch HIKVISION DS-3E1318P-EI/M,priced,2930000,3160000,https://www.sieuthivienthong.com/16-port-fe-smart-poe-switch-hikvision-ds-3e1318p-eim-77328.html,2026-09-16T09:59:25+07:00
DS-3E0520HP-E,16-Port GE Hi-PoE Switch HIKVISION DS-3E0520HP-E,contact,,,https://www.sieuthivienthong.com/16-port-ge-hi-poe-switch-hikvision-ds-3e0520hp-e-58921.html,2026-09-16T09:59:25+07:00
DS-3E0518P-E,16-Port GE PoE Switch HIKVISION DS-3E0518P-E,contact,,,https://www.sieuthivienthong.com/16-port-ge-poe-switch-hikvision-ds-3e0518p-e-89409.html,2026-09-16T09:59:25+07:00
DS-3E1518P-EI,16-Port GE Smart PoE Switch HIKVISION DS-3E1518P-EI,priced,4000000,4320000,https://www.sieuthivienthong.com/16-port-ge-smart-poe-switch-hikvision-ds-3e1518p-ei-86816.html,2026-09-16T09:59:25+07:00
DS-3E1518P-EI/M,16-Port GE Smart PoE Switch HIKVISION DS-3E1518P-EI/M,priced,3920000,4230000,https://www.sieuthivienthong.com/16-port-ge-smart-poe-switch-hikvision-ds-3e1518p-eim-82747.html,2026-09-16T09:59:25+07:00
DS-3E1518P-SI,16-Port GE Smart PoE Switch HIKVISION DS-3E1518P-SI,contact,,,https://www.sieuthivienthong.com/16-port-ge-smart-poe-switch-hikvision-ds-3e1518p-si-58958.html,2026-09-16T09:59:25+07:00
DS-3E1520P-EI,16-Port GE Smart PoE Switch HIKVISION DS-3E1520P-EI,not_found,,,,2026-09-16T09:59:25+07:00
DS-3E1520P-EI/M,16-Port GE Smart PoE Switch HIKVISION DS-3E1520P-EI/M,not_found,,,,2026-09-16T09:59:25+07:00
DS-3E1516-EI,16-Port Gigabit Smart Switch HIKVISION DS-3E1516-EI,priced,1400000,1510000,https://www.sieuthivienthong.com/16-port-gigabit-smart-switch-hikvision-ds-3e1516-ei-54506.html,2026-09-16T09:59:25+07:00
DS-3E0516R-O,16-Port Gigabit Switch HIKVISION DS-3E0516R-O,not_found,,,,2026-09-16T09:59:25+07:00
DS-3E1518P-EI(O-STD)V2,16-Port PoE Switch HIKVISION DS-3E1518P-EI(O-STD)V2,contact,,,https://www.sieuthivienthong.com/16-port-poe-switch-hikvision-ds-3e1518p-eio-stdv2-89424.html,2026-09-16T09:59:25+07:00
DS-3E0318P-E(C) V2,16-Port PoE Switch Hikvision DS-3E0318P-E(C) V2,not_found,,,,2026-09-16T09:59:25+07:00
DS-3E1326P-EI,24-Port FE Smart PoE Switch HIKVISION DS-3E1326P-EI,priced,4730000,5110000,https://www.sieuthivienthong.com/24-port-fe-smart-poe-switch-hikvision-ds-3e1326p-ei-54498.html,2026-09-16T09:59:25+07:00
DS-3E1326P-EI/M,24-Port FE Smart PoE Switch HIKVISION DS-3E1326P-EI/M,priced,3810000,4110000,https://www.sieuthivienthong.com/24-port-fe-smart-poe-switch-hikvision-ds-3e1326p-eim-77329.html,2026-09-16T09:59:25+07:00
DS-3E3728-H,24-Port GE Core Switch HIKVISION DS-3E3728-H,contact,,,https://www.sieuthivienthong.com/24-port-ge-core-switch-hikvision-ds-3e3728-h-86832.html,2026-09-16T09:59:25+07:00
DS-3E2528-H,24-Port GE Full Managed Switch HIKVISION DS-3E2528-H,contact,,,https://www.sieuthivienthong.com/24-port-ge-full-managed-switch-hikvision-ds-3e2528-h-86835.html,2026-09-16T09:59:25+07:00
DS-3E0528HP-E,24-Port GE Hi-PoE Switch HIKVISION DS-3E0528HP-E,contact,,,https://www.sieuthivienthong.com/24-port-ge-hi-poe-switch-hikvision-ds-3e0528hp-e-58922.html,2026-09-16T09:59:25+07:00
DS-3E3730,24-Port GE L3 Switch HIKVISION DS-3E3730,contact,,,https://www.sieuthivienthong.com/24-port-ge-l3-switch-hikvision-ds-3e3730-86829.html,2026-09-16T09:59:25+07:00
DS-3E2528P(B),24-Port GE Managed PoE Switch HIKVISION DS-3E2528P(B),contact,,,https://www.sieuthivienthong.com/24-port-ge-managed-poe-switch-hikvision-ds-3e2528pb-86827.html,2026-09-16T09:59:25+07:00
DS-3E2528P-H,24-Port GE Managed PoE Switch HIKVISION DS-3E2528P-H,contact,,,https://www.sieuthivienthong.com/24-port-ge-managed-poe-switch-hikvision-ds-3e2528p-h-86837.html,2026-09-16T09:59:25+07:00
DS-3E1526P-EI,24-Port GE PoE Managed Switch HIKVISION DS-3E1526P-EI,contact,,,https://www.sieuthivienthong.com/24-port-ge-poe-managed-switch-hikvision-ds-3e1526p-ei-82749.html,2026-09-16T09:59:25+07:00
DS-3E1526P-EI/M,24-Port GE PoE Switch HIKVISION DS-3E1526P-EI/M,priced,5190000,5610000,https://www.sieuthivienthong.com/24-port-ge-poe-switch-hikvision-ds-3e1526p-eim-82748.html,2026-09-16T09:59:25+07:00
DS-3S1526P-SI-PRO,24-Port GE PoE Switch Hikvision DS-3S1526P-SI-PRO,not_found,,,,2026-09-16T09:59:25+07:00
DS-3E1526P-SI,24-Port GE Smart PoE Switch HIKVISION DS-3E1526P-SI,contact,,,https://www.sieuthivienthong.com/24-port-ge-smart-poe-switch-hikvision-ds-3e1526p-si-58959.html,2026-09-16T09:59:25+07:00
DS-3E1528P-EI,24-Port GE Smart PoE Switch HIKVISION DS-3E1528P-EI,not_found,,,,2026-09-16T09:59:25+07:00
DS-3E1528P-EI/M,24-Port GE Smart PoE Switch HIKVISION DS-3E1528P-EI/M,not_found,,,,2026-09-16T09:59:25+07:00
DS-3E2528(B),24-Port GE Switch HIKVISION DS-3E2528(B),contact,,,https://www.sieuthivienthong.com/24-port-ge-switch-hikvision-ds-3e2528b-86828.html,2026-09-16T09:59:25+07:00
DS-3E1524-EI,24-Port Gigabit Smart Switch HIKVISION DS-3E1524-EI,priced,2450000,2650000,https://www.sieuthivienthong.com/24-port-gigabit-smart-switch-hikvision-ds-3e1524-ei-54508.html,2026-09-16T09:59:25+07:00
DS-3E0524R-O,24-Port Gigabit Switch HIKVISION DS-3E0524R-O,not_found,,,,2026-09-16T09:59:25+07:00
DS-3E0524TF,24-Port Gigabit Unmanaged Switch HIKVISION DS-3E0524TF,contact,,,https://www.sieuthivienthong.com/24-port-gigabit-unmanaged-switch-hikvision-ds-3e0524tf-86831.html,2026-09-16T09:59:25+07:00
DS-3E1526P-EI(O-STD)V2,24-Port PoE Switch HIKVISION DS-3E1526P-EI(O-STD)V2,contact,,,https://www.sieuthivienthong.com/24-port-poe-switch-hikvision-ds-3e1526p-eio-stdv2-89426.html,2026-09-16T09:59:25+07:00
DS-3E3728F-H,24-Port SFP Gigabit Core Switch HIKVISION DS-3E3728F-H,contact,,,https://www.sieuthivienthong.com/24-port-sfp-gigabit-core-switch-hikvision-ds-3e3728f-h-86833.html,2026-09-16T09:59:25+07:00
DS-3E0326P-E(B),24-port 10/100Mbps PoE Switch HIKVISION DS-3E0326P-E(B),contact,,,https://www.sieuthivienthong.com/24-port-10100mbps-poe-switch-hikvision-ds-3e0326p-eb-36950.html,2026-09-16T09:59:25+07:00
DS-3E0326P-E,24-port Unmanaged PoE Switch HIKVISION DS-3E0326P-E,contact,,,https://www.sieuthivienthong.com/24-port-unmanaged-poe-switch-hikvision-ds-3e0326p-e-84683.html,2026-09-16T09:59:25+07:00
DS-3T1306P-SI/HS,4-Port FE PoE Switch HIKVISION DS-3T1306P-SI/HS,contact,,,https://www.sieuthivienthong.com/4-port-fe-poe-switch-hikvision-ds-3t1306p-sihs-86822.html,2026-09-16T09:59:25+07:00
DS-3E1105P-EI/M,4-Port FE Smart PoE Switch HIKVISION DS-3E1105P-EI/M,priced,595000,640000,https://www.sieuthivienthong.com/4-port-fe-smart-poe-switch-hikvision-ds-3e1105p-eim-77326.html,2026-09-16T09:59:25+07:00
DS-3E1106HP-EI,4-Port FE Smart PoE Switch HIKVISION DS-3E1106HP-EI,contact,,,https://www.sieuthivienthong.com/4-port-fe-smart-poe-switch-hikvision-ds-3e1106hp-ei-86811.html,2026-09-16T09:59:25+07:00
DS-3E1106P-EI,4-Port FE Smart PoE Switch HIKVISION DS-3E1106P-EI,contact,,,https://www.sieuthivienthong.com/4-port-fe-smart-poe-switch-hikvision-ds-3e1106p-ei-86810.html,2026-09-16T09:59:25+07:00
DS-3E1106P-EI/M,4-Port FE Smart PoE Switch HIKVISION DS-3E1106P-EI/M,priced,635000,690000,https://www.sieuthivienthong.com/4-port-fe-smart-poe-switch-hikvision-ds-3e1106p-eim-82743.html,2026-09-16T09:59:25+07:00
DS-3E0505HP-E,4-Port GE Hi-PoE Switch HIKVISION DS-3E0505HP-E,contact,,,https://www.sieuthivienthong.com/4-port-ge-hi-poe-switch-hikvision-ds-3e0505hp-e-58919.html,2026-09-16T09:59:25+07:00
DS-3T0506HP-E/HS,4-Port GE Hi-PoE Switch HIKVISION DS-3T0506HP-E/HS,contact,,,https://www.sieuthivienthong.com/4-port-ge-hi-poe-switch-hikvision-ds-3t0506hp-ehs-58923.html,2026-09-16T09:59:25+07:00
DS-3T0506P,4-Port GE Industrial PoE Switch HIKVISION DS-3T0506P,contact,,,https://www.sieuthivienthong.com/4-port-ge-industrial-poe-switch-hikvision-ds-3t0506p-86818.html,2026-09-16T09:59:25+07:00
DS-3E1505P-EI/M,4-Port GE Smart PoE Switch HIKVISION DS-3E1505P-EI/M,priced,685000,740000,https://www.sieuthivienthong.com/4-port-ge-smart-poe-switch-hikvision-ds-3e1505p-eim-82745.html,2026-09-16T09:59:25+07:00
DS-3E1505P-EI,4-Port Gigabit Smart PoE Switch HIKVISION DS-3E1505P-EI,contact,,,https://www.sieuthivienthong.com/4-port-gigabit-smart-poe-switch-hikvision-ds-3e1505p-ei-86813.html,2026-09-16T09:59:25+07:00
DS-3E1506P-EI,4-Port Gigabit Smart PoE Switch HIKVISION DS-3E1506P-EI,contact,,,https://www.sieuthivienthong.com/4-port-gigabit-smart-poe-switch-hikvision-ds-3e1506p-ei-86814.html,2026-09-16T09:59:25+07:00
DS-3E1506P-EI/M,4-Port Gigabit Smart PoE Switch HIKVISION DS-3E1506P-EI/M,contact,,,https://www.sieuthivienthong.com/4-port-gigabit-smart-poe-switch-hikvision-ds-3e1506p-eim-86809.html,2026-09-16T09:59:25+07:00
DS-3E0105P-E/M,4-Port PoE Switch HIKVISION DS-3E0105P-E/M,contact,,,https://www.sieuthivienthong.com/4-port-poe-switch-hikvision-ds-3e0105p-em-89421.html,2026-09-16T09:59:25+07:00
DS-3E1105P-EI,4-port FE Smart PoE Switch HIKVISION DS-3E1105P-EI,priced,740000,800000,https://www.sieuthivienthong.com/4-port-fe-smart-poe-switch-hikvision-ds-3e1105p-ei-54057.html,2026-09-16T09:59:25+07:00
DS-3E0106HP-E,4-port FE Switch PoE HIKVISION DS-3E0106HP-E,priced,850000,920000,https://www.sieuthivienthong.com/4-port-fe-switch-poe-hikvision-ds-3e0106hp-e-53032.html,2026-09-16T09:59:25+07:00
DS-3E2552-H,48-Port GE Full Managed Switch HIKVISION DS-3E2552-H,contact,,,https://www.sieuthivienthong.com/48-port-ge-full-managed-switch-hikvision-ds-3e2552-h-86836.html,2026-09-16T09:59:25+07:00
DS-3E1552P-SI,48-Port GE Smart PoE Switch HIKVISION DS-3E1552P-SI,contact,,,https://www.sieuthivienthong.com/48-port-ge-smart-poe-switch-hikvision-ds-3e1552p-si-86817.html,2026-09-16T09:59:25+07:00
DS-3E3754TF,48-Port gigabit L3 Switch HIKVISION DS-3E3754TF,contact,,,https://www.sieuthivienthong.com/48-port-gigabit-l3-switch-hikvision-ds-3e3754tf-86830.html,2026-09-16T09:59:25+07:00
DS-3E0105D-O,5-Port Fast Ethernet Switch HIKVISION DS-3E0105D-O,not_found,,,,2026-09-16T09:59:25+07:00
DS-3E0505-O,5-Port Gigabit Switch HIKVISION DS-3E0505-O,not_found,,,,2026-09-16T09:59:25+07:00
DS-3E3752-H,52-Port Core Switch HIKVISION DS-3E3752-H,contact,,,https://www.sieuthivienthong.com/52-port-core-switch-hikvision-ds-3e3752-h-86834.html,2026-09-16T09:59:25+07:00
DS-3E0108D-E,8-Port 10/100Mbps Switch HIKVISION DS-3E0108D-E,contact,,,https://www.sieuthivienthong.com/8-port-10100mbps-switch-hikvision-ds-3e0108d-e-44647.html,2026-09-16T09:59:25+07:00
DS-3T1310P-SI/HS,8-Port FE PoE Switch HIKVISION DS-3T1310P-SI/HS,contact,,,https://www.sieuthivienthong.com/8-port-fe-poe-switch-hikvision-ds-3t1310p-sihs-86823.html,2026-09-16T09:59:25+07:00
DS-3E1309P-EI,8-Port FE Smart PoE Switch HIKVISION DS-3E1309P-EI,priced,1260000,1360000,https://www.sieuthivienthong.com/8-port-fe-smart-poe-switch-hikvision-ds-3e1309p-ei-54491.html,2026-09-16T09:59:25+07:00
DS-3E1309P-EI/M,8-Port FE Smart PoE Switch HIKVISION DS-3E1309P-EI/M,priced,1120000,1210000,https://www.sieuthivienthong.com/8-port-fe-smart-poe-switch-hikvision-ds-3e1309p-eim-77327.html,2026-09-16T09:59:25+07:00
DS-3E1310HP-EI,8-Port FE Smart PoE Switch HIKVISION DS-3E1310HP-EI,priced,1675000,1810000,https://www.sieuthivienthong.com/8-port-fe-smart-poe-switch-hikvision-ds-3e1310hp-ei-86812.html,2026-09-16T09:59:25+07:00
DS-3E1310P-EI/M,8-Port FE Smart PoE Switch HIKVISION DS-3E1310P-EI/M,priced,1145000,1240000,https://www.sieuthivienthong.com/8-port-fe-smart-poe-switch-hikvision-ds-3e1310p-eim-82744.html,2026-09-16T09:59:25+07:00
DS-3SH910-NM,8-Port Fast Ethernet PoE Switch HIKVISION DS-3SH910-NM,not_found,,,,2026-09-16T09:59:25+07:00
DS-3E0108D-O,8-Port Fast Ethernet Switch HIKVISION DS-3E0108D-O,not_found,,,,2026-09-16T09:59:25+07:00
DS-3T0510HP-E/HS,8-Port GE Hi-PoE Switch HIKVISION DS-3T0510HP-E/HS,contact,,,https://www.sieuthivienthong.com/8-port-ge-hi-poe-switch-hikvision-ds-3t0510hp-ehs-58927.html,2026-09-16T09:59:25+07:00
DS-3T0510P,8-Port GE Industrial PoE Switch HIKVISION DS-3T0510P,contact,,,https://www.sieuthivienthong.com/8-port-ge-industrial-poe-switch-hikvision-ds-3t0510p-86820.html,2026-09-16T09:59:25+07:00
DS-3T3512P,8-Port GE Industrial PoE Switch HIKVISION DS-3T3512P,contact,,,https://www.sieuthivienthong.com/8-port-ge-industrial-poe-switch-hikvision-ds-3t3512p-86821.html,2026-09-16T09:59:25+07:00
DS-3E0510HP-E,8-Port GE PoE Switch HIKVISION DS-3E0510HP-E,contact,,,https://www.sieuthivienthong.com/8-port-ge-poe-switch-hikvision-ds-3e0510hp-e-58920.html,2026-09-16T09:59:25+07:00
DS-3E2510P(B),8-Port GE PoE Switch HIKVISION DS-3E2510P(B),contact,,,https://www.sieuthivienthong.com/8-port-ge-poe-switch-hikvision-ds-3e2510pb-86826.html,2026-09-16T09:59:25+07:00
DS-3E1510P-EI/M (B),8-Port GE PoE Switch Hikvision DS-3E1510P-EI/M (B),not_found,,,,2026-09-16T09:59:25+07:00
DS-3E1510P-EI,8-Port GE Smart PoE Switch HIKVISION DS-3E1510P-EI,contact,,,https://www.sieuthivienthong.com/8-port-ge-smart-poe-switch-hikvision-ds-3e1510p-ei-86815.html,2026-09-16T09:59:25+07:00
DS-3E1510P-EI/M,8-Port GE Smart PoE Switch HIKVISION DS-3E1510P-EI/M,priced,1435000,1550000,https://www.sieuthivienthong.com/8-port-ge-smart-poe-switch-hikvision-ds-3e1510p-eim-82746.html,2026-09-16T09:59:25+07:00
DS-3E1510P-SI,8-Port GE Smart PoE Switch HIKVISION DS-3E1510P-SI,priced,3350000,3620000,https://www.sieuthivienthong.com/8-port-ge-smart-poe-switch-hikvision-ds-3e1510p-si-58957.html,2026-09-16T09:59:25+07:00
DS-3E1508-EI,8-Port Gigabit Smart Switch HIKVISION DS-3E1508-EI,priced,895000,970000,https://www.sieuthivienthong.com/8-port-gigabit-smart-switch-hikvision-ds-3e1508-ei-54502.html,2026-09-16T09:59:25+07:00
DS-3E0508-O,8-Port Gigabit Switch HIKVISION DS-3E0508-O,not_found,,,,2026-09-16T09:59:25+07:00
DS-3E0508D-E,8-Port Gigabit Switch HIKVISION DS-3E0508D-E,contact,,,https://www.sieuthivienthong.com/8-port-gigabit-switch-hikvision-ds-3e0508d-e-58955.html,2026-09-16T09:59:25+07:00
DS-3E0508P-O,8-Port Gigabit Switch HIKVISION DS-3E0508P-O,priced,650000,700000,https://www.sieuthivienthong.com/8-port-gigabit-switch-hikvision-ds-3e0508p-o-83121.html,2026-09-16T09:59:25+07:00
DS-3E0409P-EI/M,8-Port PoE Switch HIKVISION DS-3E0409P-EI/M,not_found,,,,2026-09-16T09:59:25+07:00
DS-3E1510P-EI(O-STD)V2,8-Port PoE Switch HIKVISION DS-3E1510P-EI(O-STD)V2,contact,,,https://www.sieuthivienthong.com/8-port-poe-switch-hikvision-ds-3e1510p-eio-stdv2-89422.html,2026-09-16T09:59:25+07:00
KX-AD2013C-PRO,Camera HDCVI 2MP Kabe Vision KX-AD2013C-PRO,not_found,,,,2026-09-16T09:59:25+07:00
KX-AD2113C-T,Camera HDCVI 2MP Kabe Vision KX-AD2113C-T,contact,,,https://www.sieuthivienthong.com/camera-hdcvi-2mp-kabe-vision-kx-ad2113c-t-90295.html,2026-09-16T09:59:25+07:00
KX-AD2113C-T-VN,Camera HDCVI 2MP Kabe Vision KX-AD2113C-T-VN,not_found,,,,2026-09-16T09:59:25+07:00
KX-AD5013-A,Camera HDCVI 5MP Kabe Vision KX-AD5013-A,not_found,,,,2026-09-16T09:59:25+07:00
KX-A2004C-PRO,Camera HDCVI Color Pro 2MP Kabe Vision KX-A2004C-PRO,not_found,,,,2026-09-16T09:59:25+07:00
KX-A2013C-PRO,Camera HDCVI Color Pro 2MP Kabe Vision KX-A2013C-PRO,not_found,,,,2026-09-16T09:59:25+07:00
KX-AD2004C-PRO,Camera HDCVI Color Pro 2MP Kabe Vision KX-AD2004C-PRO,not_found,,,,2026-09-16T09:59:25+07:00
KX-A2003N-A-VN,Camera IP 2MP Kabe VISION KX-A2003N-A-VN,contact,,,https://www.sieuthivienthong.com/camera-ip-2mp-kbvision-kx-a2003n-a-vn-89795.html,2026-09-16T09:59:25+07:00
KX-AD2003N-A,Camera IP 2MP Kabe Vision KX-AD2003N-A,priced,875000,950000,https://www.sieuthivienthong.com/camera-ip-2mp-kabe-vision-kx-ad2003n-a-90307.html,2026-09-16T09:59:25+07:00
KX-AD2003N-A-VN,Camera IP 2MP Kabe Vision KX-AD2003N-A-VN,not_found,,,,2026-09-16T09:59:25+07:00
KX-C2007IRPN3,Camera IP 2MP Kabe Vision KX-C2007IRPN3,contact,,,https://www.sieuthivienthong.com/camera-ip-2mp-kabe-vision-kx-c2007irpn3-90546.html,2026-09-16T09:59:25+07:00
KX-C2007sPN3,Camera IP 2MP Kabe Vision KX-C2007sPN3,contact,,,https://www.sieuthivienthong.com/camera-ip-2mp-kabe-vision-kx-c2007spn3-90547.html,2026-09-16T09:59:25+07:00
KX-C2204MN,Camera IP 2MP Kabe Vision KX-C2204MN,contact,,,https://www.sieuthivienthong.com/camera-ip-2mp-kabe-vision-kx-c2204mn-90309.html,2026-09-16T09:59:25+07:00
KX-CAi2003SN-AB,Camera IP 2MP Kabe Vision KX-CAi2003SN-AB,priced,1350000,1460000,https://www.sieuthivienthong.com/camera-ip-2mp-kabe-vision-kx-cai2003sn-ab-90525.html,2026-09-16T09:59:25+07:00
KX-CAi2167PN,Camera IP 2MP Kabe Vision KX-CAi2167PN,contact,,,https://www.sieuthivienthong.com/camera-ip-2mp-kabe-vision-kx-cai2167pn-90507.html,2026-09-16T09:59:25+07:00
KX-CAi2167ePN,Camera IP 2MP Kabe Vision KX-CAi2167ePN,contact,,,https://www.sieuthivienthong.com/camera-ip-2mp-kabe-vision-kx-cai2167epn-90548.html,2026-09-16T09:59:25+07:00
KX-CAi2258eGPN,Camera IP 2MP Kabe Vision KX-CAi2258eGPN,contact,,,https://www.sieuthivienthong.com/camera-ip-2mp-kabe-vision-kx-cai2258egpn-90508.html,2026-09-16T09:59:25+07:00
KX-CAiF2003N-DL-AB,Camera IP 2MP Kabe Vision KX-CAiF2003N-DL-AB,contact,,,https://www.sieuthivienthong.com/camera-ip-2mp-kabe-vision-kx-caif2003n-dl-ab-90514.html,2026-09-16T09:59:25+07:00
KX-CD2257MPN,Camera IP 2MP Kabe Vision KX-CD2257MPN,not_found,,,,2026-09-16T09:59:25+07:00
KX-D2013N-EAB,Camera IP 2MP Kabe Vision KX-D2013N-EAB,contact,,,https://www.sieuthivienthong.com/camera-ip-2mp-kabe-vision-kx-d2013n-eab-90308.html,2026-09-16T09:59:25+07:00
KX-D2014MN-EAB,Camera IP 2MP Kabe Vision KX-D2014MN-EAB,not_found,,,,2026-09-16T09:59:25+07:00
KX-D2014N-EAB,Camera IP 2MP Kabe Vision KX-D2014N-EAB,not_found,,,,2026-09-16T09:59:25+07:00
KX-DAi2258PN3,Camera IP 2MP Kabe Vision KX-DAi2258PN3,contact,,,https://www.sieuthivienthong.com/camera-ip-2mp-kabe-vision-kx-dai2258pn3-90515.html,2026-09-16T09:59:25+07:00
KX-DAi2328PN2,Camera IP 2MP Kabe Vision KX-DAi2328PN2,contact,,,https://www.sieuthivienthong.com/camera-ip-2mp-kabe-vision-kx-dai2328pn2-90513.html,2026-09-16T09:59:25+07:00
KX-C4007CPN-PRO,Camera IP 4.0MP KABEVISION KX-C4007CPN-PRO,contact,,,https://www.sieuthivienthong.com/camera-ip-4mp-kbvision-kx-c4007cpn-pro-89277.html,2026-09-16T09:59:25+07:00
KX-C43SL-4G,Camera IP 4G 4MP Kabe Vision KX-C43SL-4G,not_found,,,,2026-09-16T09:59:25+07:00
KX-AD4003N-A,Camera IP 4MP Kabe Vision KX-AD4003N-A,priced,1140000,1230000,https://www.sieuthivienthong.com/camera-ip-4mp-kabe-vision-kx-ad4003n-a-90529.html,2026-09-16T09:59:25+07:00
KX-AD4003N-A-VN,Camera IP 4MP Kabe Vision KX-AD4003N-A-VN,not_found,,,,2026-09-16T09:59:25+07:00
KX-CAi4004MSN-AB,Camera IP 4MP Kabe Vision KX-CAi4004MSN-AB,contact,,,https://www.sieuthivienthong.com/camera-ip-4mp-kbvision-kx-cai4004msn-ab-86634.html,2026-09-16T09:59:25+07:00
KX-CAi4004MSN-AB-VN,Camera IP 4MP Kabe Vision KX-CAi4004MSN-AB-VN,not_found,,,,2026-09-16T09:59:25+07:00
KX-CAi4004N-PRO,Camera IP 4MP Kabe Vision KX-CAi4004N-PRO,contact,,,https://www.sieuthivienthong.com/camera-ip-4mp-kbvision-kx-cai4004n-pro-89281.html,2026-09-16T09:59:25+07:00
KX-CAi4005MSN-AB-VN,Camera IP 4MP Kabe Vision KX-CAi4005MSN-AB-VN,not_found,,,,2026-09-16T09:59:25+07:00
KX-CAi4203N2-AB,Camera IP 4MP Kabe Vision KX-CAi4203N2-AB,contact,,,https://www.sieuthivienthong.com/camera-ip-4mp-kabe-vision-kx-cai4203n2-ab-90557.html,2026-09-16T09:59:25+07:00
KX-CAi4205MN2,Camera IP 4MP Kabe Vision KX-CAi4205MN2,contact,,,https://www.sieuthivienthong.com/camera-ip-4mp-kbvision-kx-cai4205mn2-72443.html,2026-09-16T09:59:25+07:00
KX-CAi4205MSN,Camera IP 4MP Kabe Vision KX-CAi4205MSN,contact,,,https://www.sieuthivienthong.com/camera-ip-4mp-kabe-vision-kx-cai4205msn-90530.html,2026-09-16T09:59:25+07:00
KX-CAiF4003N-DL-AB,Camera IP 4MP Kabe Vision KX-CAiF4003N-DL-AB,priced,1650000,1780000,https://www.sieuthivienthong.com/camera-ip-4mp-kabe-vision-kx-caif4003n-dl-ab-90501.html,2026-09-16T09:59:25+07:00
KX-DAi4328GPN3,Camera IP 4MP Kabe Vision KX-DAi4328GPN3,contact,,,https://www.sieuthivienthong.com/camera-ip-4mp-kabe-vision-kx-dai4328gpn3-90549.html,2026-09-16T09:59:25+07:00
KX-DAi4328GPN3-VN,Camera IP 4MP Kabe Vision KX-DAi4328GPN3-VN,not_found,,,,2026-09-16T09:59:25+07:00
KX-CAi5005MSN-AB,Camera IP 5MP Kabe Vision KX-CAi5005MSN-AB,contact,,,https://www.sieuthivienthong.com/camera-ip-5mp-kabe-vision-kx-cai5005msn-ab-90536.html,2026-09-16T09:59:25+07:00
KX-D5005MN-EAB,Camera IP 5MP Kabe Vision KX-D5005MN-EAB,not_found,,,,2026-09-16T09:59:25+07:00
KX-E0505FN2,Camera IP 5MP Kabe Vision KX-E0505FN2,contact,,,https://www.sieuthivienthong.com/camera-ip-5mp-kabe-vision-kx-e0505fn2-90537.html,2026-09-16T09:59:25+07:00
KX-C8004SN-PRO,Camera IP 8MP Kabe Vision KX-C8004SN-PRO,not_found,,,,2026-09-16T09:59:25+07:00
KX-CAi8004MSN-A,Camera IP 8MP Kabe Vision KX-CAi8004MSN-A,contact,,,https://www.sieuthivienthong.com/camera-ip-8mp-kbvision-kx-cai8004msn-a-80187.html,2026-09-16T09:59:25+07:00
KX-CAi8004SN-A,Camera IP 8MP Kabe Vision KX-CAi8004SN-A,contact,,,https://www.sieuthivienthong.com/camera-ip-8mp-kbvision-kx-cai8004sn-a-78335.html,2026-09-16T09:59:25+07:00
KX-CAi8005MSN-A,Camera IP 8MP Kabe Vision KX-CAi8005MSN-A,contact,,,https://www.sieuthivienthong.com/camera-ip-8mp-kabe-vision-kx-cai8005msn-a-90542.html,2026-09-16T09:59:25+07:00
KX-CAiF8003N-DL-AB,Camera IP 8MP Kabe Vision KX-CAiF8003N-DL-AB,contact,,,https://www.sieuthivienthong.com/camera-ip-8mp-kabe-vision-kx-caif8003n-dl-ab-90543.html,2026-09-16T09:59:25+07:00
KX-CAi4003N-PRO,Camera IP Color Pro 4MP Kabe Vision KX-CAi4003N-PRO,priced,1750000,1890000,https://www.sieuthivienthong.com/camera-ip-color-pro-4mp-kabe-vision-kx-cai4003n-pro-90491.html,2026-09-16T09:59:25+07:00
KX-CAi4003N-PRO-VN,Camera IP Color Pro 4MP Kabe Vision KX-CAi4003N-PRO-VN,not_found,,,,2026-09-16T09:59:25+07:00
KX-C8003SN-PRO,Camera IP Color Pro 8MP Kabe Vision KX-C8003SN-PRO,not_found,,,,2026-09-16T09:59:25+07:00
KX-CAiF4003SN-AB,Camera IP Full Color 4MP Kabe Vision KX-CAiF4003SN-AB,priced,1560000,1680000,https://www.sieuthivienthong.com/camera-ip-full-color-4mp-kabe-vision-kx-caif4003sn-ab-90534.html,2026-09-16T09:59:25+07:00
KX-A31D,Camera IP WiFi 3MP Kabe Vision KX-A31D,contact,,,https://www.sieuthivienthong.com/camera-ip-wifi-3mp-kabe-vision-kx-a31d-90329.html,2026-09-16T09:59:25+07:00
KX-C31L,Camera IP WiFi 3MP Kabe Vision KX-C31L,priced,785000,850000,https://www.sieuthivienthong.com/camera-ip-wifi-3mp-kabe-vision-kx-c31l-90333.html,2026-09-16T09:59:25+07:00
KX-C32D,Camera IP WiFi 3MP Kabe Vision KX-C32D,contact,,,https://www.sieuthivienthong.com/camera-ip-wifi-3mp-kabe-vision-kx-c32d-90330.html,2026-09-16T09:59:25+07:00
KX-C32L,Camera IP WiFi 3MP Kabe Vision KX-C32L,contact,,,https://www.sieuthivienthong.com/camera-ip-wifi-3mp-kabe-vision-kx-c32l-90334.html,2026-09-16T09:59:25+07:00
KX-AD2111C-A-VN,Camera HDCVI 2MP Kabe Vision KX-AD2111C-A-VN,contact,,,https://www.sieuthivienthong.com/camera-4-in-1-full-color-2mp-kbvision-kx-ad2111c-a-vn-89647.html,2026-09-16T09:59:25+07:00
KX-AD2111C-T,Camera HDCVI 2MP Kabe Vision KX-AD2111C-T,contact,,,https://www.sieuthivienthong.com/camera-hdcvi-2mp-kabe-vision-kx-ad2111c-t-90294.html,2026-09-16T09:59:25+07:00
KX-AD2111C-T-VN,Camera HDCVI 2MP Kabe Vision KX-AD2111C-T-VN,not_found,,,,2026-09-16T09:59:25+07:00
KX-AD2111L-A,Camera HDCVI 2MP Kabe Vision KX-AD2111L-A,not_found,,,,2026-09-16T09:59:25+07:00
KX-AD2112C-A,Camera HDCVI 2MP Kabe Vision KX-AD2112C-A,priced,295000,320000,https://www.sieuthivienthong.com/camera-hdcvi-2mp-kabe-vision-kx-ad2112c-a-90516.html,2026-09-16T09:59:25+07:00
KX-AD2114C-T,Camera HDCVI 2MP Kabe Vision KX-AD2114C-T,priced,440000,480000,https://www.sieuthivienthong.com/camera-hdcvi-2mp-kabe-vision-kx-ad2114c-t-90296.html,2026-09-16T09:59:25+07:00
KX-AD2114C-T-VN,Camera HDCVI 2MP Kabe Vision KX-AD2114C-T-VN,not_found,,,,2026-09-16T09:59:25+07:00
KX-AD5111C-A,Camera HDCVI 5MP Kabe Vision KX-AD5111C-A,priced,515000,560000,https://www.sieuthivienthong.com/camera-hdcvi-5mp-kabe-vision-kx-ad5111c-a-90517.html,2026-09-16T09:59:25+07:00
KX-AD5111L-A,Camera HDCVI 5MP Kabe Vision KX-AD5111L-A,not_found,,,,2026-09-16T09:59:25+07:00
KX-AD5112C-A,Camera HDCVI 5MP Kabe Vision KX-AD5112C-A,priced,470000,510000,https://www.sieuthivienthong.com/camera-hdcvi-5mp-kabe-vision-kx-ad5112c-a-90503.html,2026-09-16T09:59:25+07:00
KX-A2011TN-A,Camera IP 2MP Kabe Vision KX-A2011TN-A,contact,,,https://www.sieuthivienthong.com/camera-ip-2mp-kabe-vision-kx-a2011tn-a-90524.html,2026-09-16T09:59:25+07:00
KX-A2011TN-A-VN,Camera IP 2MP Kabe Vision KX-A2011TN-A-VN,contact,,,https://www.sieuthivienthong.com/camera-ip-2mp-kbvision-kx-a2011tn-a-vn-85784.html,2026-09-16T09:59:25+07:00
KX-A2014N,Camera IP 2MP Kabe Vision KX-A2014N,contact,,,https://www.sieuthivienthong.com/camera-ip-2mp-kabe-vision-kx-a2014n-90477.html,2026-09-16T09:59:25+07:00
KX-A2014N-VN,Camera IP 2MP Kabe Vision KX-A2014N-VN,not_found,,,,2026-09-16T09:59:25+07:00
KX-A2111CN-A,Camera IP 2MP Kabe Vision KX-A2111CN-A,contact,,,https://www.sieuthivienthong.com/camera-ip-2mp-kabe-vision-kx-a2111cn-a-90304.html,2026-09-16T09:59:25+07:00
KX-A2111CN-A-VN,Camera IP 2MP Kabe Vision KX-A2111CN-A-VN,not_found,,,,2026-09-16T09:59:25+07:00
KX-A2112CN-A,Camera IP 2MP Kabe Vision KX-A2112CN-A,contact,,,https://www.sieuthivienthong.com/camera-ip-2mp-kabe-vision-kx-a2112cn-a-90305.html,2026-09-16T09:59:25+07:00
KX-A2112CN-A-VN,Camera IP 2MP Kabe Vision KX-A2112CN-A-VN,not_found,,,,2026-09-16T09:59:25+07:00
KX-AD2111CN-A,Camera IP 2MP Kabe Vision KX-AD2111CN-A,contact,,,https://www.sieuthivienthong.com/camera-ip-2mp-kabe-vision-kx-ad2111cn-a-90499.html,2026-09-16T09:59:25+07:00
KX-AD2111CN-A-VN,Camera IP 2MP Kabe Vision KX-AD2111CN-A-VN,priced,635000,690000,https://www.sieuthivienthong.com/camera-ip-20mp-kbvision-kx-ad2111cn-a-vn-89327.html,2026-09-16T09:59:25+07:00
KX-AD2112CN-A,Camera IP 2MP Kabe Vision KX-AD2112CN-A,contact,,,https://www.sieuthivienthong.com/camera-ip-2mp-kabe-vision-kx-ad2112cn-a-90509.html,2026-09-16T09:59:25+07:00
KX-AD2112CN-A-VN,Camera IP 2MP Kabe Vision KX-AD2112CN-A-VN,contact,,,https://www.sieuthivienthong.com/camera-ip-2mp-kbvision-kx-ad2112cn-a-vn-89328.html,2026-09-16T09:59:25+07:00
KX-CAiF2001N-DL-A,Camera IP 2MP Kabe Vision KX-CAiF2001N-DL-A,contact,,,https://www.sieuthivienthong.com/camera-ip-2mp-kabe-vision-kx-caif2001n-dl-a-90502.html,2026-09-16T09:59:25+07:00
KX-A4001TN-A,Camera IP 4MP Kabe Vision KX-A4001TN-A,priced,1180000,1270000,https://www.sieuthivienthong.com/camera-ip-4mp-kabe-vision-kx-a4001tn-a-90553.html,2026-09-16T09:59:25+07:00
KX-AD4111N-A,Camera IP 4MP Kabe Vision KX-AD4111N-A,contact,,,https://www.sieuthivienthong.com/camera-ip-4mp-kabe-vision-kx-ad4111n-a-90510.html,2026-09-16T09:59:25+07:00
KX-AD4111N-A-VN,Camera IP 4MP Kabe Vision KX-AD4111N-A-VN,contact,,,https://www.sieuthivienthong.com/camera-ip-4mp-kbvision-kx-ad4111n-a-vn-89329.html,2026-09-16T09:59:25+07:00
KX-AD4112N-A,Camera IP 4MP Kabe Vision KX-AD4112N-A,contact,,,https://www.sieuthivienthong.com/camera-ip-4mp-kabe-vision-kx-ad4112n-a-90493.html,2026-09-16T09:59:25+07:00
KX-AD4112N-A-VN,Camera IP 4MP Kabe Vision KX-AD4112N-A-VN,contact,,,https://www.sieuthivienthong.com/camera-ip-4mp-kbvision-kx-ad4112n-a-vn-89331.html,2026-09-16T09:59:25+07:00
KX-C4214N-AB,Camera IP 4MP Kabe Vision KX-C4214N-AB,contact,,,https://www.sieuthivienthong.com/camera-ip-4mp-kabe-vision-kx-c4214n-ab-90306.html,2026-09-16T09:59:25+07:00
KX-CAi4002SN-A,Camera IP 4MP Kabe Vision KX-CAi4002SN-A,contact,,,https://www.sieuthivienthong.com/camera-ip-4mp-kabe-vision-kx-cai4002sn-a-90556.html,2026-09-16T09:59:25+07:00
KX-CAiF4001N-DL-A,Camera IP 4MP Kabe Vision KX-CAiF4001N-DL-A,contact,,,https://www.sieuthivienthong.com/camera-ip-4mp-kabe-vision-kx-caif4001n-dl-a-90531.html,2026-09-16T09:59:25+07:00
KX-CAiF4002N-DL-A,Camera IP 4MP Kabe Vision KX-CAiF4002N-DL-A,priced,1480000,1600000,https://www.sieuthivienthong.com/camera-ip-4mp-kabe-vision-kx-caif4002n-dl-a-90563.html,2026-09-16T09:59:25+07:00
KX-C8214MSN,Camera IP 8MP Kabe Vision KX-C8214MSN,not_found,,,,2026-09-16T09:59:25+07:00
KX-CAi8001SN-A,Camera IP 8MP Kabe Vision KX-CAi8001SN-A,contact,,,https://www.sieuthivienthong.com/camera-ip-8mp-kabe-vision-kx-cai8001sn-a-90540.html,2026-09-16T09:59:25+07:00
KX-CAiF4001SN-A,Camera IP Full Color 4MP Kabe Vision KX-CAiF4001SN-A,contact,,,https://www.sieuthivienthong.com/camera-ip-full-color-4mp-kabe-vision-kx-caif4001sn-a-90532.html,2026-09-16T09:59:25+07:00
KX-CAiF4002SN-A,Camera IP Full Color 4MP Kabe Vision KX-CAiF4002SN-A,contact,,,https://www.sieuthivienthong.com/camera-ip-full-color-4mp-kabe-vision-kx-caif4002sn-a-90533.html,2026-09-16T09:59:25+07:00
KX-A51D,Camera IP WiFi 5MP Kabe Vision KX-A51D,contact,,,https://www.sieuthivienthong.com/camera-ip-wifi-5mp-kabe-vision-kx-a51d-90331.html,2026-09-16T09:59:25+07:00
KX-C51L,Camera IP WiFi 5MP Kabe Vision KX-C51L,contact,,,https://www.sieuthivienthong.com/camera-ip-wifi-5mp-kabe-vision-kx-c51l-90335.html,2026-09-16T09:59:25+07:00
KX-C52D,Camera IP WiFi 5MP Kabe Vision KX-C52D,priced,800000,860000,https://www.sieuthivienthong.com/camera-ip-wifi-5mp-kabe-vision-kx-c52d-90332.html,2026-09-16T09:59:25+07:00
KX-C52D-8,Camera IP WiFi 5MP Kabe Vision KX-C52D-8,priced,905000,980000,https://www.sieuthivienthong.com/camera-ip-wifi-5mp-kabe-vision-kx-c52d-8-90337.html,2026-09-16T09:59:25+07:00
KX-C52L,Camera IP WiFi 5MP Kabe Vision KX-C52L,contact,,,https://www.sieuthivienthong.com/camera-ip-wifi-5mp-kabe-vision-kx-c52l-90336.html,2026-09-16T09:59:25+07:00
KX-SM4P-PRO,Camera IP PT 2+2MP Kabe Vision KX-SM4P-PRO,not_found,,,,2026-09-16T09:59:25+07:00
KX-S24P,Camera IP PT 2MP Kabe Vision KX-S24P,not_found,,,,2026-09-16T09:59:25+07:00
KX-S3P,Camera IP PT 3MP Kabe Vision KX-S3P,contact,,,https://www.sieuthivienthong.com/camera-ip-pt-3mp-kabe-vision-kx-s3p-90319.html,2026-09-16T09:59:25+07:00
KX-SM6L-4G,Camera IP PT 4G 3+3MP Kabe Vision KX-SM6L-4G,not_found,,,,2026-09-16T09:59:25+07:00
KX-S3L-4G,Camera IP PT 4G 3MP Kabe Vision KX-S3L-4G,priced,920000,990000,https://www.sieuthivienthong.com/camera-ip-pt-4g-3mp-kabe-vision-kx-s3l-4g-90327.html,2026-09-16T09:59:25+07:00
KX-S5L-4G,Camera IP PT 4G 5MP Kabe Vision KX-S5L-4G,priced,1060000,1140000,https://www.sieuthivienthong.com/camera-ip-pt-4g-5mp-kabe-vision-kx-s5l-4g-90328.html,2026-09-16T09:59:25+07:00
KX-S44P,Camera IP PT 4MP Kabe Vision KX-S44P,not_found,,,,2026-09-16T09:59:25+07:00
KX-S5P,Camera IP PT 5MP Kabe Vision KX-S5P,priced,990000,1070000,https://www.sieuthivienthong.com/camera-ip-pt-5mp-kabe-vision-kx-s5p-90324.html,2026-09-16T09:59:25+07:00
KX-S3L,Camera IP PT WiFi 3MP Kabe Vision KX-S3L,priced,870000,940000,https://www.sieuthivienthong.com/camera-ip-pt-wifi-3mp-kabe-vision-kx-s3l-90338.html,2026-09-16T09:59:25+07:00
KX-S3L-PRO,Camera IP PT WiFi 3MP Kabe Vision KX-S3L-PRO,not_found,,,,2026-09-16T09:59:25+07:00
KX-AM6W,Camera IP PT WiFi 3MP+3MP Kabe Vision KX-AM6W,not_found,,,,2026-09-16T09:59:25+07:00
KX-SM6L,Camera IP PT WiFi 3MP+3MP Kabe Vision KX-SM6L,not_found,,,,2026-09-16T09:59:25+07:00
KX-S5L,Camera IP PT WiFi 5MP Kabe Vision KX-S5L,priced,915000,990000,https://www.sieuthivienthong.com/camera-ip-pt-wifi-5mp-kabe-vision-kx-s5l-90339.html,2026-09-16T09:59:25+07:00
KX-S5L-PRO,Camera IP PT WiFi 5MP Kabe Vision KX-S5L-PRO,not_found,,,,2026-09-16T09:59:25+07:00
KX-AM10W,Camera IP PT WiFi 5MP+5MP Kabe Vision KX-AM10W,not_found,,,,2026-09-16T09:59:25+07:00
KX-SM10L,Camera IP PT WiFi 5MP+5MP Kabe Vision KX-SM10L,not_found,,,,2026-09-16T09:59:25+07:00
KX-S8L-PRO,Camera IP PT WiFi 8MP Kabe Vision KX-S8L-PRO,not_found,,,,2026-09-16T09:59:25+07:00
KX-A3W,Camera IP PT Wifi 3MP Kabe Vision KX-A3W,priced,480000,520000,https://www.sieuthivienthong.com/camera-ip-pt-wifi-3mp-kabe-vision-kx-a3w-90552.html,2026-09-16T09:59:25+07:00
KX-A5W,Camera IP PT Wifi 5MP Kabe Vision KX-A5W,contact,,,https://www.sieuthivienthong.com/camera-ip-pt-wifi-5mp-kabe-vision-kx-a5w-90551.html,2026-09-16T09:59:25+07:00
KX-C4K8232SN3-VN,Đầu ghi IP 32 kênh Kabe Vision KX-C4K8232SN3-VN,not_found,,,,2026-09-16T09:59:25+07:00
KX-CAi4K8116N2-I2,Đầu ghi camera IP 16 kênh Kabe Vision KX-CAi4K8116N2-I2,contact,,,https://www.sieuthivienthong.com/dau-ghi-camera-ip-16-kenh-kabe-vision-kx-cai4k8116n2-i2-90555.html,2026-09-16T09:59:25+07:00
KX-DAi4K8864EN3-VN,Đầu ghi hình IP 64 kênh Kabe Vision KX-DAi4K8864EN3-VN,not_found,,,,2026-09-16T09:59:25+07:00
KX-DAi8116H3-5M,Đầu ghi hình Penta-brid 16 kênh Kabe Vision KX-DAi8116H3-5M,contact,,,https://www.sieuthivienthong.com/dau-ghi-hinh-penta-brid-16-kenh-kabe-vision-kx-dai8116h3-5m-90301.html,2026-09-16T09:59:25+07:00
KX-DAi8216H3-5M,Đầu ghi hình Penta-brid 16 kênh Kabe Vision KX-DAi8216H3-5M,contact,,,https://www.sieuthivienthong.com/dau-ghi-hinh-penta-brid-16-kenh-kabe-vision-kx-dai8216h3-5m-90302.html,2026-09-16T09:59:25+07:00
KX-DAi8232H3,Đầu ghi hình Penta-brid 32 kênh Kabe Vision KX-DAi8232H3,contact,,,https://www.sieuthivienthong.com/dau-ghi-hinh-penta-brid-32-kenh-kabe-vision-kx-dai8232h3-90554.html,2026-09-16T09:59:25+07:00
KX-DAi8232H3-5M,Đầu ghi hình Penta-brid 32 kênh Kabe Vision KX-DAi8232H3-5M,contact,,,https://www.sieuthivienthong.com/dau-ghi-hinh-penta-brid-32-kenh-kabe-vision-kx-dai8232h3-5m-90303.html,2026-09-16T09:59:25+07:00
KX-7104T,Đầu ghi hình Penta-brid 4 kênh Kabe Vision KX-7104T,contact,,,https://www.sieuthivienthong.com/dau-ghi-hinh-penta-brid-4-kenh-kabe-vision-kx-7104t-90297.html,2026-09-16T09:59:25+07:00
KX-DAi8104H3-5M,Đầu ghi hình Penta-brid 4 kênh Kabe Vision KX-DAi8104H3-5M,contact,,,https://www.sieuthivienthong.com/dau-ghi-hinh-penta-brid-4-kenh-kabe-vision-kx-dai8104h3-5m-90299.html,2026-09-16T09:59:25+07:00
KX-7108T,Đầu ghi hình Penta-brid 8 kênh Kabe Vision KX-7108T,priced,1060000,1140000,https://www.sieuthivienthong.com/dau-ghi-hinh-penta-brid-8-kenh-kabe-vision-kx-7108t-90298.html,2026-09-16T09:59:25+07:00
KX-7108T-VN,Đầu ghi hình Penta-brid 8 kênh Kabe Vision KX-7108T-VN,not_found,,,,2026-09-16T09:59:25+07:00
KX-DAi8108H3,Đầu ghi hình Penta-brid 8 kênh Kabe Vision KX-DAi8108H3,contact,,,https://www.sieuthivienthong.com/dau-ghi-hinh-penta-brid-8-kenh-kabe-vision-kx-dai8108h3-5m-90300.html,2026-09-16T09:59:25+07:00
KX-DAi8108H3-5M,Đầu ghi hình Penta-brid 8 kênh Kabe Vision KX-DAi8108H3-5M,contact,,,https://www.sieuthivienthong.com/dau-ghi-hinh-penta-brid-8-kenh-kabe-vision-kx-dai8108h3-5m-90300.html,2026-09-16T09:59:25+07:00
KX-EAi4K88128N4,Đầu ghi hình camera IP 128 kênh Kabe Vision KX-EAi4K88128N4,contact,,,https://www.sieuthivienthong.com/dau-ghi-hinh-camera-ip-128-kenh-kabe-vision-kx-eai4k88128n4-90518.html,2026-09-16T09:59:25+07:00
KX-A4K8116N3,Đầu ghi hình camera IP 16 kênh Kabe Vision KX-A4K8116N3,contact,,,https://www.sieuthivienthong.com/dau-ghi-hinh-camera-ip-16-kenh-kabe-vision-kx-a4k8116n3-90519.html,2026-09-16T09:59:25+07:00
KX-A4K8116N3-VN,Đầu ghi hình camera IP 16 kênh Kabe Vision KX-A4K8116N3-VN,not_found,,,,2026-09-16T09:59:25+07:00
KX-C4K8116SN3,Đầu ghi hình camera IP 16 kênh Kabe Vision KX-C4K8116SN3,contact,,,https://www.sieuthivienthong.com/dau-ghi-hinh-camera-ip-4-kenh-kabe-vision-kx-c4k8116sn3-90521.html,2026-09-16T09:59:25+07:00
KX-C4K8216SN3,Đầu ghi hình camera IP 16 kênh Kabe Vision KX-C4K8216SN3,priced,3000000,3240000,https://www.sieuthivienthong.com/dau-ghi-hinh-camera-ip-16-kenh-kabe-vision-kx-c4k8216sn3-90505.html,2026-09-16T09:59:25+07:00
KX-CAi4K8216EN2,Đầu ghi hình camera IP 16 kênh Kabe Vision KX-CAi4K8216EN2,contact,,,https://www.sieuthivienthong.com/dau-ghi-hinh-camera-ip-16-kenh-kbvision-kx-cai4k8216en2-80199.html,2026-09-16T09:59:25+07:00
KX-DAi4K8216EN3,Đầu ghi hình camera IP 16 kênh Kabe Vision KX-DAi4K8216EN3,contact,,,https://www.sieuthivienthong.com/dau-ghi-hinh-camera-ip-16-kenh-kabe-vision-kx-dai4k8216en3-90522.html,2026-09-16T09:59:25+07:00
KX-DAi4K8816EN3,Đầu ghi hình camera IP 16 kênh Kabe Vision KX-DAi4K8816EN3,priced,13850000,14960000,https://www.sieuthivienthong.com/dau-ghi-hinh-camera-ip-16-kenh-kabe-vision-kx-dai4k8816en3-90523.html,2026-09-16T09:59:25+07:00
KX-C4K8232SN3,Đầu ghi hình camera IP 32 kênh Kabe Vision KX-C4K8232SN3,contact,,,https://www.sieuthivienthong.com/dau-ghi-hinh-camera-ip-32-kenh-kbvision-kx-c4k8232sn3-82928.html,2026-09-16T09:59:25+07:00
KX-C4K8432SN3,Đầu ghi hình camera IP 32 kênh Kabe Vision KX-C4K8432SN3,priced,7850000,8480000,https://www.sieuthivienthong.com/dau-ghi-hinh-camera-ip-32-kenh-kabe-vision-kx-c4k8432sn3-90312.html,2026-09-16T09:59:25+07:00
KX-DAi4K8232EN3,Đầu ghi hình camera IP 32 kênh Kabe Vision KX-DAi4K8232EN3,priced,7550000,8150000,https://www.sieuthivienthong.com/dau-ghi-hinh-camera-ip-32-kenh-kabe-vision-kx-dai4k8232en3-90526.html,2026-09-16T09:59:25+07:00
KX-DAi4K8432EN3,Đầu ghi hình camera IP 32 kênh Kabe Vision KX-DAi4K8432EN3,priced,11450000,12370000,https://www.sieuthivienthong.com/dau-ghi-hinh-camera-ip-32-kenh-kabe-vision-kx-dai4k8432en3-90527.html,2026-09-16T09:59:25+07:00
KX-DAi4K8832EN3,Đầu ghi hình camera IP 32 kênh Kabe Vision KX-DAi4K8832EN3,contact,,,https://www.sieuthivienthong.com/dau-ghi-hinh-camera-ip-32-kenh-kabe-vision-kx-dai4k8832en3-90511.html,2026-09-16T09:59:25+07:00
KX-EAi4K8832N4,Đầu ghi hình camera IP 32 kênh Kabe Vision KX-EAi4K8832N4,contact,,,https://www.sieuthivienthong.com/dau-ghi-hinh-camera-ip-32-kenh-kabe-vision-kx-eai4k8832n4-90528.html,2026-09-16T09:59:25+07:00
KX-A4K8104N3,Đầu ghi hình camera IP 4 kênh Kabe Vision KX-A4K8104N3,priced,1315000,1420000,https://www.sieuthivienthong.com/dau-ghi-hinh-camera-ip-4-kenh-kabe-vision-kx-a4k8104n3-90535.html,2026-09-16T09:59:25+07:00
KX-C4K8104SN3,Đầu ghi hình camera IP 4 kênh Kabe Vision KX-C4K8104SN3,priced,1520000,1640000,https://www.sieuthivienthong.com/dau-ghi-hinh-camera-ip-4-kenh-kabe-vision-kx-c4k8104sn3-90506.html,2026-09-16T09:59:25+07:00
KX-DAi4K8464EN3,Đầu ghi hình camera IP 64 kênh Kabe Vision KX-DAi4K8464EN3,contact,,,https://www.sieuthivienthong.com/dau-ghi-hinh-camera-ip-64-kenh-kabe-vision-kx-dai4k8464en3-90538.html,2026-09-16T09:59:25+07:00
KX-DAi4K8864EN3,Đầu ghi hình camera IP 64 kênh Kabe Vision KX-DAi4K8864EN3,priced,17650000,19060000,https://www.sieuthivienthong.com/dau-ghi-hinh-camera-ip-64-kenh-kabe-vision-kx-dai4k8864en3-90539.html,2026-09-16T09:59:25+07:00
KX-EAi4K8864N4,Đầu ghi hình camera IP 64 kênh Kabe Vision KX-EAi4K8864N4,contact,,,https://www.sieuthivienthong.com/dau-ghi-hinh-camera-ip-64-kenh-kabe-vision-kx-eai4k8864n4-90342.html,2026-09-16T09:59:25+07:00
KX-A4K8108N3,Đầu ghi hình camera IP 8 kênh Kabe Vision KX-A4K8108N3,priced,1485000,1600000,https://www.sieuthivienthong.com/dau-ghi-hinh-camera-ip-8-kenh-kabe-vision-kx-a4k8108n3-90544.html,2026-09-16T09:59:25+07:00
KX-C4K8108SN3,Đầu ghi hình camera IP 8 kênh Kabe Vision KX-C4K8108SN3,contact,,,https://www.sieuthivienthong.com/dau-ghi-hinh-camera-ip-8-kenh-kabe-vision-kx-c4k8108sn3-90504.html,2026-09-16T09:59:25+07:00
KX-CAi4K8108N2-I2,Đầu ghi hình camera IP 8 kênh Kabe Vision KX-CAi4K8108N2-I2,contact,,,https://www.sieuthivienthong.com/dau-ghi-hinh-camera-ip-8-kenh-kabe-vision-kx-cai4k8108n2-i2-90545.html,2026-09-16T09:59:25+07:00
KX-CAi4K8208EN2,Đầu ghi hình camera IP 8 kênh Kabe Vision KX-CAi4K8208EN2,contact,,,https://www.sieuthivienthong.com/dau-ghi-hinh-camera-ip-8-kenh-kbvision-kx-cai4k8208en2-80192.html,2026-09-16T09:59:25+07:00
KX-DAi4K8208EN3,Đầu ghi hình camera IP 8 kênh Kabe Vision KX-DAi4K8208EN3,contact,,,https://www.sieuthivienthong.com/dau-ghi-hinh-camera-ip-8-kenh-kabe-vision-kx-dai4k8208en3-90512.html,2026-09-16T09:59:25+07:00
Đầu ghi hình camera IP 8 kênh Kabe Vison KX-A8128N2,Đầu ghi hình camera IP 8 kênh Kabe Vison KX-A8128N2,priced,895000,970000,https://www.sieuthivienthong.com/dau-ghi-hinh-camera-ip-8-kenh-kabe-vison-kx-a8128n2-90500.html,2026-09-16T09:59:25+07:00
DS-1006KI,Bàn phím điều khiển camera HIKVISION DS-1006KI,contact,,,https://www.sieuthivienthong.com/ban-phim-dieu-khien-camera-hikvision-ds-1006ki-21227.html,2026-09-16T09:59:25+07:00
DS-1005KI,Bàn điều khiển camera HIKVISION DS-1005KI,contact,,,https://www.sieuthivienthong.com/ban-dieu-khien-camera-hikvision-ds-1005ki-15926.html,2026-09-16T09:59:25+07:00
DS-3WF0EC-5ACT(B),Bộ thu phát sóng không dây cho thang máy Hikvision DS-3WF0EC-5ACT(B),priced,1675000,1810000,https://www.sieuthivienthong.com/bo-thu-phat-song-khong-day-cho-thang-may-hikvision-ds-3wf0ec-5actb-89138.html,2026-09-16T09:59:25+07:00
DS-3WF0EC-2NT,Bộ truyền tải video không dây cho thang máy HIKVISION DS-3WF0EC-2NT,priced,979000,1060000,https://www.sieuthivienthong.com/bo-truyen-tai-video-khong-day-cho-thang-may-hikvision-ds-3wf0ec-2nt-89410.html,2026-09-16T09:59:25+07:00
DS-2CE17D0T-IT5(C),Camera 2MP HIKVISION DS-2CE17D0T-IT5(C),contact,,,https://www.sieuthivienthong.com/camera-2mp-hikvision-ds-2ce17d0t-it5c-52016.html,2026-09-16T09:59:25+07:00
DS-2CE10DF0T-FS,Camera 4 in 1 2MP HIKVISION DS-2CE10DF0T-FS,priced,630000,680000,https://www.sieuthivienthong.com/camera-4-in-1-2mp-hikvision-ds-2ce10df0t-fs-69947.html,2026-09-16T09:59:25+07:00
DS-2CE10DF0T-PFS,Camera 4 in 1 2MP HIKVISION DS-2CE10DF0T-PFS,contact,,,https://www.sieuthivienthong.com/camera-4-in-1-2mp-hikvision-ds-2ce10df0t-pfs-69952.html,2026-09-16T09:59:25+07:00
DS-2CE12DF0T-FS,Camera 4 in 1 2MP HIKVISION DS-2CE12DF0T-FS,priced,785000,850000,https://www.sieuthivienthong.com/camera-4-in-1-2mp-hikvision-ds-2ce12df0t-fs-69948.html,2026-09-16T09:59:25+07:00
DS-2CE16D0T-EXLF,Camera 4 in 1 2MP HIKVISION DS-2CE16D0T-EXLF,priced,430000,460000,https://www.sieuthivienthong.com/camera-4-in-1-2mp-hikvision-ds-2ce16d0t-exlf-81539.html,2026-09-16T09:59:25+07:00
DS-2CE16D0T-EXLPF,Camera 4 in 1 2MP HIKVISION DS-2CE16D0T-EXLPF,priced,403000,440000,https://www.sieuthivienthong.com/camera-4-in-1-2mp-hikvision-ds-2ce16d0t-exlpf-81536.html,2026-09-16T09:59:25+07:00
DS-2CE17D0T-EXLF,Camera 4 in 1 2MP HIKVISION DS-2CE17D0T-EXLF,priced,630000,680000,https://www.sieuthivienthong.com/camera-4-in-1-2mp-hikvision-ds-2ce17d0t-exlf-81544.html,2026-09-16T09:59:25+07:00
DS-2CE17D0T-LFS,Camera 4 in 1 2MP HIKVISION DS-2CE17D0T-LFS,contact,,,https://www.sieuthivienthong.com/camera-4-in-1-2mp-hikvision-ds-2ce17d0t-lfs-66186.html,2026-09-16T09:59:25+07:00
DS-2CE70DF0T-PF,Camera 4 in 1 2MP HIKVISION DS-2CE70DF0T-PF,contact,,,https://www.sieuthivienthong.com/camera-4-in-1-2mp-hikvision-ds-2ce70df0t-pf-59663.html,2026-09-16T09:59:25+07:00
DS-2CE70DF0T-PFS,Camera 4 in 1 2MP HIKVISION DS-2CE70DF0T-PFS,contact,,,https://www.sieuthivienthong.com/camera-4-in-1-2mp-hikvision-ds-2ce70df0t-pfs-69955.html,2026-09-16T09:59:25+07:00
DS-2CE76D0T-EXLMF,Camera 4 in 1 2MP HIKVISION DS-2CE76D0T-EXLMF,priced,403000,440000,https://www.sieuthivienthong.com/camera-4-in-1-2mp-hikvision-ds-2ce76d0t-exlmf-81543.html,2026-09-16T09:59:25+07:00
DS-2CE76D0T-EXLPF,Camera 4 in 1 2MP HIKVISION DS-2CE76D0T-EXLPF,priced,362000,390000,https://www.sieuthivienthong.com/camera-4-in-1-2mp-hikvision-ds-2ce76d0t-exlpf-81541.html,2026-09-16T09:59:25+07:00
DS-2CE76D0T-LMFS,Camera 4 in 1 2MP HIKVISION DS-2CE76D0T-LMFS,contact,,,https://www.sieuthivienthong.com/camera-4-in-1-2mp-hikvision-ds-2ce76d0t-lmfs-66184.html,2026-09-16T09:59:25+07:00
DS-2CE16H8T-IT5F,Camera 4 in 1 5MP HIKVISION DS-2CE16H8T-IT5F,contact,,,https://www.sieuthivienthong.com/camera-4-in-1-5mp-hikvision-ds-2ce16h8t-it5f-89406.html,2026-09-16T09:59:25+07:00
DS-2CE17H0T-IT3F(C),Camera 4 in 1 5MP HIKVISION DS-2CE17H0T-IT3F(C),priced,980000,1060000,https://www.sieuthivienthong.com/camera-4-in-1-5mp-hikvision-ds-2ce17h0t-it3fc-56852.html,2026-09-16T09:59:25+07:00
DS-2CE17H0T-IT3FS,Camera 4 in 1 5MP HIKVISION DS-2CE17H0T-IT3FS,contact,,,https://www.sieuthivienthong.com/camera-4-in-1-5mp-hikvision-ds-2ce17h0t-it3fs-56850.html,2026-09-16T09:59:25+07:00
DS-2CE17H0T-IT5F(C),Camera 4 in 1 5MP HIKVISION DS-2CE17H0T-IT5F(C),contact,,,https://www.sieuthivienthong.com/camera-4-in-1-5mp-hikvision-ds-2ce17h0t-it5fc-52021.html,2026-09-16T09:59:25+07:00
DS-2CE56H0T-IRMMF(C),Camera 4 in 1 5MP HIKVISION DS-2CE56H0T-IRMMF(C),contact,,,https://www.sieuthivienthong.com/camera-4-in-1-5mp-hikvision-ds-2ce56h0t-irmmfc-59664.html,2026-09-16T09:59:25+07:00
DS-2CE16U1T-IT5F,Camera 4 in 1 8.3MP HIKVISION DS-2CE16U1T-IT5F,contact,,,https://www.sieuthivienthong.com/camera-4-in-1-83mp-hikvision-ds-2ce16u1t-it5f-31144.html,2026-09-16T09:59:25+07:00
DS-2CE16U1T-ITF,Camera 4 in 1 8.3MP HIKVISION DS-2CE16U1T-ITF,contact,,,https://www.sieuthivienthong.com/camera-4-in-1-83mp-hikvision-ds-2ce16u1t-itf-31139.html,2026-09-16T09:59:25+07:00
DS-2CE76U1T-ITMF,Camera 4 in 1 8.3MP HIKVISION DS-2CE76U1T-ITMF,contact,,,https://www.sieuthivienthong.com/camera-4-in-1-83mp-hikvision-ds-2ce76u1t-itmf-31142.html,2026-09-16T09:59:25+07:00
DS-2CE78U1T-IT3F,Camera 4 in 1 8.3MP HIKVISION DS-2CE78U1T-IT3F,contact,,,https://www.sieuthivienthong.com/camera-4-in-1-83mp-hikvision-ds-2ce78u1t-it3f-31146.html,2026-09-16T09:59:25+07:00
DS-2CE12DF3T-PIRXOS,Camera ColorVu 2MP HIKVISION DS-2CE12DF3T-PIRXOS,contact,,,https://www.sieuthivienthong.com/camera-colorvu-2mp-hikvision-ds-2ce12df3t-pirxos-71665.html,2026-09-16T09:59:25+07:00
DS-2CE72DF3T-PIRXOS,Camera ColorVu 2MP HIKVISION DS-2CE72DF3T-PIRXOS,contact,,,https://www.sieuthivienthong.com/camera-colorvu-2mp-hikvision-ds-2ce72df3t-pirxos-71664.html,2026-09-16T09:59:25+07:00
DS-2CC52H1T-FITS,Camera Fisheye 5MP HIKVISION DS-2CC52H1T-FITS,contact,,,https://www.sieuthivienthong.com/camera-fisheye-5mp-hikvision-ds-2cc52h1t-fits-20166.html,2026-09-16T09:59:25+07:00
DS-2AE5225TI-A (E),Camera HD-TV 2MP HIKVISION DS-2AE5225TI-A (E),contact,,,https://www.sieuthivienthong.com/camera-hd-tv-2mp-hikvision-ds-2ae5225ti-a-e-26866.html,2026-09-16T09:59:25+07:00
DS-2CE72DFT-F,Camera HD-TV 2MP HIKVISION DS-2CE72DFT-F,contact,,,https://www.sieuthivienthong.com/camera-hd-tv-2mp-hikvision-ds-2ce72dft-f-26870.html,2026-09-16T09:59:25+07:00
DS-2AE4215TI-D(E),Camera HD-TVI 2MP HIKVISION DS-2AE4215TI-D(E),contact,,,https://www.sieuthivienthong.com/camera-hd-tvi-2mp-hikvision-ds-2ae4215ti-de-26072.html,2026-09-16T09:59:25+07:00
DS-2AE4225TI-D(E),Camera HD-TVI 2MP HIKVISION DS-2AE4225TI-D(E),contact,,,https://www.sieuthivienthong.com/camera-hd-tvi-2mp-hikvision-ds-2ae4225ti-de-26073.html,2026-09-16T09:59:25+07:00
DS-2AE5232TI-A(E),Camera HD-TVI 2MP HIKVISION DS-2AE5232TI-A(E),contact,,,https://www.sieuthivienthong.com/camera-hd-tvi-2mp-hikvision-ds-2ae5232ti-ae-27642.html,2026-09-16T09:59:25+07:00
DS-2AE7232TI-A,Camera HD-TVI 2MP HIKVISION DS-2AE7232TI-A,contact,,,https://www.sieuthivienthong.com/camera-hd-tvi-2mp-hikvision-ds-2ae7232ti-a-26867.html,2026-09-16T09:59:25+07:00
DS-2CE10DF0T-F,Camera HD-TVI 2MP HIKVISION DS-2CE10DF0T-F,contact,,,https://www.sieuthivienthong.com/camera-hd-tvi-2mp-hikvision-ds-2ce10df0t-f-54477.html,2026-09-16T09:59:25+07:00
DS-2CE10DF0T-PF,Camera HD-TVI 2MP HIKVISION DS-2CE10DF0T-PF,priced,605000,650000,https://www.sieuthivienthong.com/camera-hd-tvi-2mp-hikvision-ds-2ce10df0t-pf-54514.html,2026-09-16T09:59:25+07:00
DS-2CE12D8T-PIRL,Camera HD-TVI 2MP HIKVISION DS-2CE12D8T-PIRL,contact,,,https://www.sieuthivienthong.com/camera-hd-tvi-2mp-hikvision-ds-2ce12d8t-pirl-25853.html,2026-09-16T09:59:25+07:00
DS-2CE12DF0T-F,Camera HD-TVI 2MP HIKVISION DS-2CE12DF0T-F,contact,,,https://www.sieuthivienthong.com/camera-hd-tvi-2mp-hikvision-ds-2ce12df0t-f-54479.html,2026-09-16T09:59:25+07:00
DS-2CE16D0T-EXIPF,Camera HD-TVI 2MP HIKVISION DS-2CE16D0T-EXIPF,priced,328000,350000,https://www.sieuthivienthong.com/camera-hd-tvi-2mp-hikvision-ds-2ce16d0t-exipf-86537.html,2026-09-16T09:59:25+07:00
DS-2CE16D0T-IRP(C),Camera HD-TVI 2MP HIKVISION DS-2CE16D0T-IRP(C),contact,,,https://www.sieuthivienthong.com/camera-hd-tvi-2mp-hikvision-ds-2ce16d0t-irpc-37568.html,2026-09-16T09:59:25+07:00
DS-2CE16D0T-LPTS,Camera HD-TVI 2MP HIKVISION DS-2CE16D0T-LPTS,priced,469000,510000,https://www.sieuthivienthong.com/camera-hd-tvi-2mp-hikvision-ds-2ce16d0t-lpts-86318.html,2026-09-16T09:59:25+07:00
DS-2CE16D0T-LTS,Camera HD-TVI 2MP HIKVISION DS-2CE16D0T-LTS,priced,558000,600000,https://www.sieuthivienthong.com/camera-hd-tvi-2mp-hikvision-ds-2ce16d0t-lts-86320.html,2026-09-16T09:59:25+07:00
DS-2CE17D0T-LTS,Camera HD-TVI 2MP HIKVISION DS-2CE17D0T-LTS,contact,,,https://www.sieuthivienthong.com/camera-hd-tvi-2mp-hikvision-ds-2ce17d0t-lts-86322.html,2026-09-16T09:59:25+07:00
DS-2CE38D8T-PIR,Camera HD-TVI 2MP HIKVISION DS-2CE38D8T-PIR,contact,,,https://www.sieuthivienthong.com/camera-hd-tvi-2mp-hikvision-ds-2ce38d8t-pir-25855.html,2026-09-16T09:59:25+07:00
DS-2CE56D8T-ITM,Camera HD-TVI 2MP HIKVISION DS-2CE56D8T-ITM,contact,,,https://www.sieuthivienthong.com/camera-hd-tvi-2mp-hikvision-ds-2ce56d8t-itm-21145.html,2026-09-16T09:59:25+07:00
DS-2CE70DF0T-MF,Camera HD-TVI 2MP HIKVISION DS-2CE70DF0T-MF,priced,609500,660000,https://www.sieuthivienthong.com/camera-hd-tvi-2mp-hikvision-ds-2ce70df0t-mf-54475.html,2026-09-16T09:59:25+07:00
DS-2CE70DF0T-MFS,Camera HD-TVI 2MP HIKVISION DS-2CE70DF0T-MFS,contact,,,https://www.sieuthivienthong.com/camera-hd-tvi-2mp-hikvision-ds-2ce70df0t-mfs-70982.html,2026-09-16T09:59:25+07:00
DS-2CE71D8T-PIRL,Camera HD-TVI 2MP HIKVISION DS-2CE71D8T-PIRL,contact,,,https://www.sieuthivienthong.com/camera-hd-tvi-2mp-hikvision-ds-2ce71d8t-pirl-25852.html,2026-09-16T09:59:25+07:00
DS-2CE72DF0T-F,Camera HD-TVI 2MP HIKVISION DS-2CE72DF0T-F,priced,730000,790000,https://www.sieuthivienthong.com/camera-hd-tvi-2mp-hikvision-ds-2ce72df0t-f-54474.html,2026-09-16T09:59:25+07:00
DS-2CE76D0T-EXIPF,Camera HD-TVI 2MP HIKVISION DS-2CE76D0T-EXIPF,contact,,,https://www.sieuthivienthong.com/camera-hd-tvi-2mp-hikvision-ds-2ce76d0t-exipf-86539.html,2026-09-16T09:59:25+07:00
DS-2CE78D0T-LTS,Camera HD-TVI 2MP HIKVISION DS-2CE78D0T-LTS,priced,580000,630000,https://www.sieuthivienthong.com/camera-hd-tvi-2mp-hikvision-ds-2ce78d0t-lts-86323.html,2026-09-16T09:59:25+07:00
DS-2CE12KF0T-FS,Camera HD-TVI 3K ColorVu HIKVISION DS-2CE12KF0T-FS,priced,1060000,1140000,https://www.sieuthivienthong.com/camera-hd-tvi-3k-colorvu-hikvision-ds-2ce12kf0t-fs-58947.html,2026-09-16T09:59:25+07:00
DS-2CE72KF0T-FS,Camera HD-TVI 3K ColorVu HIKVISION DS-2CE72KF0T-FS,contact,,,https://www.sieuthivienthong.com/camera-hd-tvi-3k-colorvu-hikvision-ds-2ce72kf0t-fs-58960.html,2026-09-16T09:59:25+07:00
DS-2CE10KF0T-FS,Camera HD-TVI 3K ColorVu Hikvision DS-2CE10KF0T-FS,priced,865000,930000,https://www.sieuthivienthong.com/camera-hd-tvi-3k-colorvu-hikvision-ds-2ce10kf0t-fs-58944.html,2026-09-16T09:59:25+07:00
DS-2CE70KF0T-MFS,Camera HD-TVI 3K ColorVu Hikvision DS-2CE70KF0T-MFS,contact,,,https://www.sieuthivienthong.com/camera-hd-tvi-3k-colorvu-hikvision-ds-2ce70kf0t-mfs-58956.html,2026-09-16T09:59:25+07:00
DS-2CE56F7T-IT3,Camera HD-TVI 3MP HIKVISION DS-2CE56F7T-IT3,contact,,,https://www.sieuthivienthong.com/camera-hd-tvi-3mp-hikvision-ds-2ce56f7t-it3-16341.html,2026-09-16T09:59:25+07:00
DS-2CE12H0T-PIRL,Camera HD-TVI 5MP HIKVISION DS-2CE12H0T-PIRL,contact,,,https://www.sieuthivienthong.com/camera-hd-tvi-5mp-hikvision-ds-2ce12h0t-pirl-26888.html,2026-09-16T09:59:25+07:00
DS-2CE16H0T-ITFS,Camera HD-TVI 5MP HIKVISION DS-2CE16H0T-ITFS,contact,,,https://www.sieuthivienthong.com/camera-hd-tvi-5mp-hikvision-ds-2ce16h0t-itfs-35573.html,2026-09-16T09:59:25+07:00
DS-2CE16H0T-ITPFS,Camera HD-TVI 5MP HIKVISION DS-2CE16H0T-ITPFS,priced,775000,840000,https://www.sieuthivienthong.com/camera-hd-tvi-5mp-hikvision-ds-2ce16h0t-itpfs-35574.html,2026-09-16T09:59:25+07:00
DS-2CE16H8T-ITF,Camera HD-TVI 5MP HIKVISION DS-2CE16H8T-ITF,contact,,,https://www.sieuthivienthong.com/camera-hd-tvi-5mp-hikvision-ds-2ce16h8t-itf-31126.html,2026-09-16T09:59:25+07:00
DS-2CE71H0T-PIRLPO,Camera HD-TVI 5MP HIKVISION DS-2CE71H0T-PIRLPO,contact,,,https://www.sieuthivienthong.com/camera-hd-tvi-5mp-hikvision-ds-2ce71h0t-pirlpo-52018.html,2026-09-16T09:59:25+07:00
DS-2CE76H0T-ITMFS,Camera HD-TVI 5MP HIKVISION DS-2CE76H0T-ITMFS,priced,775000,840000,https://www.sieuthivienthong.com/camera-hd-tvi-5mp-hikvision-ds-2ce76h0t-itmfs-35575.html,2026-09-16T09:59:25+07:00
DS-2CE76H0T-ITPFS,Camera HD-TVI 5MP HIKVISION DS-2CE76H0T-ITPFS,contact,,,https://www.sieuthivienthong.com/camera-hd-tvi-5mp-hikvision-ds-2ce76h0t-itpfs-35576.html,2026-09-16T09:59:25+07:00
DS-2CE76H8T-ITMF,Camera HD-TVI 5MP HIKVISION DS-2CE76H8T-ITMF,contact,,,https://www.sieuthivienthong.com/camera-hd-tvi-5mp-hikvision-ds-2ce76h8t-itmf-31127.html,2026-09-16T09:59:25+07:00
DS-2CE78H0T-IT3FS,Camera HD-TVI 5MP HIKVISION DS-2CE78H0T-IT3FS,contact,,,https://www.sieuthivienthong.com/camera-hd-tvi-5mp-hikvision-ds-2ce78h0t-it3fs-35579.html,2026-09-16T09:59:25+07:00
DS-2CE78H8T-IT3F,Camera HD-TVI 5MP HIKVISION DS-2CE78H8T-IT3F,contact,,,https://www.sieuthivienthong.com/camera-hd-tvi-5mp-hikvision-ds-2ce78h8t-it3f-31132.html,2026-09-16T09:59:25+07:00
DS-2CE12D0T-PIRL,Camera HD-TVI hồng ngoại 2.0 Megapixel HIKVISION DS-2CE12D0T-PIRL,not_found,,,,2026-09-16T09:59:25+07:00
DS-2AE4215T-D3(D),Camera HDTVI 2MP HIKVISION DS-2AE4215T-D3(D),contact,,,https://www.sieuthivienthong.com/camera-hdtvi-2mp-hikvision-ds-2ae4215t-d3d-21886.html,2026-09-16T09:59:25+07:00
DS-2CE10DF3T-F,Camera HDTVI 2MP HIKVISION DS-2CE10DF3T-F,priced,862500,930000,https://www.sieuthivienthong.com/camera-hdtvi-2mp-hikvision-ds-2ce10df3t-f-44271.html,2026-09-16T09:59:25+07:00
DS-2CE10DF3T-FS,Camera HDTVI 2MP HIKVISION DS-2CE10DF3T-FS,contact,,,https://www.sieuthivienthong.com/camera-hdtvi-2mp-hikvision-ds-2ce10df3t-fs-45867.html,2026-09-16T09:59:25+07:00
DS-2CE12DF3T-F,Camera HDTVI 2MP HIKVISION DS-2CE12DF3T-F,contact,,,https://www.sieuthivienthong.com/camera-hdtvi-2mp-hikvision-ds-2ce12df3t-f-44278.html,2026-09-16T09:59:25+07:00
DS-2CE12DF3T-FS,Camera HDTVI 2MP HIKVISION DS-2CE12DF3T-FS,priced,1025000,1110000,https://www.sieuthivienthong.com/camera-hdtvi-2mp-hikvision-ds-2ce12df3t-fs-45865.html,2026-09-16T09:59:25+07:00
DS-2CE70DF3T-MF,Camera HDTVI 2MP HIKVISION DS-2CE70DF3T-MF,contact,,,https://www.sieuthivienthong.com/camera-hdtvi-2mp-hikvision-ds-2ce70df3t-mf-44276.html,2026-09-16T09:59:25+07:00
DS-2CE70DF3T-MFS,Camera HDTVI 2MP HIKVISION DS-2CE70DF3T-MFS,contact,,,https://www.sieuthivienthong.com/camera-hdtvi-2mp-hikvision-ds-2ce70df3t-mfs-49201.html,2026-09-16T09:59:25+07:00
DS-2CE70DF3T-PF,Camera HDTVI 2MP HIKVISION DS-2CE70DF3T-PF,contact,,,https://www.sieuthivienthong.com/camera-hdtvi-2mp-hikvision-ds-2ce70df3t-pf-44277.html,2026-09-16T09:59:25+07:00
DS-2CE72DF3T-F,Camera HDTVI 2MP HIKVISION DS-2CE72DF3T-F,contact,,,https://www.sieuthivienthong.com/camera-hdtvi-2mp-hikvision-ds-2ce72df3t-f-44279.html,2026-09-16T09:59:25+07:00
DS-2CE72DF3T-FS,Camera HDTVI 2MP HIKVISION DS-2CE72DF3T-FS,contact,,,https://www.sieuthivienthong.com/camera-hdtvi-2mp-hikvision-ds-2ce72df3t-fs-45866.html,2026-09-16T09:59:25+07:00
DS-2CD1021G0-I,Camera IP 2MP HIKVISION DS-2CD1021G0-I,contact,,,https://www.sieuthivienthong.com/camera-ip-2mp-hikvision-ds-2cd1021g0-i-79760.html,2026-09-16T09:59:25+07:00
DS-2CD1027G2-L,Camera IP 2MP HIKVISION DS-2CD1027G2-L,contact,,,https://www.sieuthivienthong.com/camera-ip-2mp-hikvision-ds-2cd1027g2-l-72142.html,2026-09-16T09:59:25+07:00
DS-2CD1123G0E-ID,Camera IP 2MP HIKVISION DS-2CD1123G0E-ID,priced,585000,630000,https://www.sieuthivienthong.com/camera-ip-2mp-hikvision-ds-2cd1123g0e-id-47487.html,2026-09-16T09:59:25+07:00
DS-2CD1321G0-I,Camera IP 2MP HIKVISION DS-2CD1321G0-I,priced,655000,710000,https://www.sieuthivienthong.com/camera-ip-2mp-hikvision-ds-2cd1321g0-i-79763.html,2026-09-16T09:59:25+07:00
DS-2CD1323G2-LIUF,Camera IP 2MP HIKVISION DS-2CD1323G2-LIUF,priced,965000,1040000,https://www.sieuthivienthong.com/camera-ip-2mp-hikvision-ds-2cd1323g2-liuf-77263.html,2026-09-16T09:59:25+07:00
DS-2CD1323G2-LIUF/SL,Camera IP 2MP HIKVISION DS-2CD1323G2-LIUF/SL,contact,,,https://www.sieuthivienthong.com/camera-ip-2mp-hikvision-ds-2cd1323g2-liufsl-84569.html,2026-09-16T09:59:25+07:00
DS-2CD1P23G2-IUF,Camera IP 2MP HIKVISION DS-2CD1P23G2-IUF,contact,,,https://www.sieuthivienthong.com/camera-ip-2mp-hikvision-ds-2cd1p23g2-iuf-70992.html,2026-09-16T09:59:25+07:00
DS-2CD1T21G2-LIU,Camera IP 2MP HIKVISION DS-2CD1T21G2-LIU,priced,1030000,1110000,https://www.sieuthivienthong.com/camera-ip-2mp-hikvision-ds-2cd1t21g2-liu-85264.html,2026-09-16T09:59:25+07:00
DS-2CD1T23G2-LIUF/SL,Camera IP 2MP HIKVISION DS-2CD1T23G2-LIUF/SL,priced,1015000,1100000,https://www.sieuthivienthong.com/camera-ip-2mp-hikvision-ds-2cd1t23g2-liufsl-84575.html,2026-09-16T09:59:25+07:00
DS-2CD2021G1-I (C),Camera IP 2MP HIKVISION DS-2CD2021G1-I (C),contact,,,https://www.sieuthivienthong.com/camera-ip-2mp-hikvision-ds-2cd2021g1-i-c-26893.html,2026-09-16T09:59:25+07:00
DS-2CD2023G2-LI2U,Camera IP 2MP HIKVISION DS-2CD2023G2-LI2U,priced,2340000,2530000,https://www.sieuthivienthong.com/camera-ip-2mp-hikvision-ds-2cd2023g2-li2u-87821.html,2026-09-16T09:59:25+07:00
DS-2CD2121G0-I,Camera IP 2MP HIKVISION DS-2CD2121G0-I,priced,1550000,1670000,https://www.sieuthivienthong.com/camera-ip-2mp-hikvision-ds-2cd2121g0-i-23777.html,2026-09-16T09:59:25+07:00
DS-2CD2121G0-IWS,Camera IP 2MP HIKVISION DS-2CD2121G0-IWS,contact,,,https://www.sieuthivienthong.com/camera-ip-2mp-hikvision-ds-2cd2121g0-iws-23781.html,2026-09-16T09:59:25+07:00
DS-2CD2123G2-LIS2U,Camera IP 2MP HIKVISION DS-2CD2123G2-LIS2U,contact,,,https://www.sieuthivienthong.com/camera-ip-2mp-hikvision-ds-2cd2123g2-lis2u-87825.html,2026-09-16T09:59:25+07:00
DS-2CD2621G0-IZ,Camera IP 2MP HIKVISION DS-2CD2621G0-IZ,contact,,,https://www.sieuthivienthong.com/camera-ip-2mp-hikvision-ds-2cd2621g0-iz-25744.html,2026-09-16T09:59:25+07:00
DS-2CD2623G2-LIZS2U,Camera IP 2MP HIKVISION DS-2CD2623G2-LIZS2U,contact,,,https://www.sieuthivienthong.com/camera-ip-2mp-hikvision-ds-2cd2623g2-lizs2u-87848.html,2026-09-16T09:59:25+07:00
DS-2CD2T21G1-I (C),Camera IP 2MP HIKVISION DS-2CD2T21G1-I (C),priced,1630000,1760000,https://www.sieuthivienthong.com/camera-ip-2mp-hikvision-ds-2cd2t21g1-i-c-43274.html,2026-09-16T09:59:25+07:00
DS-2CD2T23G2-2I,Camera IP 2MP HIKVISION DS-2CD2T23G2-2I,contact,,,https://www.sieuthivienthong.com/camera-ip-2mp-hikvision-ds-2cd2t23g2-2i-56565.html,2026-09-16T09:59:25+07:00
DS-2CD2T23G2-2LI2U,Camera IP 2MP HIKVISION DS-2CD2T23G2-2LI2U,contact,,,https://www.sieuthivienthong.com/camera-ip-2mp-hikvision-ds-2cd2t23g2-2li2u-87837.html,2026-09-16T09:59:25+07:00
DS-2CD2T23G2-4LI2U,Camera IP 2MP HIKVISION DS-2CD2T23G2-4LI2U,contact,,,https://www.sieuthivienthong.com/camera-ip-2mp-hikvision-ds-2cd2t23g2-4li2u-87841.html,2026-09-16T09:59:25+07:00
DS-2CD3123G2-ISU,Camera IP 2MP HIKVISION DS-2CD3123G2-ISU,contact,,,https://www.sieuthivienthong.com/camera-ip-2mp-hikvision-ds-2cd3123g2-isu-82234.html,2026-09-16T09:59:25+07:00
DS-2CV1021G1-IDW,Camera IP 2MP HIKVISION DS-2CV1021G1-IDW,contact,,,https://www.sieuthivienthong.com/camera-ip-2mp-hikvision-ds-2cv1021g1-idw-68312.html,2026-09-16T09:59:25+07:00
DS-2CV1023G2-LIDWF(B),Camera IP 2MP HIKVISION DS-2CV1023G2-LIDWF(B),contact,,,https://www.sieuthivienthong.com/camera-ip-2mp-hikvision-ds-2cv1023g2-lidwfb-86354.html,2026-09-16T09:59:25+07:00
DS-2CV1F23G2-LIDWF(B),Camera IP 2MP HIKVISION DS-2CV1F23G2-LIDWF(B),contact,,,https://www.sieuthivienthong.com/camera-ip-2mp-hikvision-ds-2cv1f23g2-lidwfb-86358.html,2026-09-16T09:59:25+07:00
DS-2CV2021G2-IDW,Camera IP 2MP HIKVISION DS-2CV2021G2-IDW,contact,,,https://www.sieuthivienthong.com/camera-ip-2mp-hikvision-ds-2cv2021g2-idw-64008.html,2026-09-16T09:59:25+07:00
DS-2CV2121G2-IDW (E),Camera IP 2MP HIKVISION DS-2CV2121G2-IDW (E),contact,,,https://www.sieuthivienthong.com/camera-ip-2mp-hikvision-ds-2cv2121g2-idw-e-62079.html,2026-09-16T09:59:25+07:00
DS-2DE2C200MWG-4G,Camera IP 2MP HIKVISION DS-2DE2C200MWG-4G,contact,,,https://www.sieuthivienthong.com/camera-ip-2mp-hikvision-ds-2de2c200mwg-4g-86365.html,2026-09-16T09:59:25+07:00
DS-2DE2C200MWG/W,Camera IP 2MP HIKVISION DS-2DE2C200MWG/W,contact,,,https://www.sieuthivienthong.com/camera-ip-2mp-hikvision-ds-2de2c200mwgw-86361.html,2026-09-16T09:59:25+07:00
DS-2DE2C200SCG-E(F0),Camera IP 2MP HIKVISION DS-2DE2C200SCG-E(F0),contact,,,https://www.sieuthivienthong.com/camera-ip-2mp-hikvision-ds-2de2c200scg-ef0-71000.html,2026-09-16T09:59:25+07:00
DS-2DE4225IW-DE(T5),Camera IP 2MP HIKVISION DS-2DE4225IW-DE(T5),contact,,,https://www.sieuthivienthong.com/camera-ip-2mphikvision-ds-2de4225iw-det5-64018.html,2026-09-16T09:59:25+07:00
DS-2DE4A225IWG-E,Camera IP 2MP HIKVISION DS-2DE4A225IWG-E,contact,,,https://www.sieuthivienthong.com/camera-ip-2mp-hikvision-ds-2de4a225iwg-e-71759.html,2026-09-16T09:59:25+07:00
HP-2CD1T23G0E-GPRO(v2),Camera IP 2MP HIKVISION HP-2CD1T23G0E-GPRO(v2),contact,,,https://www.sieuthivienthong.com/camera-ip-2mp-hikvision-hp-2cd1t23g0e-gprov2-89323.html,2026-09-16T09:59:25+07:00
DS-2CD2935FWD-I,Camera IP 3MP HIKVISION DS-2CD2935FWD-I,priced,5580000,6030000,https://www.sieuthivienthong.com/camera-ip-3mp-hikvision-ds-2cd2935fwd-i-50474.html,2026-09-16T09:59:25+07:00
DS-2CD1047G2H-LIUF,Camera IP 4MP HIKVISION DS-2CD1047G2H-LIUF,contact,,,https://www.sieuthivienthong.com/camera-ip-4mp-hikvision-ds-2cd1047g2h-liuf-84582.html,2026-09-16T09:59:25+07:00
DS-2CD1047G3H-LIUF/SRB,Camera IP 4MP HIKVISION DS-2CD1047G3H-LIUF/SRB,contact,,,https://www.sieuthivienthong.com/camera-ip-4mp-hikvision-ds-2cd1047g3h-liufsrb-90476.html,2026-09-16T09:59:25+07:00
DS-2CD1343G2-LIUF,Camera IP 4MP HIKVISION DS-2CD1343G2-LIUF,contact,,,https://www.sieuthivienthong.com/camera-ip-4mp-hikvision-ds-2cd1343g2-liuf-83116.html,2026-09-16T09:59:25+07:00
DS-2CD1343G2-LIUF/SL,Camera IP 4MP HIKVISION DS-2CD1343G2-LIUF/SL,contact,,,https://www.sieuthivienthong.com/camera-ip-4mp-hikvision-ds-2cd1343g2-liufsl-84572.html,2026-09-16T09:59:25+07:00
DS-2CD1743G2-IZ,Camera IP 4MP HIKVISION DS-2CD1743G2-IZ,contact,,,https://www.sieuthivienthong.com/camera-ip-4mp-hikvision-ds-2cd1743g2-iz-86898.html,2026-09-16T09:59:25+07:00
DS-2CD1B47G3H-LIUF/SRB,Camera IP 4MP HIKVISION DS-2CD1B47G3H-LIUF/SRB,priced,2230000,2410000,https://www.sieuthivienthong.com/camera-ip-4mp-hikvision-ds-2cd1b47g3h-liufsrb-90480.html,2026-09-16T09:59:25+07:00
DS-2CD1T43G2-LIUF/SL,Camera IP 4MP HIKVISION DS-2CD1T43G2-LIUF/SL,contact,,,https://www.sieuthivienthong.com/camera-ip-4mp-hikvision-ds-2cd1t43g2-liufsl-84577.html,2026-09-16T09:59:25+07:00
DS-2CD1T47G2H-LIUF,Camera IP 4MP HIKVISION DS-2CD1T47G2H-LIUF,contact,,,https://www.sieuthivienthong.com/camera-ip-4mp-hikvision-ds-2cd1t47g2h-liuf-84588.html,2026-09-16T09:59:25+07:00
DS-2CD2043G2-LI2U,Camera IP 4MP HIKVISION DS-2CD2043G2-LI2U,contact,,,https://www.sieuthivienthong.com/camera-ip-4mp-hikvision-ds-2cd2043g2-li2u-87822.html,2026-09-16T09:59:25+07:00
DS-2CD2047G2-LU/SL(C),Camera IP 4MP HIKVISION DS-2CD2047G2-LU/SL(C),contact,,,https://www.sieuthivienthong.com/camera-ip-4mp-hikvision-ds-2cd2047g2-luslc-54595.html,2026-09-16T09:59:25+07:00
DS-2CD2143G2-IU,Camera IP 4MP HIKVISION DS-2CD2143G2-IU,contact,,,https://www.sieuthivienthong.com/camera-ip-4mp-hikvision-ds-2cd2143g2-iu-56814.html,2026-09-16T09:59:25+07:00
DS-2CD2143G2-LIS2U,Camera IP 4MP HIKVISION DS-2CD2143G2-LIS2U,priced,2375000,2560000,https://www.sieuthivienthong.com/camera-ip-4mp-hikvision-ds-2cd2143g2-lis2u-87826.html,2026-09-16T09:59:25+07:00
DS-2CD2346G2P-ISU/SL,Camera IP 4MP HIKVISION DS-2CD2346G2P-ISU/SL,contact,,,https://www.sieuthivienthong.com/camera-ip-4mp-hikvision-ds-2cd2346g2p-isusl-89122.html,2026-09-16T09:59:25+07:00
DS-2CD2347G2-LU(C),Camera IP 4MP HIKVISION DS-2CD2347G2-LU(C),contact,,,https://www.sieuthivienthong.com/camera-ip-4mp-hikvision-ds-2cd2347g2-luc-54571.html,2026-09-16T09:59:25+07:00
DS-2CD2643G2-IZS,Camera IP 4MP HIKVISION DS-2CD2643G2-IZS,contact,,,https://www.sieuthivienthong.com/camera-ip-4mp-hikvision-ds-2cd2643g2-izs-56818.html,2026-09-16T09:59:25+07:00
DS-2CD2643G2-LIZS2U,Camera IP 4MP HIKVISION DS-2CD2643G2-LIZS2U,contact,,,https://www.sieuthivienthong.com/camera-ip-4mp-hikvision-ds-2cd2643g2-lizs2u-87850.html,2026-09-16T09:59:25+07:00
DS-2CD2743G2-LIZS2U,Camera IP 4MP HIKVISION DS-2CD2743G2-LIZS2U,contact,,,https://www.sieuthivienthong.com/camera-ip-4mp-hikvision-ds-2cd2743g2-lizs2u-87854.html,2026-09-16T09:59:25+07:00
DS-2CD2T41G1-I (C),Camera IP 4MP HIKVISION DS-2CD2T41G1-I (C),priced,1965000,2120000,https://www.sieuthivienthong.com/camera-ip-4mp-hikvision-ds-2cd2t41g1-i-c-43275.html,2026-09-16T09:59:25+07:00
DS-2CD2T43G2-4I,Camera IP 4MP HIKVISION DS-2CD2T43G2-4I,contact,,,https://www.sieuthivienthong.com/camera-ip-4mp-hikvision-ds-2cd2t43g2-4i-54582.html,2026-09-16T09:59:25+07:00
DS-2CD2T43G2-4LI2U,Camera IP 4MP HIKVISION DS-2CD2T43G2-4LI2U,contact,,,https://www.sieuthivienthong.com/camera-ip-4mphikvision-ds-2cd2t43g2-4li2u-87843.html,2026-09-16T09:59:25+07:00
DS-2CD2T46G2-ISU/SL,Camera IP 4MP HIKVISION DS-2CD2T46G2-ISU/SL,contact,,,https://www.sieuthivienthong.com/camera-ip-4mp-hikvision-ds-2cd2t46g2-isusl-46290.html,2026-09-16T09:59:25+07:00
DS-2CD2T46G2P-ISU/SL,Camera IP 4MP HIKVISION DS-2CD2T46G2P-ISU/SL,contact,,,https://www.sieuthivienthong.com/camera-ip-4mp-hikvision-ds-2cd2t46g2p-isusl-89123.html,2026-09-16T09:59:25+07:00
DS-2CD2T47G2H-LISU/SL,Camera IP 4MP HIKVISION DS-2CD2T47G2H-LISU/SL,contact,,,https://www.sieuthivienthong.com/camera-ip-4mp-hikvision-ds-2cd2t47g2h-lisusl-88285.html,2026-09-16T09:59:25+07:00
DS-2CV1043G2-LIDWF(B),Camera IP 4MP HIKVISION DS-2CV1043G2-LIDWF(B),priced,625000,680000,https://www.sieuthivienthong.com/camera-ip-4mp-hikvision-ds-2cv1043g2-lidwfb-86356.html,2026-09-16T09:59:25+07:00
DS-2CV1F43G2-LIDWF(B),Camera IP 4MP HIKVISION DS-2CV1F43G2-LIDWF(B),contact,,,https://www.sieuthivienthong.com/camera-ip-4mp-hikvision-ds-2cv1f43g2-lidwfb-86359.html,2026-09-16T09:59:25+07:00
DS-2DE2C400IWG-K/4G/C05S10,Camera IP 4MP HIKVISION DS-2DE2C400IWG-K/4G/C05S10,contact,,,https://www.sieuthivienthong.com/camera-ip-4mp-hikvision-ds-2de2c400iwg-k4gc05s10-89419.html,2026-09-16T09:59:25+07:00
DS-2DE2C400MWG-4G,Camera IP 4MP HIKVISION DS-2DE2C400MWG-4G,contact,,,https://www.sieuthivienthong.com/camera-ip-4mp-hikvision-ds-2de2c400mwg-4g-86366.html,2026-09-16T09:59:25+07:00
DS-2DE2C400MWG/W,Camera IP 4MP HIKVISION DS-2DE2C400MWG/W,contact,,,https://www.sieuthivienthong.com/camera-ip-4mp-hikvision-ds-2de2c400mwgw-86362.html,2026-09-16T09:59:25+07:00
DS-2DE2C400SCG-E(F0),Camera IP 4MP HIKVISION DS-2DE2C400SCG-E(F0),contact,,,https://www.sieuthivienthong.com/camera-ip-4mp-hikvision-ds-2de2c400scg-ef0-71003.html,2026-09-16T09:59:25+07:00
DS-2DE4425IWG-E(B),Camera IP 4MP HIKVISION DS-2DE4425IWG-E(B),contact,,,https://www.sieuthivienthong.com/camera-ip-4mp-hikvision-ds-2de4425iwg-eb-90486.html,2026-09-16T09:59:25+07:00
DS-2DE4A425IWG-E,Camera IP 4MP HIKVISION DS-2DE4A425IWG-E,contact,,,https://www.sieuthivienthong.com/camera-ip-4mp-hikvision-ds-2de4a425iwg-e-71760.html,2026-09-16T09:59:25+07:00
DS-2DE5425IW-AE(T5),Camera IP 4MP HIKVISION DS-2DE5425IW-AE(T5),contact,,,https://www.sieuthivienthong.com/camera-ip-4mp-hikvision-ds-2de5425iw-aet5-62777.html,2026-09-16T09:59:25+07:00
DS-2DE7A432IW-AEB(T5),Camera IP 4MP HIKVISION DS-2DE7A432IW-AEB(T5),contact,,,https://www.sieuthivienthong.com/camera-ip-4mp-hikvision-ds-2de7a432iw-aebt5-62787.html,2026-09-16T09:59:25+07:00
DS-2SE3C404MWG-E/14,Camera IP 4MP HIKVISION DS-2SE3C404MWG-E/14,contact,,,https://www.sieuthivienthong.com/camera-ip-4mp-hikvision-ds-2se3c404mwg-e14-87859.html,2026-09-16T09:59:25+07:00
DS-2SE4C425MWG-E/14 F0,Camera IP 4MP HIKVISION DS-2SE4C425MWG-E/14 F0,contact,,,https://www.sieuthivienthong.com/camera-ip-4mp-hikvision-ds-2se4c425mwg-e14f0-71764.html,2026-09-16T09:59:25+07:00
DS-2SE7C432MW-AEB(14F1)(P3),Camera IP 4MP HIKVISION DS-2SE7C432MW-AEB(14F1)(P3),contact,,,https://www.sieuthivienthong.com/camera-ip-4mp-hikvision-ds-2se7c432mw-aeb14f1p3-71773.html,2026-09-16T09:59:25+07:00
iDS-ANPR403-BI/0832,Camera IP 4MP HIKVISION iDS-ANPR403-BI/0832,contact,,,https://www.sieuthivienthong.com/camera-ip-4mp-hikvision-ids-anpr403-bi0832-86368.html,2026-09-16T09:59:25+07:00
iDS-TCM403-BI,Camera IP 4MP HIKVISION iDS-TCM403-BI,contact,,,https://www.sieuthivienthong.com/camera-ip-4mp-hikvision-ids-tcm403-bi-86846.html,2026-09-16T09:59:25+07:00
DS-2DE2C400IWG-K/4G/C09S20,Camera IP 4MP Hikvision DS-2DE2C400IWG-K/4G/C09S20,contact,,,https://www.sieuthivienthong.com/camera-ip-4mp-hikvision-ds-2de2c400iwg-k4gc09s20-89124.html,2026-09-16T09:59:25+07:00
DS-2CD2955G0-ISU,Camera IP 5MP HIKVISION DS-2CD2955G0-ISU,contact,,,https://www.sieuthivienthong.com/camera-ip-5mp-hikvision-ds-2cd2955g0-isu-83571.html,2026-09-16T09:59:25+07:00
DS-2CD3956G2-ISU,Camera IP 5MP HIKVISION DS-2CD3956G2-ISU,contact,,,https://www.sieuthivienthong.com/camera-ip-5mp-hikvision-ds-2cd3956g2-isu-87605.html,2026-09-16T09:59:25+07:00
DS-2CD1T63G2-LIUF,Camera IP 6MP HIKVISION DS-2CD1T63G2-LIUF,contact,,,https://www.sieuthivienthong.com/camera-ip-6mp-hikvision-ds-2cd1t63g2-liuf-87457.html,2026-09-16T09:59:25+07:00
DS-2SE4C425MWG-E/26(F0),Camera IP 6MP+4MP Hikvision DS-2SE4C425MWG-E/26(F0),contact,,,https://www.sieuthivienthong.com/camera-ip-4mp-hikvision-ds-2se4c425mwg-e26f0-89786.html,2026-09-16T09:59:25+07:00
DS-2CD2083G2-LI2U,Camera IP 8MP HIKVISION DS-2CD2083G2-LI2U,contact,,,https://www.sieuthivienthong.com/camera-ip-8mp-hikvision-ds-2cd2083g2-li2u-87824.html,2026-09-16T09:59:25+07:00
DS-2CD2183G2-LIS2U,Camera IP 8MP HIKVISION DS-2CD2183G2-LIS2U,contact,,,https://www.sieuthivienthong.com/camera-ip-8mp-hikvision-ds-2cd2183g2-lis2u-87830.html,2026-09-16T09:59:25+07:00
DS-2CD2683G2-LIZS2U,Camera IP 8MP HIKVISION DS-2CD2683G2-LIZS2U,contact,,,https://www.sieuthivienthong.com/camera-ip-8mp-hikvision-ds-2cd2683g2-lizs2u-87852.html,2026-09-16T09:59:25+07:00
DS-2CD2T83G2-4LI2U,Camera IP 8MP HIKVISION DS-2CD2T83G2-4LI2U,priced,3770000,4070000,https://www.sieuthivienthong.com/camera-ip-8mp-hikvision-ds-2cd2t83g2-4li2u-87847.html,2026-09-16T09:59:25+07:00
DS-2DE2C400IWG/W (W),Camera IP WiFi 4MP Hikvision DS-2DE2C400IWG/W (W),contact,,,https://www.sieuthivienthong.com/camera-ip-wifi-4mp-hikvision-ds-2de2c400iwgw-w-90475.html,2026-09-16T09:59:25+07:00
DS-2FA1225-C4(EUR),Nguồn tổng 4 kênh HIKVISION DS-2FA1225-C4(EUR),priced,225000,240000,https://www.sieuthivienthong.com/nguon-tong-4-kenh-hikvision-ds-2fa1225-c4eur-66765.html,2026-09-16T09:59:25+07:00
DS-2FA1205-C8(EUR),Nguồn tổng 8 kênh HIKVISION DS-2FA1205-C8(EUR),priced,300000,320000,https://www.sieuthivienthong.com/nguon-tong-8-kenh-hikvision-ds-2fa1205-c8eur-66766.html,2026-09-16T09:59:25+07:00
DS-2CE56D0T-IR(C),Camera HD-TVI Dome hồng ngoại 2.0 Megapixel HIKVISION DS-2CE56D0T-IR(C),not_found,,,,2026-09-16T09:59:25+07:00
DS-2CE56D0T-IRP(C),Camera HD-TVI Dome hồng ngoại 2.0 Megapixel HIKVISION DS-2CE56D0T-IRP(C),not_found,,,,2026-09-16T09:59:25+07:00
DS-2DE2A404IW-DE3(C0)(S6),Camera IP 4MP HIKVISION DS-2DE2A404IW-DE3(C0)(S6),contact,,,https://www.sieuthivienthong.com/camera-ip-4mp-hikvision-ds-2de2a404iw-de3c0s6-60054.html,2026-09-16T09:59:25+07:00
DS-2DE2C600MWG-E,Camera IP PT 6MP HIKVISION DS-2DE2C600MWG-E,contact,,,https://www.sieuthivienthong.com/camera-ip-pt-6mp-hikvision-ds-2de2c600mwg-e-90496.html,2026-09-16T09:59:25+07:00
DS-2CE70D0T-PTLTS,Camera PT 2MP HIKVISION DS-2CE70D0T-PTLTS,contact,,,https://www.sieuthivienthong.com/camera-pt-2mp-hikvision-ds-2ce70d0t-ptlts-86534.html,2026-09-16T09:59:25+07:00
DS-2CE70DF3T-PTS,Camera PT 2MP HIKVISION DS-2CE70DF3T-PTS,contact,,,https://www.sieuthivienthong.com/camera-pt-2mp-hikvision-ds-2ce70df3t-pts-69949.html,2026-09-16T09:59:25+07:00
RCKMNT-19-CMPCT,Rack Mount Kit 19-inch CISCO RCKMNT-19-CMPCT,priced,900000,970000,https://www.sieuthivienthong.com/rack-mount-kit-19-inch-cisco-rckmnt-19-cmpct-76205.html,2026-09-16T09:59:25+07:00
C1111X-8P,Router CISCO C1111-8P Cisco C1111X-8P,contact,,,https://www.sieuthivienthong.com/router-cisco-c1111-8p-cisco-c1111x-8p-84460.html,2026-09-16T09:59:25+07:00
C8200L-1N-4T,Router CISCO C8200L-1N-4T,contact,,,https://www.sieuthivienthong.com/router-cisco-c8200l-1n-4t-84465.html,2026-09-16T09:59:25+07:00
ISR4221-SEC/K9,Router Integrated ISR 4221 Cisco ISR4221-SEC/K9,contact,,,https://www.sieuthivienthong.com/router-integrated-isr-4221-cisco-isr4221-seck9-31363.html,2026-09-16T09:59:25+07:00
ISR4221/K9,Router Integrated ISR 4221 Cisco ISR4221/K9,contact,,,https://www.sieuthivienthong.com/router-integrated-isr-4221-cisco-isr4221k9-31357.html,2026-09-16T09:59:25+07:00
ISR4331-SEC/K9,Router Integrated ISR 4331 Cisco ISR4331-SEC/K9,contact,,,https://www.sieuthivienthong.com/router-integrated-isr-4331-cisco-isr4331-seck9-31364.html,2026-09-16T09:59:25+07:00
ISR4331/K9,Router Integrated ISR 4331 Cisco ISR4331/K9,contact,,,https://www.sieuthivienthong.com/router-integrated-isr-4331-cisco-isr4331k9-31359.html,2026-09-16T09:59:25+07:00
ISR4431-SEC/K9,Router Integrated ISR 4431 Cisco ISR4431-SEC/K9,contact,,,https://www.sieuthivienthong.com/router-integrated-isr-4431-cisco-isr4431-seck9-31366.html,2026-09-16T09:59:25+07:00
SFP-10G-SR-S=,10GBASE-SR SFP Module CISCO SFP-10G-SR-S=,priced,6394000,6910000,https://www.sieuthivienthong.com/10gbase-sr-sfp-module-cisco-sfp-10g-sr-s-84520.html,2026-09-16T09:59:25+07:00
C1200-16T-2G,16-Port GE + 2-Port Gigabit SFP Switch CISCO C1200-16T-2G,priced,7280000,7860000,https://www.sieuthivienthong.com/16-port-ge--2-port-gigabit-sfp-switch-cisco-c1200-16t-2g-89803.html,2026-09-16T09:59:25+07:00
C9300-24S-E,24-port Gigabit SFP Switch Cisco C9300-24S-E,contact,,,https://www.sieuthivienthong.com/24-port-gigabit-sfp-switch-cisco-c9300-24s-e-84444.html,2026-09-16T09:59:25+07:00
C1200-48T-4X,48-Port GE + 4-Port 10G SFP+ Switch CISCO C1200-48T-4X,contact,,,https://www.sieuthivienthong.com/48-port-ge--4-port-10g-sfp-switch-cisco-c1200-48t-4x-86668.html,2026-09-16T09:59:25+07:00
C1200-48T-4G,48-Port GE + 4-Port SFP Switch CISCO C1200-48T-4G,priced,15850000,17120000,https://www.sieuthivienthong.com/48-port-ge--4-port-sfp-switch-cisco-c1200-48t-4g-89802.html,2026-09-16T09:59:25+07:00
MGBSX1,Gigabit SX Mini-GBIC SFP Transceiver Cisco MGBSX1,priced,2190000,2370000,https://www.sieuthivienthong.com/gigabit-sx-mini-gbic-sfp-transceiver-cisco-mgbsx1-656.html,2026-09-16T09:59:25+07:00
CBS350-16T-2G-EU,16-Port GE Managed Switch CISCO CBS350-16T-2G-EU,contact,,,https://www.sieuthivienthong.com/16-port-ge-managed-switch-cisco-cbs350-16t-2g-eu-56945.html,2026-09-16T09:59:25+07:00
CBS220-16P-2G-EU,16-Port GE PoE Smart Switch CISCO CBS220-16P-2G-EU,priced,9350000,10100000,https://www.sieuthivienthong.com/16-port-ge-poe-smart-switch-cisco-cbs220-16p-2g-eu-62996.html,2026-09-16T09:59:25+07:00
CBS110-16T-EU,16-Port GE Unmanaged Switch CISCO CBS110-16T-EU,priced,3539200,3820000,https://www.sieuthivienthong.com/16-port-ge-unmanaged-switch-cisco-cbs110-16t-eu-56927.html,2026-09-16T09:59:25+07:00
CBS350-24T-4G-EU,24-Port GE Managed Switch CISCO CBS350-24T-4G-EU,contact,,,https://www.sieuthivienthong.com/24-port-ge-managed-switch-cisco-cbs350-24t-4g-eu-56946.html,2026-09-16T09:59:25+07:00
CBS220-24P-4G-EU,24-Port GE PoE Smart Switch CISCO CBS220-24P-4G-EU,priced,12732200,13750000,https://www.sieuthivienthong.com/24-port-ge-poe-smart-switch-cisco-cbs220-24p-4g-eu-62994.html,2026-09-16T09:59:25+07:00
C9200L-24P-4G-A,24-Port GE PoE+ Data Switch Cisco C9200L-24P-4G-A,contact,,,https://www.sieuthivienthong.com/24-port-ge-poe-data-switch-cisco-c9200l-24p-4g-a-84384.html,2026-09-16T09:59:25+07:00
24-Port GE Unmanaged Switch CBS110-24T-EU,24-Port GE Unmanaged Switch CBS110-24T-EU,priced,5241600,5660000,https://www.sieuthivienthong.com/24-port-ge-unmanaged-switch-cbs110-24t-eu-56929.html,2026-09-16T09:59:25+07:00
C9200-24T-A,24-port GE Data Switch Cisco C9200-24T-A,contact,,,https://www.sieuthivienthong.com/24-port-ge-data-switch-cisco-c9200-24t-a-42293.html,2026-09-16T09:59:25+07:00
C9200-24T-E,24-port GE Data Switch Cisco C9200-24T-E,contact,,,https://www.sieuthivienthong.com/24-port-ge-data-switch-cisco-c9200-24t-e-42292.html,2026-09-16T09:59:25+07:00
C9200L-24T-4G-A,24-port GE Data Switch Cisco C9200L-24T-4G-A,contact,,,https://www.sieuthivienthong.com/24-port-ge-data-switch-cisco-c9200l-24t-4g-a-57139.html,2026-09-16T09:59:25+07:00
C9200L-24T-4G-E,24-port GE Data Switch Cisco C9200L-24T-4G-E,priced,27950000,30190000,https://www.sieuthivienthong.com/24-port-ge-data-switch-cisco-c9200l-24t-4g-e-42306.html,2026-09-16T09:59:25+07:00
C9300L-24T-4G-A,24-port GE Data Switch Cisco C9300L-24T-4G-A,contact,,,https://www.sieuthivienthong.com/24-port-ge-data-switch-cisco-c9300l-24t-4g-a-42344.html,2026-09-16T09:59:25+07:00
C9300L-24T-4G-E,24-port GE Data Switch Cisco C9300L-24T-4G-E,contact,,,https://www.sieuthivienthong.com/24-port-ge-data-switch-cisco-c9300l-24t-4g-e-42343.html,2026-09-16T09:59:25+07:00
C9300-24P-A,24-port GE PoE Switch Cisco C9300-24P-A,contact,,,https://www.sieuthivienthong.com/24-port-ge-poe-switch-cisco-c9300-24p-a-84422.html,2026-09-16T09:59:25+07:00
C9300-24P-E,24-port GE PoE Switch Cisco C9300-24P-E,contact,,,https://www.sieuthivienthong.com/24-port-ge-poe-switch-cisco-c9300-24p-e-84420.html,2026-09-16T09:59:25+07:00
C9300L-24P-4G-A,24-port GE PoE Switch Cisco C9300L-24P-4G-A,contact,,,https://www.sieuthivienthong.com/24-port-ge-poe-switch-cisco-c9300l-24p-4g-a-42348.html,2026-09-16T09:59:25+07:00
C9300L-24P-4G-E,24-port GE PoE Switch Cisco C9300L-24P-4G-E,contact,,,https://www.sieuthivienthong.com/24-port-ge-poe-switch-cisco-c9300l-24p-4g-e-42346.html,2026-09-16T09:59:25+07:00
C9300L-24P-4X-A,24-port GE PoE Switch Cisco C9300L-24P-4X-A,contact,,,https://www.sieuthivienthong.com/24-port-ge-poe-switch-cisco-c9300l-24p-4x-a-42357.html,2026-09-16T09:59:25+07:00
C9300L-24P-4X-E,24-port GE PoE Switch Cisco C9300L-24P-4X-E,contact,,,https://www.sieuthivienthong.com/24-port-ge-poe-switch-cisco-c9300l-24p-4x-e-42353.html,2026-09-16T09:59:25+07:00
C9200-24P-E,24-port GE PoE+ Data Switch Cisco C9200-24P-E,contact,,,https://www.sieuthivienthong.com/24-port-ge-poe-data-switch-cisco-c9200-24p-e-42295.html,2026-09-16T09:59:25+07:00
C9200L-24P-4G-E,24-port GE PoE+ Switch Cisco C9200L-24P-4G-E,contact,,,https://www.sieuthivienthong.com/24-port-ge-poe-switch-cisco-c9200l-24p-4g-e-42310.html,2026-09-16T09:59:25+07:00
C9300L-24T-4X-A,24-port GE Switch Cisco C9300L-24T-4X-A,contact,,,https://www.sieuthivienthong.com/24-port-ge-switch-cisco-c9300l-24t-4x-a-42351.html,2026-09-16T09:59:25+07:00
C9300-24T-A,24-port Gigabit Ethernet Switch Cisco C9300-24T-A,contact,,,https://www.sieuthivienthong.com/24-port-gigabit-ethernet-switch-cisco-c9300-24t-a-42334.html,2026-09-16T09:59:25+07:00
C9300-24T-E,24-port Gigabit Ethernet Switch Cisco C9300-24T-E,contact,,,https://www.sieuthivienthong.com/24-port-gigabit-ethernet-switch-cisco-c9300-24t-e-42327.html,2026-09-16T09:59:25+07:00
C9200L-24P-4X-A,24-port Gigabit PoE+ Switch CISCO C9200L-24P-4X-A,contact,,,https://www.sieuthivienthong.com/24-port-gigabit-poe-switch-cisco-c9200l-24p-4x-a-84395.html,2026-09-16T09:59:25+07:00
C9200L-24T-4X-A,24-port Gigabit Switch Cisco C9200L-24T-4X-A,contact,,,https://www.sieuthivienthong.com/24-port-gigabit-switch-cisco-c9200l-24t-4x-a-84386.html,2026-09-16T09:59:25+07:00
C9300L-24T-4X-E,24-port Gigabit Switch Cisco C9300L-24T-4X-E,contact,,,https://www.sieuthivienthong.com/24-port-gigabit-switch-cisco-c9300l-24t-4x-e-84448.html,2026-09-16T09:59:25+07:00
C9200-24P-A,24-port PoE+ Data Switch Cisco C9200-24P-A,contact,,,https://www.sieuthivienthong.com/24-port-poe-data-switch-cisco-c9200-24p-a-42296.html,2026-09-16T09:59:25+07:00
C9200-48PL-A,48-Port Partial PoE+ Switch Cisco C9200-48PL-A,contact,,,https://www.sieuthivienthong.com/48-port-partial-poe-switch-cisco-c9200-48pl-a-84380.html,2026-09-16T09:59:25+07:00
C9200-48PL-E,48-Port Partial PoE+ Switch Cisco C9200-48PL-E,contact,,,https://www.sieuthivienthong.com/48-port-partial-poe-switch-cisco-c9200-48pl-e-84382.html,2026-09-16T09:59:25+07:00
SF350-48P-K9-EU,48-port 10/100 PoE Managed Switch CISCO SF350-48P-K9-EU,contact,,,https://www.sieuthivienthong.com/48-port-10100-poe-managed-switch-cisco-sf350-48p-k9-eu-29558.html,2026-09-16T09:59:25+07:00
C9200-48T-A,48-port GE Data Switch Cisco C9200-48T-A,contact,,,https://www.sieuthivienthong.com/48-port-ge-data-switch-cisco-c9200-48t-a-42300.html,2026-09-16T09:59:25+07:00
C9200-48T-E,48-port GE Data Switch Cisco C9200-48T-E,contact,,,https://www.sieuthivienthong.com/48-port-ge-data-switch-cisco-c9200-48t-e-42299.html,2026-09-16T09:59:25+07:00
C9200L-48T-4G-A,48-port GE Data Switch Cisco C9200L-48T-4G-A,contact,,,https://www.sieuthivienthong.com/48-port-ge-data-switch-cisco-c9200l-48t-4g-a-57142.html,2026-09-16T09:59:25+07:00
C9200L-48T-4G-E,48-port GE Data Switch Cisco C9200L-48T-4G-E,contact,,,https://www.sieuthivienthong.com/48-port-ge-data-switch-cisco-c9200l-48t-4g-e-42313.html,2026-09-16T09:59:25+07:00
C9200-48P-A,48-port GE PoE Data Switch Cisco C9200-48P-A,contact,,,https://www.sieuthivienthong.com/48-port-ge-poe-data-switch-cisco-c9200-48p-a-42304.html,2026-09-16T09:59:25+07:00
C9300-48P-A,48-port GE PoE Switch Cisco C9300-48P-A,contact,,,https://www.sieuthivienthong.com/48-port-ge-poe-switch-cisco-c9300-48p-a-84433.html,2026-09-16T09:59:25+07:00
C9300-48P-E,48-port GE PoE Switch Cisco C9300-48P-E,contact,,,https://www.sieuthivienthong.com/48-port-ge-poe-switch-cisco-c9300-48p-e-84432.html,2026-09-16T09:59:25+07:00
C9300L-48T-4G-A,48-port GE PoE Switch Cisco C9300L-48T-4G-A,contact,,,https://www.sieuthivienthong.com/48-port-ge-poe-switch-cisco-c9300l-48t-4g-a-42368.html,2026-09-16T09:59:25+07:00
C9300L-48T-4G-E,48-port GE PoE Switch Cisco C9300L-48T-4G-E,contact,,,https://www.sieuthivienthong.com/48-port-ge-poe-switch-cisco-c9300l-48t-4g-e-42363.html,2026-09-16T09:59:25+07:00
C9200-48P-E,48-port GE PoE+ Switch Cisco C9200-48P-E,contact,,,https://www.sieuthivienthong.com/48-port-ge-poe-switch-cisco-c9200-48p-e-42303.html,2026-09-16T09:59:25+07:00
C9300L-48T-4X-E,48-port GE Switch Cisco C9300L-48T-4X-E,contact,,,https://www.sieuthivienthong.com/48-port-ge-switch-cisco-c9300l-48t-4x-e-42373.html,2026-09-16T09:59:25+07:00
C9300L-48T-4X-A,48-port Gigabit Data Switch Cisco C9300L-48T-4X-A,contact,,,https://www.sieuthivienthong.com/48-port-gigabit-data-switch-cisco-c9300l-48t-4x-a-84450.html,2026-09-16T09:59:25+07:00
C9300-48T-A,48-port Gigabit Ethernet Switch Cisco C9300-48T-A,contact,,,https://www.sieuthivienthong.com/48-port-gigabit-ethernet-switch-cisco-c9300-48t-a-42336.html,2026-09-16T09:59:25+07:00
C9300-48T-E,48-port Gigabit Ethernet Switch Cisco C9300-48T-E,contact,,,https://www.sieuthivienthong.com/48-port-gigabit-ethernet-switch-cisco-c9300-48t-e-42329.html,2026-09-16T09:59:25+07:00
C9300L-48P-4G-A,48-port Gigabit PoE Switch Cisco C9300L-48P-4G-A,contact,,,https://www.sieuthivienthong.com/48-port-gigabit-poe-switch-cisco-c9300l-48p-4g-a-84445.html,2026-09-16T09:59:25+07:00
C9300L-48P-4X-A,48-port Gigabit PoE Switch Cisco C9300L-48P-4X-A,contact,,,https://www.sieuthivienthong.com/48-port-gigabit-poe-switch-cisco-c9300l-48p-4x-a-84452.html,2026-09-16T09:59:25+07:00
C9300L-48P-4X-E,48-port Gigabit PoE Switch Cisco C9300L-48P-4X-E,contact,,,https://www.sieuthivienthong.com/48-port-gigabit-poe-switch-cisco-c9300l-48p-4x-e-84451.html,2026-09-16T09:59:25+07:00
C9300L-48PF-4G-A,48-port Gigabit PoE Switch Cisco C9300L-48PF-4G-A,contact,,,https://www.sieuthivienthong.com/48-port-gigabit-poe-switch-cisco-c9300l-48pf-4g-a-84447.html,2026-09-16T09:59:25+07:00
C9300L-48PF-4G-E,48-port Gigabit PoE Switch Cisco C9300L-48PF-4G-E,contact,,,https://www.sieuthivienthong.com/48-port-gigabit-poe-switch-cisco-c9300l-48pf-4g-e-84446.html,2026-09-16T09:59:25+07:00
C9300L-48PF-4X-A,48-port Gigabit PoE Switch Cisco C9300L-48PF-4X-A,contact,,,https://www.sieuthivienthong.com/48-port-gigabit-poe-switch-cisco-c9300l-48pf-4x-a-84457.html,2026-09-16T09:59:25+07:00
C9300L-48PF-4X-E,48-port Gigabit PoE Switch Cisco C9300L-48PF-4X-E,contact,,,https://www.sieuthivienthong.com/48-port-gigabit-poe-switch-cisco-c9300l-48pf-4x-e-84455.html,2026-09-16T09:59:25+07:00
C9200L-48P-4G-A,48-port Gigabit PoE+ Switch CISCO C9200L-48P-4G-A,contact,,,https://www.sieuthivienthong.com/48-port-gigabit-poe-switch-cisco-c9200l-48p-4g-a-84402.html,2026-09-16T09:59:25+07:00
C9200L-48P-4X-A,48-port Gigabit PoE+ Switch Cisco C9200L-48P-4X-A,contact,,,https://www.sieuthivienthong.com/48-port-gigabit-poe-switch-cisco-c9200l-48p-4x-a-84403.html,2026-09-16T09:59:25+07:00
C9200L-48P-4X-E,48-port Gigabit PoE+ Switch Cisco C9200L-48P-4X-E,contact,,,https://www.sieuthivienthong.com/48-port-gigabit-poe-switch-cisco-c9200l-48p-4x-e-42315.html,2026-09-16T09:59:25+07:00
C9200L-48T-4X-A,48-port Gigabit Switch CISCO C9200L-48T-4X-A,contact,,,https://www.sieuthivienthong.com/48-port-gigabit-switch-cisco-c9200l-48t-4x-a-84397.html,2026-09-16T09:59:25+07:00
C9200L-48PL-4X-A,48-port Partial PoE+ Switch Cisco C9200L-48PL-4X-A,contact,,,https://www.sieuthivienthong.com/48-port-partial-poe-switch-cisco-c9200l-48pl-4x-a-84408.html,2026-09-16T09:59:25+07:00
C9200L-48PL-4X-E,48-port Partial PoE+ Switch Cisco C9200L-48PL-4X-E,contact,,,https://www.sieuthivienthong.com/48-port-partial-poe-switch-cisco-c9200l-48pl-4x-e-84409.html,2026-09-16T09:59:25+07:00
C1300-8T-E-2G,8-Port GE + 2 Combo Uplink Switch Cisco C1300-8T-E-2G,priced,7212800,7790000,https://www.sieuthivienthong.com/8-port-ge--2-combo-uplink-switch-cisco-c1300-8t-e-2g-89344.html,2026-09-16T09:59:25+07:00
CBS220-8T-E-2G,8-Port Gigabit Smart Switch CISCO CBS220-8T-E-2G,priced,3450000,3730000,https://www.sieuthivienthong.com/8-port-gigabit-smart-switch-cisco-cbs220-8t-e-2g-63430.html,2026-09-16T09:59:25+07:00
CBS110-8T-D-EU,8-port GE Unmanaged Switch CISCO CBS110-8T-D-EU,priced,1375000,1480000,https://www.sieuthivienthong.com/8-port-ge-unmanaged-switch-cisco-cbs110-8t-d-eu-56825.html,2026-09-16T09:59:25+07:00
Catalyst 2960 WS-C2960X-24TS-L,Switch CISCO Catalyst 2960 WS-C2960X-24TS-L,contact,,,https://www.sieuthivienthong.com/switch-cisco-catalyst-2960-ws-c2960x-24ts-l-12401.html,2026-09-16T09:59:25+07:00
Catalyst 2960-Plus WS-C2960+24TC-L,Switch CISCO Catalyst 2960-Plus WS-C2960+24TC-L,contact,,,https://www.sieuthivienthong.com/switch-cisco-catalyst-2960-plus-ws-c2960-24tc-l-37834.html,2026-09-16T09:59:25+07:00
Catalyst 2960-Plus WS-C2960+24TC-S,Switch CISCO Catalyst 2960-Plus WS-C2960+24TC-S,contact,,,https://www.sieuthivienthong.com/switch-cisco-catalyst-2960-plus-ws-c2960-24tc-s-37825.html,2026-09-16T09:59:25+07:00
Catalyst 2960-Plus WS-C2960+48TC-L,Switch CISCO Catalyst 2960-Plus WS-C2960+48TC-L,contact,,,https://www.sieuthivienthong.com/switch-cisco-catalyst-2960-plus-ws-c2960-48tc-l-37840.html,2026-09-16T09:59:25+07:00
VigorAP962C,Access Point WiFi 6 AX3000 Draytek VigorAP962C,priced,2865000,3090000,https://www.sieuthivienthong.com/access-point-wifi-6-ax3000-draytek-vigorap962c-86406.html,2026-09-16T09:59:25+07:00
Vigor AP905,Dual Band WiFi 6 Access Point Draytek Vigor AP905,contact,,,https://www.sieuthivienthong.com/dual-band-wifi-6-access-point-draytek-vigor-ap905-90347.html,2026-09-16T09:59:25+07:00
VigorAP 960C,Dual Band WiFi 6 Access Point Draytek VigorAP 960C,contact,,,https://www.sieuthivienthong.com/dual-band-wifi-6-access-point-draytek-vigorap-960c-80079.html,2026-09-16T09:59:25+07:00
Silver Card,License key CommTouch WCF DRAYTEK Silver Card,priced,3717700,4020000,https://www.sieuthivienthong.com/license-key-commtouch-wcf-draytek-silver-card-35422.html,2026-09-16T09:59:25+07:00
A Card,License key CommTouch Web Content Filter DRAYTEK A Card,priced,1713500,1850000,https://www.sieuthivienthong.com/license-key-commtouch-web-content-filter-draytek-a-card-35420.html,2026-09-16T09:59:25+07:00
B Card,License key CommTouch Web Content Filter DRAYTEK B Card,priced,1188000,1280000,https://www.sieuthivienthong.com/license-key-commtouch-web-content-filter-draytek-b-card-35421.html,2026-09-16T09:59:25+07:00
Vigor2927,Dual WAN Enterprise VPN Router DrayTek Vigor2927,contact,,,https://www.sieuthivienthong.com/dual-wan-enterprise-vpn-router-draytek-vigor2927-52769.html,2026-09-16T09:59:25+07:00
Vigor2927F,Dual-Wan Load Balancing Fiber Router DrayTek Vigor2927F,priced,4680000,5050000,https://www.sieuthivienthong.com/dual-wan-load-balancing-fiber-router-draytek-vigor2927f-86409.html,2026-09-16T09:59:25+07:00
Vigor2962,Router VPN cân bằng tải Quad-WAN DrayTek Vigor2962,priced,9295000,10040000,https://www.sieuthivienthong.com/router-vpn-can-bang-tai-quad-wan-draytek-vigor2962-49717.html,2026-09-16T09:59:25+07:00
Vigor3912,Router cân bằng tải DrayTek Vigor3912,priced,21380000,23090000,https://www.sieuthivienthong.com/router-can-bang-tai-draytek-vigor3912-86412.html,2026-09-16T09:59:25+07:00
Vigor3912S,Router cân bằng tải DrayTek Vigor3912S,priced,26480000,28600000,https://www.sieuthivienthong.com/router-can-bang-tai-draytek-vigor3912s-86414.html,2026-09-16T09:59:25+07:00
Vigor 2927Lac,Router Wifi 4G LTE cân bằng tải DrayTek Vigor 2927Lac,contact,,,https://www.sieuthivienthong.com/router-wifi-4g-lte-can-bang-tai-draytek-vigor-2927lac-74472.html,2026-09-16T09:59:25+07:00
Vigor1100AX,VPN Router Wifi DrayTek Vigor1100AX,priced,2630000,2840000,https://www.sieuthivienthong.com/vpn-router-wifi-draytek-vigor1100ax-85272.html,2026-09-16T09:59:25+07:00
VigorSwitch FX2120,Switch 12 cổng SFP+ 10GE Draytek VigorSwitch FX2120,priced,10950000,11830000,https://www.sieuthivienthong.com/switch-12-cong-sfp-10ge-draytek-vigorswitch-fx2120-71196.html,2026-09-16T09:59:25+07:00
VigorSwitch G2282x,24-Port GE L2+ Managed Switch DrayTek VigorSwitch G2282x,priced,7550000,8150000,https://www.sieuthivienthong.com/24-port-ge-l2-managed-switch-draytek-vigorswitch-g2282x-83125.html,2026-09-16T09:59:25+07:00
VigorSwitch P2282x,24-Port GE PoE L2+ Switch DrayTek VigorSwitch P2282x,priced,11870000,12820000,https://www.sieuthivienthong.com/24-port-ge-poe-l2-switch-draytek-vigorswitch-p2282x-85273.html,2026-09-16T09:59:25+07:00
VigorSwitch P1282,24-Port GE PoE Smart Switch DrayTek VigorSwitch P1282,priced,9150000,9880000,https://www.sieuthivienthong.com/24-port-ge-poe-smart-switch-draytek-vigorswitch-p1282-63014.html,2026-09-16T09:59:25+07:00
VigorSwitch G1282,24-Port Gigabit Smart Switch DrayTek VigorSwitch G1282,priced,4895000,5290000,https://www.sieuthivienthong.com/24-port-gigabit-smart-switch-draytek-vigorswitch-g1282-63013.html,2026-09-16T09:59:25+07:00
VigorSwitch P2540xs,48-Port GE PoE L2+ Switch Draytek VigorSwitch P2540xs,contact,,,https://www.sieuthivienthong.com/48-port-ge-poe-l2-switch-draytek-vigorswitch-p2540xs-80077.html,2026-09-16T09:59:25+07:00
VigorSwitch G2542x,48-port GE Managed Switch DrayTek VigorSwitch G2542x,contact,,,https://www.sieuthivienthong.com/48-port-ge-managed-switch-draytek-vigorswitch-g2542x-89960.html,2026-09-16T09:59:25+07:00
VigorSwitch PQ2121x,8-Port 2.5GE PoE L2+ Switch Draytek VigorSwitch PQ2121x,priced,7560000,8160000,https://www.sieuthivienthong.com/8-port-25ge-poe-l2-switch-draytek-vigorswitch-pq2121x-89125.html,2026-09-16T09:59:25+07:00
VigorSwitch P2100,8-Port Gigabit PoE Switch Draytek VigorSwitch P2100,priced,4455000,4810000,https://www.sieuthivienthong.com/8-port-gigabit-poe-switch-draytek-vigorswitch-p2100-59632.html,2026-09-16T09:59:25+07:00
GWN7660E,AX3000 Wi-Fi 6 Access Point Grandstream GWN7660E,priced,2962500,3200000,https://www.sieuthivienthong.com/ax3000-wi-fi-6-access-point-grandstream-gwn7660e-86214.html,2026-09-16T09:59:25+07:00
GWN7660ELR,AX3000 Wi-Fi 6 Access Point Grandstream GWN7660ELR,priced,5600000,6050000,https://www.sieuthivienthong.com/ax3000-wi-fi-6-access-point-grandstream-gwn7660elr-86218.html,2026-09-16T09:59:25+07:00
GWN7605LR,Outdoor WiFi Access Point Grandstream GWN7605LR,priced,4725000,5100000,https://www.sieuthivienthong.com/outdoor-wifi-access-point-grandstream-gwn7605lr-45638.html,2026-09-16T09:59:25+07:00
GWN7605,Wi-Fi Access Point Grandstream GWN7605,priced,2150000,2320000,https://www.sieuthivienthong.com/wi-fi-access-point-grandstream-gwn7605-44645.html,2026-09-16T09:59:25+07:00
GWN7615,WiFi Access Point Grandstream GWN7615,priced,3762500,4060000,https://www.sieuthivienthong.com/wifi-access-point-grandstream-gwn7615-45636.html,2026-09-16T09:59:25+07:00
GWN7624 (InWall),WiFi Access Point Grandstream GWN7624 (InWall),priced,3225000,3480000,https://www.sieuthivienthong.com/wifi-access-point-grandstream-gwn7624-inwall-65149.html,2026-09-16T09:59:25+07:00
GCC6010,Thiết bị mạng All-in-One Grandstream GCC6010,priced,6612500,7140000,https://www.sieuthivienthong.com/thiet-bi-mang-all-in-one-grandstream-gcc6010-86227.html,2026-09-16T09:59:25+07:00
GWN7000,Multi-WAN Gigabit VPN Router Grandstream GWN7000,priced,3637500,3930000,https://www.sieuthivienthong.com/multi-wan-gigabit-vpn-router-grandstream-gwn7000-19821.html,2026-09-16T09:59:25+07:00
GWN7001,Router cân bằng tải Grandstream GWN7001,contact,,,https://www.sieuthivienthong.com/router-can-bang-tai-grandstream-gwn7001-77959.html,2026-09-16T09:59:25+07:00
GWN7062G,Dual-Band Wi-Fi GPON Router Grandstream GWN7062G,contact,,,https://www.sieuthivienthong.com/dual-band-wi-fi-gpon-router-grandstream-gwn7062g-86231.html,2026-09-16T09:59:25+07:00
GWN7052,Router Wifi Grandstream GWN7052,priced,1987500,2150000,https://www.sieuthivienthong.com/router-wifi-grandstream-gwn7052-65146.html,2026-09-16T09:59:25+07:00
F-SM1310-20KM-1.25G,SFP Fiber Module Grandstream F-SM1310-20KM-1.25G,priced,550000,590000,https://www.sieuthivienthong.com/sfp-fiber-module-grandstream-f-sm1310-20km-1.25g-86240.html,2026-09-16T09:59:25+07:00
F-MM850-300M-10G,SFP+ Fiber Module Grandstream F-MM850-300M-10G,priced,875000,950000,https://www.sieuthivienthong.com/sfp-fiber-module-grandstream-f-mm850-300m-10g-86239.html,2026-09-16T09:59:25+07:00
F-SM1310-10KM-10G,SFP+ Fiber Module Grandstream F-SM1310-10KM-10G,priced,1150000,1240000,https://www.sieuthivienthong.com/sfp-fiber-module-grandstream-f-sm1310-10km-10g-86238.html,2026-09-16T09:59:25+07:00
F-MM850-550M-1.25G,SFP+ Module Grandstream F-MM850-550M-1.25G,priced,550000,590000,https://www.sieuthivienthong.com/sfp-module-grandstream-f-mm850-550m-1.25g-86241.html,2026-09-16T09:59:25+07:00
GW-PoE-4G-1S,4-port GE Outdoor PoE Switch Grandstream GW-PoE-4G-1S,priced,3362500,3630000,https://www.sieuthivienthong.com/4-port-ge-outdoor-poe-switch-grandstream-gw-poe-4g-1s-72900.html,2026-09-16T09:59:25+07:00
GWN7702,Switch 16 cổng Gigabit Grandstream GWN7702,priced,2012500,2170000,https://www.sieuthivienthong.com/switch-16-cong-gigabit-grandstream-gwn7702-77970.html,2026-09-16T09:59:25+07:00
GWN7702P,Switch 16 cổng PoE Gigabit Grandstream GWN7702P,priced,3900000,4210000,https://www.sieuthivienthong.com/switch-16-cong-poe-gigabit-grandstream-gwn7702p-77972.html,2026-09-16T09:59:25+07:00
GWN7703,Switch 24 cổng Gigabit Grandstream GWN7703,priced,2550000,2750000,https://www.sieuthivienthong.com/switch-24-cong-gigabit-grandstream-gwn7703-77977.html,2026-09-16T09:59:25+07:00
GWN7706,Switch 48 cổng Gigabit Grandstream GWN7706,priced,8087500,8730000,https://www.sieuthivienthong.com/switch-48-cong-gigabit-grandstream-gwn7706-77979.html,2026-09-16T09:59:25+07:00
GWN7700M,Switch 5 cổng 2.5G Grandstream GWN7700M,priced,2150000,2320000,https://www.sieuthivienthong.com/switch-5-cong-25g-grandstream-gwn7700m-77960.html,2026-09-16T09:59:25+07:00
GWN7700P,Switch 5 cổng PoE Gigabit Grandstream GWN7700P,priced,1100000,1190000,https://www.sieuthivienthong.com/switch-5-cong-poe-gigabit-grandstream-gwn7700p-73262.html,2026-09-16T09:59:25+07:00
GWN7701M,Switch 8 cổng 2.5G Grandstream GWN7701M,priced,2412500,2610000,https://www.sieuthivienthong.com/switch-8-cong-25g-grandstream-gwn7701m-77966.html,2026-09-16T09:59:25+07:00
GWN7701,Switch 8 cổng Gigabit Grandstream GWN7701,priced,562500,610000,https://www.sieuthivienthong.com/switch-8-cong-gigabit-grandstream-gwn7701-73263.html,2026-09-16T09:59:25+07:00
GWN7701PA,Switch 8 cổng Gigabit PoE Grandstream GWN7701PA,priced,2412500,2610000,https://www.sieuthivienthong.com/switch-8-cong-gigabit-poe-grandstream-gwn7701pa-77964.html,2026-09-16T09:59:25+07:00
GWN7701P,Switch 8 cổng PoE Gigabit Grandstream GWN7701P,priced,1737500,1880000,https://www.sieuthivienthong.com/switch-8-cong-poe-gigabit-grandstream-gwn7701p-73264.html,2026-09-16T09:59:25+07:00
GWN7830,Switch quang 10 cổng Layer 3 Grandstream GWN7830,priced,6687500,7220000,https://www.sieuthivienthong.com/switch-quang-10-cong-layer-3-grandstream-gwn7830-77998.html,2026-09-16T09:59:25+07:00
IO AP25 (RW) 4x4 Wi-Fi 6 Indoor Access Point (R9B28A),Aruba IO AP25 (RW) 4x4 Wi-Fi 6 Indoor Access Point (R9B28A),priced,8820000,9530000,https://www.sieuthivienthong.com/aruba-io-ap25-rw-4x4-wi-fi-6-indoor-access-point-r9b28a-83505.html,2026-09-16T09:59:25+07:00
Instant On AP11 (RW) Access Point R2W96A,Aruba Instant On AP11 (RW) Access Point R2W96A,priced,2290000,2470000,https://www.sieuthivienthong.com/aruba-instant-on-ap11-rw-access-point-r2w96a-42253.html,2026-09-16T09:59:25+07:00
IO AP22 (RW) WiFi 6 Indoor Access Point (R4W02A),HPE Aruba IO AP22 (RW) WiFi 6 Indoor Access Point (R4W02A),priced,5975000,6450000,https://www.sieuthivienthong.com/hpe-aruba-io-ap22-rw-wifi-6-indoor-access-point-r4w02a-61695.html,2026-09-16T09:59:25+07:00
Instant On 12V/18W Power Adaptor RW R9M79A,Aruba Instant On 12V/18W Power Adaptor RW R9M79A,contact,,,https://www.sieuthivienthong.com/aruba-instant-on-12v-18w-power-adaptor-rw-r9m79a-83513.html,2026-09-16T09:59:25+07:00
Instant On 30W 802.3at PoE Midspan Injector R9M77A,Aruba Instant On 30W 802.3at PoE Midspan Injector R9M77A,contact,,,https://www.sieuthivienthong.com/aruba-instant-on-30w-802.3at-poe-midspan-injector-r9m77a-83511.html,2026-09-16T09:59:25+07:00
Instant On 802.3af POE Midspan R8W31A,Aruba Instant On 802.3af POE Midspan R8W31A,contact,,,https://www.sieuthivienthong.com/aruba-instant-on-802.3af-poe-midspan-r8w31a-83510.html,2026-09-16T09:59:25+07:00
X410 1U (J9583A),Bộ giá đỡ HPE X410 1U (J9583A),contact,,,https://www.sieuthivienthong.com/bo-gia-do-hpe-x410-1u-j9583a-89809.html,2026-09-16T09:59:25+07:00
7005-MNT-19 (JW086A),Giá đỡ Aruba 7005-MNT-19 (JW086A),contact,,,https://www.sieuthivienthong.com/gia-do-aruba-7005-mnt-19-jw086a-89811.html,2026-09-16T09:59:25+07:00
SPR-4RK-MNT S3500 (JW108A),Giá đỡ Aruba SPR-4RK-MNT S3500 (JW108A),contact,,,https://www.sieuthivienthong.com/gia-do-aruba-spr-4rk-mnt-s3500-jw108a-89816.html,2026-09-16T09:59:25+07:00
1-port Power Injector J9407B,HPE 1-port Power Injector J9407B,contact,,,https://www.sieuthivienthong.com/hpe-1-port-power-injector-j9407b-89814.html,2026-09-16T09:59:25+07:00
Surface Mount Kit JW047A,HPE ARUBA Surface Mount Kit JW047A,contact,,,https://www.sieuthivienthong.com/hpe-aruba-surface-mount-kit-jw047a-42274.html,2026-09-16T09:59:25+07:00
Instant On 48V Power Adapter R3X86A,HPE Aruba Instant On 48V Power Adapter R3X86A,contact,,,https://www.sieuthivienthong.com/hpe-aruba-instant-on-48v-power-adapter-r3x86a-83509.html,2026-09-16T09:59:25+07:00
Instant On AP25 R9B33A (bundle),HPE Aruba Instant On AP25 R9B33A (bundle),contact,,,https://www.sieuthivienthong.com/hpe-aruba-instant-on-ap25-r9b33a-bundle-80535.html,2026-09-16T09:59:25+07:00
Single-Port 802.3at Gigabit PoE Injector (J9867A),HPE Single-Port 802.3at Gigabit PoE Injector (J9867A),contact,,,https://www.sieuthivienthong.com/hpe-single-port-8023at-gigabit-poe-injector-j9867a-89807.html,2026-09-16T09:59:25+07:00
355/365 (JL019A),Wall mount kit Aruba 355/365 (JL019A),contact,,,https://www.sieuthivienthong.com/wall-mount-kit-aruba-355365-jl019a-89810.html,2026-09-16T09:59:25+07:00
10G SFP+ LC SR 300m OM3 MMF XCVR (R9D18A),Aruba 10G SFP+ LC SR 300m OM3 MMF XCVR (R9D18A),contact,,,https://www.sieuthivienthong.com/aruba-10g-sfp-lc-sr-300m-om3-mmf-xcvr-r9d18a-84542.html,2026-09-16T09:59:25+07:00
Instant On 1930 8G 2SFP Switch JL680A,Aruba Instant On 1930 8G 2SFP Switch JL680A,priced,3870000,4180000,https://www.sieuthivienthong.com/aruba-instant-on-1930-8g-2sfp-switch-jl680a-57031.html,2026-09-16T09:59:25+07:00
J9281D,Cáp DAC 10G SFP+ to SFP+ 1m Aruba (J9281D),contact,,,https://www.sieuthivienthong.com/cap-dac-10g-sfp-to-sfp-1m-aruba-j9281d-89813.html,2026-09-16T09:59:25+07:00
R0M46A,Cáp DAC 50G SFP56 to SFP56 0.65m Aruba (R0M46A),contact,,,https://www.sieuthivienthong.com/cap-dac-50g-sfp56-to-sfp56-0.65m-aruba-r0m46a-89806.html,2026-09-16T09:59:25+07:00
Instant On 1430 26G 2SFP Switch (R8R50A),HPE Aruba Instant On 1430 26G 2SFP Switch (R8R50A),priced,5270000,5690000,https://www.sieuthivienthong.com/hpe-aruba-instant-on-1430-26g-2sfp-switch-r8r50a-78883.html,2026-09-16T09:59:25+07:00
Instant On 1930 24G PoE Switch JL683B,Aruba Instant On 1930 24G PoE Switch JL683B,contact,,,https://www.sieuthivienthong.com/aruba-instant-on-1930-24g-poe-switch-jl683b-80517.html,2026-09-16T09:59:25+07:00
Instant On 1930 24G PoE Switch JL684B,Aruba Instant On 1930 24G PoE Switch JL684B,contact,,,https://www.sieuthivienthong.com/aruba-instant-on-1930-24g-poe-switch-jl684b-80520.html,2026-09-16T09:59:25+07:00
1420 OfficeConnect 5-port GE PoE+ Switch JH328A,HPE 1420 OfficeConnect 5-port GE PoE+ Switch JH328A,priced,2220000,2400000,https://www.sieuthivienthong.com/hpe-1420-officeconnect-5-port-ge-poe-switch-jh328a-24786.html,2026-09-16T09:59:25+07:00
1420 OfficeConnect 8-port GE PoE+ Switch JH330A,HPE 1420 OfficeConnect 8-port GE PoE+ Switch JH330A,priced,4094000,4420000,https://www.sieuthivienthong.com/hpe-1420-officeconnect-8-port-ge-poe-switch-jh330a-24787.html,2026-09-16T09:59:25+07:00
1420-8G Switch JH329A,HPE 1420-8G Switch JH329A,contact,,,https://www.sieuthivienthong.com/hpe-1420-8g-switch-jh329a-19381.html,2026-09-16T09:59:25+07:00
IO 1430 8G Class4 PoE 64W Switch (R8R46A),HPE Aruba IO 1430 8G Class4 PoE 64W Switch (R8R46A),priced,3200000,3460000,https://www.sieuthivienthong.com/hpe-aruba-io-1430-8g-class4-poe-64w-switch-r8r46a-78878.html,2026-09-16T09:59:25+07:00
Instant On 1430 16G Switch R8R47A,HPE Aruba Instant On 1430 16G Switch R8R47A,priced,4320000,4670000,https://www.sieuthivienthong.com/hpe-aruba-instant-on-1430-16g-switch-r8r47a-69771.html,2026-09-16T09:59:25+07:00
Instant On 1430 24G Switch (R8R49A),HPE Aruba Instant On 1430 24G Switch (R8R49A),contact,,,https://www.sieuthivienthong.com/hpe-aruba-instant-on-1430-24g-switch-r8r49a-78882.html,2026-09-16T09:59:25+07:00
Instant On 1430 5G Switch (R8R44A),HPE Aruba Instant On 1430 5G Switch (R8R44A),priced,1065000,1150000,https://www.sieuthivienthong.com/hpe-aruba-instant-on-1430-5g-switch-r8r44a-78877.html,2026-09-16T09:59:25+07:00
Instant On 1830 24G PoE Switch JL813A,HPE Aruba Instant On 1830 24G PoE Switch JL813A,contact,,,https://www.sieuthivienthong.com/hpe-aruba-instant-on-1830-24g-poe-switch-jl813a-75854.html,2026-09-16T09:59:25+07:00
Instant On 1830 8G PoE Switch JL811A,HPE Aruba Instant On 1830 8G PoE Switch JL811A,priced,2430000,2620000,https://www.sieuthivienthong.com/hpe-aruba-instant-on-1830-8g-poe-switch-jl811a-69776.html,2026-09-16T09:59:25+07:00
CAP XL ac (RBcAPGi-5acD2nD-XL),Access Point Mikrotik CAP XL ac (RBcAPGi-5acD2nD-XL),contact,,,https://www.sieuthivienthong.com/access-point-mikrotik-cap-xl-ac-rbcapgi-5acd2nd-xl-86200.html,2026-09-16T09:59:25+07:00
cAP ac (RBcAPGi-5acD2nD),Access Point Mikrotik cAP ac (RBcAPGi-5acD2nD),contact,,,https://www.sieuthivienthong.com/access-point-mikrotik-cap-ac-rbcapgi-5acd2nd-86196.html,2026-09-16T09:59:25+07:00
S+RJ10,6-Speed RJ-45 Module Mikrotik S+RJ10,priced,1850000,2000000,https://www.sieuthivienthong.com/6-speed-rj-45-module-mikrotik-s-rj10-86185.html,2026-09-16T09:59:25+07:00
48POW,Adapter 48V/1.46A MikroTik 48POW,contact,,,https://www.sieuthivienthong.com/adapter-48v-1.46a-mikrotik-48pow-85940.html,2026-09-16T09:59:25+07:00
XS+DA0001,Direct Attach Cable Mikrotik XS+DA0001,priced,810000,870000,https://www.sieuthivienthong.com/direct-attach-cable-mikrotik-xsda0001-86183.html,2026-09-16T09:59:25+07:00
XS+DA0003,Direct Attach Cable Mikrotik XS+DA0003,priced,1240000,1340000,https://www.sieuthivienthong.com/direct-attach-cable-mikrotik-xs-da0003-86184.html,2026-09-16T09:59:25+07:00
RBFTC11,Fiber to Copper Converter Mikrotik RBFTC11,contact,,,https://www.sieuthivienthong.com/fiber-to-copper-converter-mikrotik-rbftc11-86186.html,2026-09-16T09:59:25+07:00
18POW,Power Adapter Mikrotik 18POW,contact,,,https://www.sieuthivienthong.com/power-adapter-mikrotik-18pow-86187.html,2026-09-16T09:59:25+07:00
24HPOW,Power Adapter Mikrotik 24HPOW,contact,,,https://www.sieuthivienthong.com/power-adapter-mikrotik-24hpow-86189.html,2026-09-16T09:59:25+07:00
MT48-480095-11DG,Power Adapter Mikrotik MT48-480095-11DG,contact,,,https://www.sieuthivienthong.com/power-adapter-mikrotik-mt48-480095-11dg-86190.html,2026-09-16T09:59:25+07:00
MT48-570080-11DG,Power Adapter Mikrotik MT48-570080-11DG,contact,,,https://www.sieuthivienthong.com/power-adapter-mikrotik-mt48-570080-11dg-86191.html,2026-09-16T09:59:25+07:00
SAW30-240-1200GA,Power Adapter Mikrotik SAW30-240-1200GA,contact,,,https://www.sieuthivienthong.com/power-adapter-mikrotik-saw30-240-1200ga-86188.html,2026-09-16T09:59:25+07:00
hEX S (E60iUGS),Router Board Mikrotik hEX S (E60iUGS),not_found,,,,2026-09-16T09:59:25+07:00
RB4011iGS+RM,Router MIKROTIK RB4011iGS+RM,priced,5900000,6370000,https://www.sieuthivienthong.com/router-mikrotik-rb4011igs-rm-36066.html,2026-09-16T09:59:25+07:00
RB760iGS,Router MIKROTIK RB760iGS,priced,2140000,2310000,https://www.sieuthivienthong.com/router-mikrotik-rb760igs-37158.html,2026-09-16T09:59:25+07:00
CCR2004-16G-2S+,Router Mikrotik CCR2004-16G-2S+,priced,12640000,13650000,https://www.sieuthivienthong.com/router-mikrotik-ccr2004-16g-2s-70969.html,2026-09-16T09:59:25+07:00
CCR2004-1G-12S+2XS,Router Mikrotik CCR2004-1G-12S+2XS,contact,,,https://www.sieuthivienthong.com/router-mikrotik-ccr2004-1g-12s-2xs-86169.html,2026-09-16T09:59:25+07:00
CCR2116-12G-4S+,Router Mikrotik CCR2116-12G-4S+,priced,25500000,27540000,https://www.sieuthivienthong.com/router-mikrotik-ccr2116-12g-4s-72552.html,2026-09-16T09:59:25+07:00
CCR2216-1G-12XS-2XQ,Router Mikrotik CCR2216-1G-12XS-2XQ,contact,,,https://www.sieuthivienthong.com/router-mikrotik-ccr2216-1g-12xs-2xq-86171.html,2026-09-16T09:59:25+07:00
RB1100AHx4,Router Mikrotik RB1100AHx4,contact,,,https://www.sieuthivienthong.com/router-mikrotik-rb1100ahx4-36067.html,2026-09-16T09:59:25+07:00
RB5009UG+S+IN,Router Mikrotik RB5009UG+S+IN,priced,6530000,7050000,https://www.sieuthivienthong.com/router-mikrotik-rb5009ug-s-in-73285.html,2026-09-16T09:59:25+07:00
RB750-Gr3 hEX,Router Mikrotik RB750-Gr3 hEX,priced,1690000,1830000,https://www.sieuthivienthong.com/router-mikrotik-rb750-gr3-hex-65158.html,2026-09-16T09:59:25+07:00
hEX (E50UG),Router Mikrotik hEX (E50UG),priced,1830000,1980000,https://www.sieuthivienthong.com/router-mikrotik-hex-e50ug-90164.html,2026-09-16T09:59:25+07:00
L009UiGS-RM,Router cân bằng tải Mikrotik L009UiGS-RM,priced,3400000,3670000,https://www.sieuthivienthong.com/router-can-bang-tai-mikrotik-l009uigs-rm-78958.html,2026-09-16T09:59:25+07:00
S-85DLC05D,1.25G SFP Transceiver Module MikroTik S-85DLC05D,priced,550000,590000,https://www.sieuthivienthong.com/1.25g-sfp-transceiver-module-mikrotik-s-85dlc05d-65968.html,2026-09-16T09:59:25+07:00
S-31DLC20D,SFP 1.25G Module Mikrotik S-31DLC20D,priced,730000,790000,https://www.sieuthivienthong.com/sfp-1.25g-module-mikrotik-s-31dlc20d-86180.html,2026-09-16T09:59:25+07:00
XS+31LC10D,SFP 1G/10G/25G Module Mikrotik XS+31LC10D,priced,3645000,3940000,https://www.sieuthivienthong.com/sfp-1g10g25g-module-mikrotik-xs31lc10d-86181.html,2026-09-16T09:59:25+07:00
S-RJ01,SFP Copper Module Mikrotik S-RJ01,priced,880000,950000,https://www.sieuthivienthong.com/sfp-copper-module-mikrotik-s-rj01-79723.html,2026-09-16T09:59:25+07:00
S+85DLC03D,SFP+ 10G Module Mikrotik S+85DLC03D,priced,1600000,1730000,https://www.sieuthivienthong.com/sfp-10g-module-mikrotik-s85dlc03d-86182.html,2026-09-16T09:59:25+07:00
CRS354-48P-4S+2Q+RM,48-Port GE PoE Switch Mikrotik CRS354-48P-4S+2Q+RM,contact,,,https://www.sieuthivienthong.com/48-port-ge-poe-switch-mikrotik-crs354-48p-4s2qrm-47620.html,2026-09-16T09:59:25+07:00
CRS310-8G+2S+IN,8-Port 2.5GE Switch Mikrotik CRS310-8G+2S+IN,contact,,,https://www.sieuthivienthong.com/8-port-25ge-switch-mikrotik-crs310-8g2sin-86194.html,2026-09-16T09:59:25+07:00
CSS610-8G-2S+IN,8-Port GE Switch Mikrotik CSS610-8G-2S+IN,priced,3020000,3260000,https://www.sieuthivienthong.com/8-port-ge-switch-mikrotik-css610-8g-2sin-86174.html,2026-09-16T09:59:25+07:00
CSS610-8P-2S+IN,8-Port PoE GE Switch Mikrotik CSS610-8P-2S+IN,contact,,,https://www.sieuthivienthong.com/8-port-poe-ge-switch-mikrotik-css610-8p-2sin-86175.html,2026-09-16T09:59:25+07:00
CRS106-1C-5S,Cloud Router Switch Mikrotik CRS106-1C-5S,contact,,,https://www.sieuthivienthong.com/cloud-router-switch-mikrotik-crs106-1c-5s-86172.html,2026-09-16T09:59:25+07:00
CRS112-8P-4S-IN,Cloud Router Switch Mikrotik CRS112-8P-4S-IN,priced,5420000,5850000,https://www.sieuthivienthong.com/cloud-router-switch-mikrotik-crs112-8p-4s-in-47600.html,2026-09-16T09:59:25+07:00
CRS309-1G-8S+IN,Cloud Router Switch Mikrotik CRS309-1G-8S+IN,contact,,,https://www.sieuthivienthong.com/cloud-router-switch-mikrotik-crs309-1g-8s-in-64352.html,2026-09-16T09:59:25+07:00
CRS312-4C+8XG-RM,Cloud Router Switch Mikrotik CRS312-4C+8XG-RM,contact,,,https://www.sieuthivienthong.com/cloud-router-switch-mikrotik-crs312-4c-8xg-rm-86177.html,2026-09-16T09:59:25+07:00
CRS326-24G-2S+RM,Cloud Router Switch Mikrotik CRS326-24G-2S+RM,contact,,,https://www.sieuthivienthong.com/cloud-router-switch-mikrotik-crs326-24g-2s-rm-62973.html,2026-09-16T09:59:25+07:00
CRS326-24S+2Q+RM,Cloud Router Switch Mikrotik CRS326-24S+2Q+RM,contact,,,https://www.sieuthivienthong.com/cloud-router-switch-mikrotik-crs326-24s-2q-rm-70972.html,2026-09-16T09:59:25+07:00
CRS328-24P-4S+RM,Cloud Router Switch Mikrotik CRS328-24P-4S+RM,contact,,,https://www.sieuthivienthong.com/cloud-router-switch-mikrotik-crs328-24p-4s-rm-47618.html,2026-09-16T09:59:25+07:00
CRS354-48G-4S+2Q+RM,Cloud Router Switch Mikrotik CRS354-48G-4S+2Q+RM,contact,,,https://www.sieuthivienthong.com/cloud-router-switch-mikrotik-crs354-48g-4s-2q-rm-47596.html,2026-09-16T09:59:25+07:00
CRS310-1G-5S-4S+IN,Switch Mikrotik CRS310-1G-5S-4S+IN,priced,5060000,5460000,https://www.sieuthivienthong.com/switch-mikrotik-crs310-1g-5s-4sin-86176.html,2026-09-16T09:59:25+07:00
CRS328-4C-20S-4S+RM,Switch quang Mikrotik CRS328-4C-20S-4S+RM,priced,12190000,13170000,https://www.sieuthivienthong.com/switch-quang-mikrotik-crs328-4c-20s-4srm-42005.html,2026-09-16T09:59:25+07:00
RG-AP720-L,Access point wifi trong nhà RUIJIE RG-AP720-L,priced,1940000,2100000,https://www.sieuthivienthong.com/access-point-wifi-trong-nha-ruijie-rg-ap720-l-36023.html,2026-09-16T09:59:25+07:00
RG-RAP2200(E),Ceiling Mount Access Point RUIJIE RG-RAP2200(E),priced,1415000,1530000,https://www.sieuthivienthong.com/ceiling-mount-access-point-ruijie-rg-rap2200e-62937.html,2026-09-16T09:59:25+07:00
RG-RAP2200(F),Ceiling Mount Access Point RUIJIE RG-RAP2200(F),priced,1070000,1160000,https://www.sieuthivienthong.com/ceiling-mount-access-point-ruijie-rg-rap2200f-48262.html,2026-09-16T09:59:25+07:00
RG-RAP2260(G),Ceiling Mount Access Point RUIJIE RG-RAP2260(G),priced,2585000,2790000,https://www.sieuthivienthong.com/ceiling-mount-access-point-ruijie-rg-rap2260g-58304.html,2026-09-16T09:59:25+07:00
RG-RAP6262(G),Omnidirectional Access Point RUIJIE RG-RAP6262(G),priced,3750000,4050000,https://www.sieuthivienthong.com/omnidirectional-access-point-ruijie-rg-rap6262g-66730.html,2026-09-16T09:59:25+07:00
RG-E-120(GE),Bộ cấp nguồn PoE RUIJIE RG-E-120(GE),contact,,,https://www.sieuthivienthong.com/bo-cap-nguon-poe-ruijie-rg-e-120ge-36030.html,2026-09-16T09:59:25+07:00
RG-E-130(GE),Bộ cấp nguồn PoE RUIJIE RG-E-130(GE),priced,630000,680000,https://www.sieuthivienthong.com/bo-cap-nguon-poe-ruijie-rg-e-130ge-36031.html,2026-09-16T09:59:25+07:00
RG-EST310 V2,Bộ thu phát sóng không dây ngoài trời RUIJIE RG-EST310 V2,priced,2580000,2790000,https://www.sieuthivienthong.com/bo-thu-phat-song-khong-day-ngoai-troi-ruijie-rg-est310-v2-63537.html,2026-09-16T09:59:25+07:00
RG-EG310GH-E,Cloud Managed Office Router RUIJIE RG-EG310GH-E,priced,4910000,5300000,https://www.sieuthivienthong.com/cloud-managed-office-router-ruijie-rg-eg310gh-e-66735.html,2026-09-16T09:59:25+07:00
RG-EG105G-P-V3,Cloud Managed PoE Router RUIJIE Reyee RG-EG105G-P-V3,priced,2185000,2360000,https://www.sieuthivienthong.com/cloud-managed-poe-router-ruijie-reyee-rg-eg105g-p-v3-86936.html,2026-09-16T09:59:25+07:00
RG-EG105G-V3,Cloud Managed Router RUIJIE Reyee RG-EG105G-V3,priced,1735000,1870000,https://www.sieuthivienthong.com/cloud-managed-router-ruijie-reyee-rg-eg105g-v3-86933.html,2026-09-16T09:59:25+07:00
RG-EW1200,1200M Dual-band Wireless Router RUIJIE RG-EW1200,priced,530000,570000,https://www.sieuthivienthong.com/1200m-dual-band-wireless-router-ruijie-rg-ew1200-49355.html,2026-09-16T09:59:25+07:00
RG-EW300 PRO,300Mbps Wireless Smart Router RUIJIE RG-EW300 PRO,priced,456000,490000,https://www.sieuthivienthong.com/300mbps-wireless-smart-router-ruijie-rg-ew300-pro-63534.html,2026-09-16T09:59:25+07:00
RG-EW300N,300Mbps Wireless Smart Router RUIJIE RG-EW300N,priced,295000,320000,https://www.sieuthivienthong.com/300mbps-wireless-smart-router-ruijie-rg-ew300n-85527.html,2026-09-16T09:59:25+07:00
RG-EW1200G Pro,Wireless Router RUIJIE RG-EW1200G Pro,priced,875000,950000,https://www.sieuthivienthong.com/wireless-router-ruijie-rg-ew1200g-pro-49353.html,2026-09-16T09:59:25+07:00
RG-NBS3100-24GT4SFP-P-V2,24-Port GE PoE Switch RUIJIE RG-NBS3100-24GT4SFP-P-V2,priced,7140000,7710000,https://www.sieuthivienthong.com/24-port-ge-poe-switch-ruijie-rg-nbs3100-24gt4sfp-p-v2-84210.html,2026-09-16T09:59:25+07:00
RG-NBS3100-24GT4SFP-V2,24-Port GE Switch RUIJIE RG-NBS3100-24GT4SFP-V2,priced,3720000,4020000,https://www.sieuthivienthong.com/24-port-ge-switch-ruijie-rg-nbs3100-24gt4sfp-v2-84209.html,2026-09-16T09:59:25+07:00
RG-NBS3200-24SFP/8GT4XS,24-port GE SFP Switch RUIJIE RG-NBS3200-24SFP/8GT4XS,priced,11890000,12840000,https://www.sieuthivienthong.com/24-port-ge-sfp-switch-ruijie-rg-nbs3200-24sfp8gt4xs-48297.html,2026-09-16T09:59:25+07:00
RG-NBS3100-8GT2SFP-P-V2,8-Port GE PoE Switch RUIJIE RG-NBS3100-8GT2SFP-P-V2,priced,4215000,4550000,https://www.sieuthivienthong.com/8-port-ge-poe-switch-ruijie-rg-nbs3100-8gt2sfp-p-v2-84208.html,2026-09-16T09:59:25+07:00
MINI-GBIC-LX-SM1310,SFP RUIJIE MINI-GBIC-LX-SM1310,priced,765000,830000,https://www.sieuthivienthong.com/sfp-ruijie-mini-gbic-lx-sm1310-36035.html,2026-09-16T09:59:25+07:00
NIS-GE-SFP-10KM-SM1310,SFP Transceiver Module RUIJIE NIS-GE-SFP-10KM-SM1310,priced,775000,840000,https://www.sieuthivienthong.com/sfp-transceiver-module-ruijie-nis-ge-sfp-10km-sm1310-84254.html,2026-09-16T09:59:25+07:00
RG-ES220GS-P,16-Port GE PoE Switch RUIJIE RG-ES220GS-P,priced,4610000,4980000,https://www.sieuthivienthong.com/16-port-ge-poe-switch-ruijie-rg-es220gs-p-84205.html,2026-09-16T09:59:25+07:00
RG-ES216GC-V2,16-Port GE Switch RUIJIE RG-ES216GC-V2,priced,2235000,2410000,https://www.sieuthivienthong.com/16-port-ge-switch-ruijie-rg-es216gc-v2-84203.html,2026-09-16T09:59:25+07:00
RG-ES116G-L,16-Port GE Unmanaged Switch RUIJIE RG-ES116G-L,priced,1335000,1440000,https://www.sieuthivienthong.com/16-port-ge-unmanaged-switch-ruijie-rg-es116g-l-85496.html,2026-09-16T09:59:25+07:00
RG-ES228GS-P,24-Port GE PoE Switch RUIJIE RG-ES228GS-P,priced,6430000,6940000,https://www.sieuthivienthong.com/24-port-ge-poe-switch-ruijie-rg-es228gs-p-84206.html,2026-09-16T09:59:25+07:00
RG-ES224GC-V2,24-Port GE Switch RUIJIE RG-ES224GC-V2,priced,2735000,2950000,https://www.sieuthivienthong.com/24-port-ge-switch-ruijie-rg-es224gc-v2-84204.html,2026-09-16T09:59:25+07:00
RG-ES206GS-P,4-Port GE PoE Switch RUIJIE RG-ES206GS-P,priced,1485000,1600000,https://www.sieuthivienthong.com/4-port-ge-poe-switch-ruijie-rg-es206gs-p-84005.html,2026-09-16T09:59:25+07:00
RG-ES205GC-P,4-port 10/100/1000Base-T PoE Switch RUIJIE RG-ES205GC-P,priced,1350000,1460000,https://www.sieuthivienthong.com/4-port-101001000base-t-poe-switch-ruijie-rg-es205gc-p-45141.html,2026-09-16T09:59:25+07:00
RG-ES210GS-P,8-Port GE PoE Switch RUIJIE RG-ES210GS-P,priced,2440000,2640000,https://www.sieuthivienthong.com/8-port-ge-poe-switch-ruijie-rg-es210gs-p-84008.html,2026-09-16T09:59:25+07:00
RG-ES209GC-P,8-port 10/100/1000Base-T PoE Switch RUIJIE RG-ES209GC-P,priced,2200000,2380000,https://www.sieuthivienthong.com/8-port-101001000base-t-poe-switch-ruijie-rg-es209gc-p-45142.html,2026-09-16T09:59:25+07:00
RG-ES208GC,8-port 10/100/1000Base-T Switch RUIJIE RG-ES208GC,contact,,,https://www.sieuthivienthong.com/8-port-101001000base-t-switch-ruijie-rg-es208gc-61639.html,2026-09-16T09:59:25+07:00
EAP110,300Mbps Wireless N Access Point TP-LINK EAP110,priced,575000,620000,https://www.sieuthivienthong.com/300mbps-wireless-n-access-point-tp-link-eap110-15175.html,2026-09-16T09:59:25+07:00
EAP115-Bridge KIT,5GHz 300Mbps Wireless Bridge TP-LINK EAP115-Bridge KIT,priced,2130000,2300000,https://www.sieuthivienthong.com/5ghz-300mbps-access-point-tp-link-eap115-bridge-kit-88336.html,2026-09-16T09:59:25+07:00
EAP610,AX1800 Wireless Dual Band Access Point TP-LINK EAP610,priced,2250000,2430000,https://www.sieuthivienthong.com/ax1800-wireless-dual-band-access-point-tp-link-eap610-59936.html,2026-09-16T09:59:25+07:00
EAP650,AX3000 Ceiling Mount WiFi 6 Access Point TP-LINK EAP650,priced,2180000,2350000,https://www.sieuthivienthong.com/ax3000-ceiling-mount-wifi-6-access-point-tp-link-eap650-65821.html,2026-09-16T09:59:25+07:00
Deco X50-POE (1-pack),AX3000 Mesh WiFi 6 TP-LINK Deco X50-POE (1-pack),contact,,,https://www.sieuthivienthong.com/ax3000-mesh-wifi-6-tp-link-deco-x50-poe-1-pack-88286.html,2026-09-16T09:59:25+07:00
EAP670,AX5400 Ceiling Mount WiFi 6 Access Point TP-LINK EAP670,priced,3120000,3370000,https://www.sieuthivienthong.com/ax5400-ceiling-mount-wifi-6-access-point-tp-link-eap670-66250.html,2026-09-16T09:59:25+07:00
EAP115,Access Point WiFi gắn trần N300 TP-LINK EAP115,priced,675000,730000,https://www.sieuthivienthong.com/access-point-wifi-gan-tran-n300-tp-link-eap115-21456.html,2026-09-16T09:59:25+07:00
EAP225,Access Point Wifi gắn trần AC1350 TP-LINK EAP225,priced,1220000,1320000,https://www.sieuthivienthong.com/access-point-wifi-gan-tran-ac1350-tp-link-eap225-21455.html,2026-09-16T09:59:25+07:00
M7200,Bộ phát WiFi di động LTE 4G 2000mAh TP-LINK M7200,priced,1150000,1240000,https://www.sieuthivienthong.com/bo-phat-wifi-di-dong-lte-4g-2000mah-tp-link-m7200-25789.html,2026-09-16T09:59:25+07:00
Deco BE25 (2-pack),Hệ thống Mesh Wi-Fi 7 BE5000 TP-LINK Deco BE25 (2-pack),priced,5070000,5480000,https://www.sieuthivienthong.com/he-thong-mesh-wi-fi-7-be5000-tp-link-deco-be25-2-pack-88289.html,2026-09-16T09:59:25+07:00
Deco BE25 (3-pack),Hệ thống Mesh Wi-Fi 7 BE5000 TP-LINK Deco BE25 (3-pack),priced,7463500,8060000,https://www.sieuthivienthong.com/he-thong-mesh-wi-fi-7-be5000-tp-link-deco-be25-3-pack-88290.html,2026-09-16T09:59:25+07:00
Deco X10 (1-pack),Hệ thống Mesh WiFi 6 AX1500 TP-LINK Deco X10 (1-pack),contact,,,https://www.sieuthivienthong.com/he-thong-mesh-wifi-6-ax1500-tp-link-deco-x10-1-pack-79356.html,2026-09-16T09:59:25+07:00
Deco X10 (2-pack),Hệ thống Mesh WiFi 6 AX1500 TP-LINK Deco X10 (2-pack),priced,2155000,2330000,https://www.sieuthivienthong.com/he-thong-mesh-wifi-6-ax1500-tp-link-deco-x10-2-pack-79357.html,2026-09-16T09:59:25+07:00
Deco X10 (3-pack),Hệ thống Mesh WiFi 6 AX1500 TP-LINK Deco X10 (3-pack),priced,3230000,3490000,https://www.sieuthivienthong.com/he-thong-mesh-wifi-6-ax1500-tp-link-deco-x10-3-pack-79358.html,2026-09-16T09:59:25+07:00
Deco M5 (3-Pack),Hệ thống Wi-Fi Mesh AC1300 TP-LINK Deco M5 (3-Pack),priced,3542000,3830000,https://www.sieuthivienthong.com/he-thong-wi-fi-mesh-ac1300-tp-link-deco-m5-3-pack-27098.html,2026-09-16T09:59:25+07:00
Deco S7 (1-pack),Hệ thống Wi-Fi Mesh AC1900 TP-LINK Deco S7 (1-pack),contact,,,https://www.sieuthivienthong.com/he-thong-wi-fi-mesh-ac1900-tp-link-deco-s7-1-pack-70247.html,2026-09-16T09:59:25+07:00
Deco S7 (3-pack),Hệ thống Wi-Fi Mesh AC1900 TP-LINK Deco S7 (3-pack),contact,,,https://www.sieuthivienthong.com/he-thong-wi-fi-mesh-ac1900-tp-link-deco-s7-3-pack-70242.html,2026-09-16T09:59:25+07:00
TX401,10Gbps PCI Express Network Adapter TP-LINK TX401,priced,1415000,1530000,https://www.sieuthivienthong.com/10gbps-pci-express-network-adapter-tp-link-tx401-49265.html,2026-09-16T09:59:25+07:00
TL-WN823N,300Mbps Mini Wireless N USB TP-LINK TL-WN823N,priced,179000,190000,https://www.sieuthivienthong.com/300mbps-mini-wireless-n-usb-tp-link-tl-wn823n-6922.html,2026-09-16T09:59:25+07:00
TL-POE4818G,48V Passive PoE Adapter TP-LINK TL-POE4818G,contact,,,https://www.sieuthivienthong.com/48v-passive-poe-adapter-tp-link-tl-poe4818g-88339.html,2026-09-16T09:59:25+07:00
Archer TX20E,AX1800 WiFi 6 Bluetooth PCIe Adapter TP-Link Archer TX20E,contact,,,https://www.sieuthivienthong.com/ax1800-wifi-6-ble-52-pcie-adapter-tp-link-archer-tx20e-73015.html,2026-09-16T09:59:25+07:00
Archer TX55E,AX3000 WiFi 6 Bluetooth PCIe Adapter TP-Link Archer TX55E,priced,588000,640000,https://www.sieuthivienthong.com/ax3000-wi-fi-6-ble-52-pcie-adapter-tp-link-archer-tx55e-66236.html,2026-09-16T09:59:25+07:00
UB500,Bộ chuyển đổi USB Nano Bluetooth TP-LINK UB500,contact,,,https://www.sieuthivienthong.com/bo-chuyen-doi-usb-nano-bluetooth-tp-link-ub500-59946.html,2026-09-16T09:59:25+07:00
UE302C,Bộ chuyển đổi USB Type-C sang Ethernet 2.5G TP-LINK UE302C,contact,,,https://www.sieuthivienthong.com/bo-chuyen-doi-usb-type-c-sang-ethernet-25g-tp-link-ue302c-88373.html,2026-09-16T09:59:25+07:00
UH6120C,Hub USB Type-C 6 cổng TP-LINK UH6120C,contact,,,https://www.sieuthivienthong.com/hub-usb-type-c-6-cong-tp-link-uh6120c-88367.html,2026-09-16T09:59:25+07:00
UH9120C,Hub USB Type-C 9 cổng TP-LINK UH9120C,priced,735000,790000,https://www.sieuthivienthong.com/hub-usb-type-c-9-cong-tp-link-uh9120c-88365.html,2026-09-16T09:59:25+07:00
OC200,Omada Cloud Controller TP-LINK OC200,priced,2783000,3010000,https://www.sieuthivienthong.com/omada-cloud-controller-tp-link-oc200-31243.html,2026-09-16T09:59:25+07:00
POE10E,Omada Fast Ethernet PoE+ Extender TP-LINK POE10E,contact,,,https://www.sieuthivienthong.com/omada-fast-ethernet-poe-extender-tp-link-poe10e-88337.html,2026-09-16T09:59:25+07:00
OC300,Omada Hardware Controller TP-LINK OC300,contact,,,https://www.sieuthivienthong.com/omada-hardware-controller-tp-link-oc300-55583.html,2026-09-16T09:59:25+07:00
TL-POE160S,PoE+ Injector TP-LINK TL-POE160S,priced,428000,460000,https://www.sieuthivienthong.com/poe-injector-tp-link-tl-poe160s-55560.html,2026-09-16T09:59:25+07:00
RackMount Kit-13,Rack Mount Kit TP-LINK RackMount Kit-13,contact,,,https://www.sieuthivienthong.com/rack-mount-kit-tp-link-rackmount-kit-13-73017.html,2026-09-16T09:59:25+07:00
RackMount Kit-19,Rack Mount Kit TP-LINK RackMount Kit-19,contact,,,https://www.sieuthivienthong.com/rack-mount-kit-tp-link-rackmount-kit-19-73018.html,2026-09-16T09:59:25+07:00
UE306,USB 3.0 to Gigabit Ethernet Network Adapter TP-LINK UE306,contact,,,https://www.sieuthivienthong.com/usb-3.0-to-gigabit-ethernet-network-adapter-tp-link-ue306-66257.html,2026-09-16T09:59:25+07:00
UB500 Plus,USB Bluetooth 5.3 TP-LINK UB500 Plus,contact,,,https://www.sieuthivienthong.com/usb-bluetooth-5.3-tp-link-ub500-plus-88374.html,2026-09-16T09:59:25+07:00
Archer TX20U Nano,USB Wi-Fi 6 AX1800 TP-LINK Archer TX20U Nano,priced,453000,490000,https://www.sieuthivienthong.com/usb-wi-fi-6-ax1800-tp-link-archer-tx20u-nano-81635.html,2026-09-16T09:59:25+07:00
Archer TX10UB Nano,USB Wi-Fi 6 AX900 TP-LINK Archer TX10UB Nano,priced,357000,390000,https://www.sieuthivienthong.com/usb-wi-fi-6-ax900-tp-link-archer-tx10ub-nano-88319.html,2026-09-16T09:59:25+07:00
Archer T2U Plus,USB Wi-Fi băng tần kép AC600 TP-Link Archer T2U Plus,priced,262000,280000,https://www.sieuthivienthong.com/usb-wi-fi-bang-tan-kep-ac600-tp-link-archer-t2u-plus-36793.html,2026-09-16T09:59:25+07:00
TL-R480T+,Load Balance Broadband Router TP-LINK TL-R480T+,contact,,,https://www.sieuthivienthong.com/load-balance-broadband-router-tp-link-tl-r480t-3467.html,2026-09-16T09:59:25+07:00
ER7212PC,Omada 3-in-1 Gigabit VPN Router TP-LINK ER7212PC,contact,,,https://www.sieuthivienthong.com/omada-3-in-1-gigabit-vpn-router-tp-link-er7212pc-70267.html,2026-09-16T09:59:25+07:00
ER605,Omada Gigabit VPN Router TP-LINK ER605,priced,1390000,1500000,https://www.sieuthivienthong.com/omada-gigabit-vpn-router-tp-link-er605-58007.html,2026-09-16T09:59:25+07:00
ER707-M2,Omada Multi-Gigabit VPN Router TP-LINK ER707-M2,contact,,,https://www.sieuthivienthong.com/omada-multi-gigabit-vpn-router-tp-link-er707-m2-88479.html,2026-09-16T09:59:25+07:00
ER7412-M2,Omada Multi-Gigabit VPN Router TP-LINK ER7412-M2,contact,,,https://www.sieuthivienthong.com/omada-multi-gigabit-vpn-router-tp-link-er7412-m2-88478.html,2026-09-16T09:59:25+07:00
ER8411,Omada VPN Router TP-LINK ER8411,contact,,,https://www.sieuthivienthong.com/omada-vpn-router-tp-link-er8411-66256.html,2026-09-16T09:59:25+07:00
TL-ER7206,SafeStream Gigabit Multi-WAN VPN Router TP-LINK TL-ER7206,contact,,,https://www.sieuthivienthong.com/safestream-gigabit-multi-wan-vpn-router-tp-link-tl-er7206-55591.html,2026-09-16T09:59:25+07:00
TL-WR846N,300Mbps Multi-Mode Wi-Fi Router TP-LINK TL-WR846N,contact,,,https://www.sieuthivienthong.com/300mbps-multi-mode-wi-fi-router-tp-link-tl-wr846n-88311.html,2026-09-16T09:59:25+07:00
TL-MR105,300Mbps Wireless N 4G LTE Router TP-LINK TL-MR105,priced,935000,1010000,https://www.sieuthivienthong.com/300mbps-wireless-n-4g-lte-router-tp-link-tl-mr105-79364.html,2026-09-16T09:59:25+07:00
TL-MR6400,300Mbps Wireless N 4G LTE Router TP-Link TL-MR6400,priced,1528000,1650000,https://www.sieuthivienthong.com/300mbps-wireless-n-4g-lte-router-tp-link-tl-mr6400-16172.html,2026-09-16T09:59:25+07:00
TL-WR841N,300Mbps Wireless N Router TP-LINK TL-WR841N,priced,337000,360000,https://www.sieuthivienthong.com/300mbps-wireless-n-router-tp-link-tl-wr841n-3457.html,2026-09-16T09:59:25+07:00
Archer MR600,4G+ Cat6 AC1200 Wifi Dual Band Router TP-LINK Archer MR600,contact,,,https://www.sieuthivienthong.com/4g-cat6-ac1200-wifi-dual-band-router-tp-link-archer-mr600-84801.html,2026-09-16T09:59:25+07:00
Archer MR400,AC1200 Wifi Dual Band 4G LTE Router TP-LINK Archer MR400,priced,2090000,2260000,https://www.sieuthivienthong.com/ac1200-wifi-dual-band-4g-lte-router-tp-link-archer-mr400-58000.html,2026-09-16T09:59:25+07:00
Archer C50,AC1200 Wireless Dual Band Router TP-LINK Archer C50,priced,475000,510000,https://www.sieuthivienthong.com/ac1200-wireless-dual-band-router-tp-link-archer-c50-15150.html,2026-09-16T09:59:25+07:00
Archer C6 V2.0,AC1200 Wireless Gigabit Router TP-LINK Archer C6 V2.0,contact,,,https://www.sieuthivienthong.com/ac1200-wireless-gigabit-router-tp-link-archer-c6-v20-79361.html,2026-09-16T09:59:25+07:00
Archer C64,AC1200 Wireless MU-MIMO WiFi Router TP-Link Archer C64,priced,625000,680000,https://www.sieuthivienthong.com/ac1200-wireless-mu-mimo-wifi-router-tp-link-archer-c64-61712.html,2026-09-16T09:59:25+07:00
Archer AX23,AX1800 Dual-Band Wi-Fi 6 Router TP-LINK Archer AX23,priced,1245000,1340000,https://www.sieuthivienthong.com/ax1800-dual-band-wi-fi-6-router-tp-link-archer-ax23-57986.html,2026-09-16T09:59:25+07:00
Archer AX53,AX3000 Dual Band Gigabit Wi-Fi 6 Router TP-LINK Archer AX53,priced,1315000,1420000,https://www.sieuthivienthong.com/ax3000-dual-band-gigabit-wi-fi-6-router-tp-link-archer-ax53-61711.html,2026-09-16T09:59:25+07:00
Archer Air R5,AX3000 Dual-Band Wi-Fi 6 Air Router TP-LINK Archer Air R5,priced,2783000,3010000,https://www.sieuthivienthong.com/ax3000-dual-band-wi-fi-6-air-router-tp-link-archer-air-r5-81627.html,2026-09-16T09:59:25+07:00
Archer AX55,AX3000 Gigabit Wi-Fi 6 Router TP-LINK Archer AX55,contact,,,https://www.sieuthivienthong.com/ax3000-gigabit-wi-fi-6-router-tp-link-archer-ax55-61702.html,2026-09-16T09:59:25+07:00
Archer AX72,AX5400 Dual-Band Gigabit Wi-Fi 6 Router TP-LINK Archer AX72,priced,2280000,2460000,https://www.sieuthivienthong.com/ax5400-dual-band-gigabit-wi-fi-6-router-tp-link-archer-ax72-59933.html,2026-09-16T09:59:25+07:00
Archer AX80,AX6000 8-Stream Wi-Fi 6 Router TP-LINK Archer AX80,contact,,,https://www.sieuthivienthong.com/ax6000-8-stream-wi-fi-6-router-tp-link-archer-ax80-73010.html,2026-09-16T09:59:25+07:00
Archer BE230,BE3600 Dual-Band Wi-Fi 7 Router TP-LINK Archer BE230,contact,,,https://www.sieuthivienthong.com/be3600-dual-band-wi-fi-7-router-tp-link-archer-be230-86869.html,2026-09-16T09:59:25+07:00
Archer BE400,BE6500 Dual-Band Wi-Fi 7 Router TP-LINK Archer BE400,contact,,,https://www.sieuthivienthong.com/be6500-dual-band-wi-fi-7-router-tp-link-archer-be400-88302.html,2026-09-16T09:59:25+07:00
Archer AX55 Pro,Multi-Gigabit AX3000 Wi-Fi 6 Router TP-LINK Archer AX55 Pro,priced,1890000,2040000,https://www.sieuthivienthong.com/multi-gigabit-ax3000-wi-fi-6-router-tp-link-archer-ax55-pro-88307.html,2026-09-16T09:59:25+07:00
TL-WR1502X,Router di động Wi-Fi 6 AX1500 TP-LINK TL-WR1502X,priced,1175000,1270000,https://www.sieuthivienthong.com/router-di-dong-wi-fi-6-ax1500-tp-link-tl-wr1502x-90079.html,2026-09-16T09:59:25+07:00
TL-SM331T,1000BASE-T RJ45 SFP Module TP-LINK TL-SM331T,priced,365000,390000,https://www.sieuthivienthong.com/1000base-t-rj45-sfp-module-tp-link-tl-sm331t-66248.html,2026-09-16T09:59:25+07:00
TL-SM5310-T,10G BASE-T RJ45 SFP+ Module TP-LINK TL-SM5310-T,contact,,,https://www.sieuthivienthong.com/10g-base-t-rj45-sfp-module-tp-link-tl-sm5310-t-66247.html,2026-09-16T09:59:25+07:00
TL-SM5220-1M,10G SFP+ Direct Attach Cable TP-LINK TL-SM5220-1M,contact,,,https://www.sieuthivienthong.com/10g-sfp-direct-attach-cable-tp-link-tl-sm5220-1m-55562.html,2026-09-16T09:59:25+07:00
TL-SM5220-3M,10G SFP+ Direct Attach Cable TP-LINK TL-SM5220-3M,contact,,,https://www.sieuthivienthong.com/10g-sfp-direct-attach-cable-tp-link-tl-sm5220-3m-55563.html,2026-09-16T09:59:25+07:00
TL-SM321A-2,Module quang SFP TP-LINK TL-SM321A-2,priced,258000,280000,https://www.sieuthivienthong.com/module-quang-sfp-tp-link-tl-sm321a-2-55567.html,2026-09-16T09:59:25+07:00
TL-SM321B-2,Module quang SFP TP-LINK TL-SM321B-2,priced,258000,280000,https://www.sieuthivienthong.com/module-quang-sfp-tp-link-tl-sm321b-2-55568.html,2026-09-16T09:59:25+07:00
TL-SM5110-LR,Module quang SFP+ 10G LR LC TP-Link TL-SM5110-LR,priced,660000,710000,https://www.sieuthivienthong.com/module-quang-sfp-10g-lr-lc-tp-link-tl-sm5110-lr-55565.html,2026-09-16T09:59:25+07:00
TL-SM5110-SR,Module quang SFP+ 10G SR LC TP-LINK TL-SM5110-SR,contact,,,https://www.sieuthivienthong.com/module-quang-sfp-10g-sr-lc-tp-link-tl-sm5110-sr-55564.html,2026-09-16T09:59:25+07:00
TL-SG1210MP,10-Port GE with 8-Port PoE+ Switch TP-LINK TL-SG1210MP,priced,2320000,2510000,https://www.sieuthivienthong.com/10-port-ge-with-8-port-poe-switch-tp-link-tl-sg1210mp-58005.html,2026-09-16T09:59:25+07:00
LS1210GP,10-Port Gigabit Desktop Switch TP-LINK LS1210GP,contact,,,https://www.sieuthivienthong.com/10-port-gigabit-desktop-switch-tp-link-ls1210gp-84804.html,2026-09-16T09:59:25+07:00
TL-SF1016D,16-Port 10/100Mbps Switch TP-LINK TL-SF1016D,priced,475000,510000,https://www.sieuthivienthong.com/16-port-10100mbps-switch-tp-link-tl-sf1016d-3436.html,2026-09-16T09:59:25+07:00
TL-SF1016DS,16-Port 10/100Mbps Switch TP-LINK TL-SF1016DS,priced,880000,950000,https://www.sieuthivienthong.com/16-port-10100mbps-switch-tp-link-tl-sf1016ds-6877.html,2026-09-16T09:59:25+07:00
TL-SG1218MP,16-Port GE PoE+ Rackmount Switch TP-LINK TL-SG1218MP,priced,3540000,3820000,https://www.sieuthivienthong.com/16-port-ge-poe-rackmount-switch-tp-link-tl-sg1218mp-55545.html,2026-09-16T09:59:25+07:00
TL-SG1016PE,16-Port GE with 8-Port PoE+ Switch TP-LINK TL-SG1016PE,contact,,,https://www.sieuthivienthong.com/16-port-ge-with-8-port-poe-switch-tp-link-tl-sg1016pe-21521.html,2026-09-16T09:59:25+07:00
TL-SG116P,16-Port Gigabit PoE Desktop Switch TP-Link TL-SG116P,contact,,,https://www.sieuthivienthong.com/16-port-gigabit-poe-desktop-switch-tp-link-tl-sg116p-79369.html,2026-09-16T09:59:25+07:00
TL-SG1016D,16-Port Gigabit Switch TP-LINK TL-SG1016D,priced,1270000,1370000,https://www.sieuthivienthong.com/16-port-unmanaged-gigabi-switch-tp-link-tl-sg1016d-3441.html,2026-09-16T09:59:25+07:00
TL-SL1218P,16-Port PoE+ 10/100Mbps Switch TP-LINK TL-SL1218P,priced,3330000,3600000,https://www.sieuthivienthong.com/16-port-poe-10100mbps-switch-tp-link-tl-sl1218p-55552.html,2026-09-16T09:59:25+07:00
TL-SL1226P,24-Port 10/100Mbps PoE+ Switch TP-LINK TL-SL1226P,priced,3970000,4290000,https://www.sieuthivienthong.com/24-port-10100mbps-poe-switch-tp-link-tl-sl1226p-55550.html,2026-09-16T09:59:25+07:00
TL-SF1024D,24-Port 10/100Mbps Switch TP-LINK TL-SF1024D,priced,980000,1060000,https://www.sieuthivienthong.com/24-port-10100mbps-switch-tp-link-tl-sf1024d-6878.html,2026-09-16T09:59:25+07:00
TL-SG1024,24-Port Gigabit Rackmount Switch TP-LINK TL-SG1024,priced,2150000,2320000,https://www.sieuthivienthong.com/24-port-gigabit-rackmount-switch-tp-link-tl-sg1024-11294.html,2026-09-16T09:59:25+07:00
TL-SG1024D,24-Port Gigabit Switch TP-LINK TL-SG1024D,priced,1850000,2000000,https://www.sieuthivienthong.com/24-port-unmanaged-gigabi-switch-tp-link-tl-sg1024d-3442.html,2026-09-16T09:59:25+07:00
TL-SG1006PP,4-Port Gigabit Desktop Switch TP-LINK TL-SG1006PP,contact,,,https://www.sieuthivienthong.com/4-port-gigabit-desktop-switch-tp-link-tl-sg1006pp-88329.html,2026-09-16T09:59:25+07:00
TL-SF1048,48-Port 10/100Mbps Switch TP-LINK TL-SF1048,priced,2235000,2410000,https://www.sieuthivienthong.com/48-port-10100mbps-switch-tp-link-tl-sf1048-3438.html,2026-09-16T09:59:25+07:00
TL-SG3452X,48-Port GE L2+ Managed Switch TP-LINK TL-SG3452X,contact,,,https://www.sieuthivienthong.com/48-port-ge-l2-managed-switch-tp-link-tl-sg3452x-66241.html,2026-09-16T09:59:25+07:00
LS105LP,5-Port 10/100Mbps Desktop Switch TP-LINK LS105LP,priced,438000,470000,https://www.sieuthivienthong.com/5-port-10100mbps-desktop-switch-tp-link-ls105lp-84813.html,2026-09-16T09:59:25+07:00
TL-SF1005P,5-Port 10/100Mbps PoE Desktop Switch TP-LINK TL-SF1005P,priced,685000,740000,https://www.sieuthivienthong.com/5-port-10100mbps-poe-desktop-switch-tp-link-tl-sf1005p-27105.html,2026-09-16T09:59:25+07:00
TL-SF1005D,5-Port 10/100Mbps Switch TP-LINK TL-SF1005D,priced,144000,160000,https://www.sieuthivienthong.com/5-port-10100mbps-switch-tp-link-tl-sf1005d-3434.html,2026-09-16T09:59:25+07:00
TL-SF1005D (New version),5-Port 10/100Mbps Switch TP-LINK TL-SF1005D (New version),contact,,,https://www.sieuthivienthong.com/5-port-10100mbps-switch-tp-link-tl-sf1005d-new-version-59934.html,2026-09-16T09:59:25+07:00
TL-SX105,5-Port 10G Desktop Switch TP-LINK TL-SX105,priced,5420000,5850000,https://www.sieuthivienthong.com/5-port-10g-desktop-switch-tp-link-tl-sx105-55509.html,2026-09-16T09:59:25+07:00
TL-SG105-M2,5-Port 2.5G Desktop Switch TP-LINK TL-SG105-M2,priced,1050000,1130000,https://www.sieuthivienthong.com/5-port-2.5g-desktop-switch-tp-link-tl-sg105-m2-55512.html,2026-09-16T09:59:25+07:00
TL-SG105PP-M2,5-Port 2.5G Desktop Switch TP-LINK TL-SG105PP-M2,contact,,,https://www.sieuthivienthong.com/5-port-2.5g-desktop-switch-tp-link-tl-sg105pp-m2-88327.html,2026-09-16T09:59:25+07:00
TL-SG105PE,5-Port GE with 4-Port PoE+ Switch TP-LINK TL-SG105PE,contact,,,https://www.sieuthivienthong.com/5-port-ge-with-4-port-poe-switch-tp-link-tl-sg105pe-55544.html,2026-09-16T09:59:25+07:00
TL-SG105E,5-Port Gigabit Easy Smart Switch TP-LINK TL-SG105E,priced,570000,620000,https://www.sieuthivienthong.com/5-port-gigabit-easy-smart-switch-tp-link-tl-sg105e-15197.html,2026-09-16T09:59:25+07:00
TL-SG105MPE,5-Port Gigabit Easy Smart Switch TP-LINK TL-SG105MPE,contact,,,https://www.sieuthivienthong.com/5-port-gigabit-easy-smart-switch-tp-link-tl-sg105mpe-79366.html,2026-09-16T09:59:25+07:00
TL-SG1005D,5-Port Gigabit Switch TP-LINK TL-SG1005D,priced,258000,280000,https://www.sieuthivienthong.com/5-port-gigabit-switch-tp-link-tl-sg1005d-3439.html,2026-09-16T09:59:25+07:00
TL-SG105,5-Port Gigabit Switch TP-LINK TL-SG105,priced,355000,380000,https://www.sieuthivienthong.com/5-port-gigabit-switch-tp-link-tl-sg105-13173.html,2026-09-16T09:59:25+07:00
LS106LP,6-Port 10/100Mbps Desktop Switch TP-LINK LS106LP,priced,468000,510000,https://www.sieuthivienthong.com/6-port-10100mbps-desktop-switch-tp-link-ls106lp-84812.html,2026-09-16T09:59:25+07:00
LS108G,8-Port 10/100/1000Mbps Desktop Switch TP-LINK LS108G,priced,418000,450000,https://www.sieuthivienthong.com/8-port-101001000mbps-desktop-switch-tp-link-ls108g-36841.html,2026-09-16T09:59:25+07:00
TL-SF1008P,8-Port 10/100Mbps PoE Switch TP-LINK TL-SF1008P,priced,775000,840000,https://www.sieuthivienthong.com/8-port-10100mbps-poe-switch-tp-link-tl-sf1008p-6891.html,2026-09-16T09:59:25+07:00
TL-SL1311P,8-Port 10/100Mbps PoE Switch TP-LINK TL-SL1311P,priced,945000,1020000,https://www.sieuthivienthong.com/8-port-10100mbps-poe-switch-tp-link-tl-sl1311p-79371.html,2026-09-16T09:59:25+07:00
TL-SF1008D,8-Port 10/100Mbps Switch TP-LINK TL-SF1008D,priced,174000,190000,https://www.sieuthivienthong.com/8-port-10-100mbps-switch-tp-link-tl-sf1008d-3435.html,2026-09-16T09:59:25+07:00
TL-SX1008,8-Port 10G Switch TP-LINK TL-SX1008,priced,7950000,8590000,https://www.sieuthivienthong.com/8-port-10g-switch-tp-link-tl-sx1008-55508.html,2026-09-16T09:59:25+07:00
TL-SG108-M2,8-Port 2.5G Desktop Switch TP-LINK TL-SG108-M2,priced,1860000,2010000,https://www.sieuthivienthong.com/8-port-2.5g-desktop-switch-tp-link-tl-sg108-m2-55510.html,2026-09-16T09:59:25+07:00
TL-SG1210P,8-Port GE PoE+ Desktop Switch TP-LINK TL-SG1210P,priced,1655000,1790000,https://www.sieuthivienthong.com/8-port-ge-poe-desktop-switch-tp-link-tl-sg1210p-55546.html,2026-09-16T09:59:25+07:00
TL-SG108,8-Port Gigabit Desktop Switch TP-LINK TL-SG108,priced,475000,510000,https://www.sieuthivienthong.com/8-port-gigabit-desktop-switch-tp-link-tl-sg108-13174.html,2026-09-16T09:59:25+07:00
TL-SG108E,8-Port Gigabit Easy Smart Switch TP-LINK TL-SG108E,priced,695000,750000,https://www.sieuthivienthong.com/8-port-gigabit-easy-smart-switch-tp-link-tl-sg108e-13171.html,2026-09-16T09:59:25+07:00
LS108GP,8-Port Gigabit PoE Desktop Switch TP-LINK LS108GP,priced,845000,910000,https://www.sieuthivienthong.com/8-port-gigabit-poe-desktop-switch-tp-link-ls108gp-84805.html,2026-09-16T09:59:25+07:00
TL-SG1210PP,8-Port Gigabit PoE Desktop Switch TP-LINK TL-SG1210PP,contact,,,https://www.sieuthivienthong.com/8-port-gigabit-poe-desktop-switch-tp-link-tl-sg1210pp-88328.html,2026-09-16T09:59:25+07:00
TL-SG1008P,8-Port Gigabit PoE Switch TP-LINK TL-SG1008P,priced,965000,1040000,https://www.sieuthivienthong.com/8-port-gigabit-poe-switch-tp-link-tl-sg1008p-13182.html,2026-09-16T09:59:25+07:00
TL-SG1008MP,8-Port Gigabit PoE+ Switch TP-LINK TL-SG1008MP,priced,1950000,2110000,https://www.sieuthivienthong.com/8-port-gigabit-poe-switch-tp-link-tl-sg1008mp-36857.html,2026-09-16T09:59:25+07:00
TL-SG2008,8-Port Gigabit Smart Switch TP-LINK TL-SG2008,contact,,,https://www.sieuthivienthong.com/8-port-gigabit-smart-switch-tp-link-tl-sg2008-13169.html,2026-09-16T09:59:25+07:00
TL-SG1008D,8-Port Gigabit Switch TP-LINK TL-SG1008D,priced,420000,450000,https://www.sieuthivienthong.com/8-port-gigabit-switch-tp-link-tl-sg1008d-3440.html,2026-09-16T09:59:25+07:00
TL-SL1311MP,8-Port PoE+ 10/100Mbps Switch TP-LINK TL-SL1311MP,priced,1720000,1860000,https://www.sieuthivienthong.com/8-port-poe-10100mbps-switch-tp-link-tl-sl1311mp-55557.html,2026-09-16T09:59:25+07:00
LS109P,9-Port 10/100Mbps Desktop Switch TP-LINK LS109P,contact,,,https://www.sieuthivienthong.com/9-port-10100mbps-desktop-switch-tp-link-ls109p-84810.html,2026-09-16T09:59:25+07:00
ES205G,Omada 5-Port Gigabit Managed Switch TP-LINK ES205G,priced,518000,560000,https://www.sieuthivienthong.com/omada-5-port-gigabit-managed-switch-tp-link-es205g-88326.html,2026-09-16T09:59:25+07:00
ES205GP,Omada 5-Port Gigabit Managed Switch TP-LINK ES205GP,priced,885000,960000,https://www.sieuthivienthong.com/omada-5-port-gigabit-managed-switch-tp-link-es205gp-88324.html,2026-09-16T09:59:25+07:00
ES210GMP,Omada 8-Port GE PoE Managed Switch TP-LINK ES210GMP,priced,2250000,2430000,https://www.sieuthivienthong.com/omada-8-port-ge-poe-managed-switch-tp-link-es210gmp-88323.html,2026-09-16T09:59:25+07:00
U7 Lite,Bộ phát Wifi 7 Ubiquiti UniFi U7 Lite,priced,3780000,4080000,https://www.sieuthivienthong.com/bo-phat-wifi-7-ubiquiti-unifi-u7-lite-90414.html,2026-09-16T09:59:25+07:00
AP-Flex HD,Thiết bị thu phát sóng WiFi Ubiquiti UniFi AP-Flex HD,contact,,,https://www.sieuthivienthong.com/thiet-bi-thu-phat-song-wifi-ubiquiti-unifi-ap-flex-hd-49176.html,2026-09-16T09:59:25+07:00
AP-AC-PRO,WiFi Access Point UBIQUITI UniFi AP-AC-PRO,priced,4770000,5150000,https://www.sieuthivienthong.com/wifi-access-point-ubiquiti-unifi-ap-ac-pro-20139.html,2026-09-16T09:59:25+07:00
U6-PRO,WiFi Access Point UBIQUITI UniFi U6-PRO,priced,5730000,6190000,https://www.sieuthivienthong.com/wifi-access-point-ubiquiti-unifi-u6-pro-76919.html,2026-09-16T09:59:25+07:00
Nano HD,Wifi Access Point UBIQUITI UniFi Nano HD,priced,5230000,5650000,https://www.sieuthivienthong.com/wifi-access-point-ubiquiti-unifi-nano-hd-29746.html,2026-09-16T09:59:25+07:00
UACC-PoE++-10G,10G PoE++ Adapter UBIQUITI UniFi UACC-PoE++-10G,not_found,,,,2026-09-16T09:59:25+07:00
UACC-POE+-2.5G,2.5G PoE+ Adapter UBIQUITI UniFi UACC-POE+-2.5G,not_found,,,,2026-09-16T09:59:25+07:00
UACC-Adapter-AC-210W,AC Adapter 210W UBIQUITI UniFi UACC-Adapter-AC-210W,not_found,,,,2026-09-16T09:59:25+07:00
UCK-G2-SSD,CloudKey+ UBIQUITI UniFi UCK-G2-SSD,not_found,,,,2026-09-16T09:59:25+07:00
U-POE,Nguồn PoE UBIQUITI UniFi U-POE,priced,455000,490000,https://www.sieuthivienthong.com/nguon-poe-ubiquiti-unifi-u-poe-af-72259.html,2026-09-16T09:59:25+07:00
POE-48-24W-G,Nguồn PoE Ubiquiti POE-48-24W-G,priced,650000,700000,https://www.sieuthivienthong.com/nguon-poe-ubiquiti-poe-48-24w-g-49144.html,2026-09-16T09:59:25+07:00
U-POE+,Nguồn PoE+ UBIQUITI UniFi U-POE+,priced,455000,490000,https://www.sieuthivienthong.com/nguon-poe-ubiquiti-unifi-u-poe-af-72259.html,2026-09-16T09:59:25+07:00
U-PoE-at,PoE+ Adapter UBIQUITI UniFi U-PoE-at,priced,611000,660000,https://www.sieuthivienthong.com/poe-adapter-ubiquiti-unifi-u-poe-at-76961.html,2026-09-16T09:59:25+07:00
Dream Machine SE (UDM-SE),Thiết bị mạng Ubiquiti UniFi Dream Machine SE (UDM-SE),not_found,,,,2026-09-16T09:59:25+07:00
Dream Machine Pro (UDM-Pro),Thiết bị định tuyến UBIQUITI UniFi Dream Machine Pro (UDM-Pro),not_found,,,,2026-09-16T09:59:25+07:00
UCG-Max,Cloud Gateway Max UBIQUITI UniFi UCG-Max,not_found,,,,2026-09-16T09:59:25+07:00
UXG-PRO,Gateway Pro UBIQUITI UniFi UXG-PRO,not_found,,,,2026-09-16T09:59:25+07:00
UACC-OM-MM-1G-D,Module quang SFP UBIQUITI UniFi UACC-OM-MM-1G-D,priced,988000,1070000,https://www.sieuthivienthong.com/module-quang-sfp-ubiquiti-unifi-uacc-om-mm-1g-d-76954.html,2026-09-16T09:59:25+07:00
USW-16-PoE,16-Port GE PoE Switch UBIQUITI UniFi USW-16-PoE,contact,,,https://www.sieuthivienthong.com/16-port-ge-poe-switch-ubiquiti-unifi-usw-16-poe-61245.html,2026-09-16T09:59:25+07:00
USW-Lite-16-PoE,16-Port GE PoE Switch UBIQUITI UniFi USW-Lite-16-PoE,priced,7850000,8480000,https://www.sieuthivienthong.com/16-port-ge-poe-switch-ubiquiti-unifi-usw-lite-16-poe-61244.html,2026-09-16T09:59:25+07:00
USW-24-PoE,24-Port GE PoE Switch UBIQUITI UniFi USW-24-PoE,priced,14892500,16080000,https://www.sieuthivienthong.com/24-port-ge-poe-switch-ubiquiti-unifi-usw-24-poe-61248.html,2026-09-16T09:59:25+07:00
USW-Pro-24-PoE,24-Port GE PoE Switch UBIQUITI UniFi USW-Pro-24-PoE,contact,,,https://www.sieuthivienthong.com/24-port-ge-poe-switch-ubiquiti-unifi-usw-pro-24-poe-61249.html,2026-09-16T09:59:25+07:00
USW-Aggregation,Switch UBIQUITI UniFi USW-Aggregation,contact,,,https://www.sieuthivienthong.com/switch-ubiquiti-unifi-usw-aggregation-76932.html,2026-09-16T09:59:25+07:00
USW-Flex-Mini,Switch UBIQUITI UniFi USW-Flex-Mini,priced,1260000,1360000,https://www.sieuthivienthong.com/switch-ubiquiti-unifi-usw-flex-mini-76936.html,2026-09-16T09:59:25+07:00
USW-Pro-Aggregation,Switch UBIQUITI UniFi USW-Pro-Aggregation,contact,,,https://www.sieuthivienthong.com/switch-ubiquiti-unifi-usw-pro-aggregation-76934.html,2026-09-16T09:59:25+07:00
D256B-EXT,Card 16 máy lẻ tổng đài Excelltel D256B-EXT,not_found,,,,2026-09-16T09:59:25+07:00
D256B-TRK,Card 8 trung kế Excelltel D256B-TRK,not_found,,,,2026-09-16T09:59:25+07:00
TP256-8CO,Card 8 đường vào bưu điện Excelltel TP256-8CO,contact,,,https://www.sieuthivienthong.com/card-8-duong-vao-buu-dien-excelltel-tp256-8co-75279.html,2026-09-16T09:59:25+07:00
PABX TP256-16 EXT,Card mở rộng 16 cổng Excelltel PABX TP256-16 EXT,contact,,,https://www.sieuthivienthong.com/card-mo-rong-16-cong-excelltel-pabx-tp256-16-ext-66647.html,2026-09-16T09:59:25+07:00
C04-1696,Card mở rộng 4 trung kế Excelltel C04-1696,not_found,,,,2026-09-16T09:59:25+07:00
C04-TP152,Card mở rộng 4 trung kế vào bưu điện Excelltel C04-TP152,contact,,,https://www.sieuthivienthong.com/card-mo-rong-4-trung-ke-vao-buu-dien-excelltel-c04-tp152-75278.html,2026-09-16T09:59:25+07:00
CE4-832,Card mở rộng 4 đường bưu điện Excelltel CE4-832,priced,1450000,1570000,https://www.sieuthivienthong.com/card-mo-rong-excelltel-ce4-832-75274.html,2026-09-16T09:59:25+07:00
CE8-1696,Card mở rộng 8 máy lẻ analog Excelltel CE8-1696,not_found,,,,2026-09-16T09:59:25+07:00
CE8-TP152,Card mở rộng 8 máy lẻ analog Excelltel CE8-TP152,contact,,,https://www.sieuthivienthong.com/card-mo-rong-8-may-le-analog-excelltel-ce8-tp152-75276.html,2026-09-16T09:59:25+07:00
CE8-832,Card mở rộng 8 máy lẻ nội bộ Excelltel CE8-832,priced,1450000,1570000,https://www.sieuthivienthong.com/card-mo-rong-8-may-le-noi-bo-excelltel-ce8-832-75275.html,2026-09-16T09:59:25+07:00
Các card mở rộng dùng cho tổng đài PABX,Các card mở rộng dùng cho tổng đài PABX,not_found,,,,2026-09-16T09:59:25+07:00
CDX-DSS,Bàn giám sát 64 số Excelltel CDX-DSS,contact,,,https://www.sieuthivienthong.com/ban-giam-sat-64-so-excelltel-cdx-dss-66649.html,2026-09-16T09:59:25+07:00
D256B,Khung chính tổng đài Excelltel D256B,not_found,,,,2026-09-16T09:59:25+07:00
PABX TP256,Khung chính tổng đài Excelltel PABX TP256,contact,,,https://www.sieuthivienthong.com/khung-chinh-tong-dai-excelltel-pabx-tp256-66646.html,2026-09-16T09:59:25+07:00
PABX TP152,Tổng đài Excelltel PABX TP152,contact,,,https://www.sieuthivienthong.com/tong-dai-excelltel-pabx-tp152-66635.html,2026-09-16T09:59:25+07:00
PABX TP848,Tổng đài Excelltel PABX TP848,contact,,,https://www.sieuthivienthong.com/tong-dai-excelltel-pabx-tp848-66633.html,2026-09-16T09:59:25+07:00
PABX CP1696,Tổng đài điện thoại Excelltel PABX CP1696,priced,15754800,17020000,https://www.sieuthivienthong.com/tong-dai-dien-thoai-excelltel-pabx-cp1696-19531.html,2026-09-16T09:59:25+07:00
PABX CP832,Tổng đài điện thoại Excelltel PABX CP832,contact,,,https://www.sieuthivienthong.com/tong-dai-dien-thoai-excelltel-pabx-cp832-19530.html,2026-09-16T09:59:25+07:00
PABX CP832-B,Tổng đài điện thoại Excelltel PABX CP832-B,priced,5150000,5560000,https://www.sieuthivienthong.com/tong-dai-dien-thoai-excelltel-pabx-cp832-b-55899.html,2026-09-16T09:59:25+07:00
PABX CS208,Tổng đài điện thoại Excelltel PABX CS208,priced,2856000,3080000,https://www.sieuthivienthong.com/tong-dai-dien-thoai-excelltel-pabx-cs208-55898.html,2026-09-16T09:59:25+07:00
PABX CS308,Tổng đài điện thoại Excelltel PABX CS308,priced,3100000,3350000,https://www.sieuthivienthong.com/tong-dai-dien-thoai-excelltel-pabx-cs308-17042.html,2026-09-16T09:59:25+07:00
PABX CS416,Tổng đài điện thoại Excelltel PABX CS416,contact,,,https://www.sieuthivienthong.com/tong-dai-dien-thoai-excelltel-pabx-cs416-17043.html,2026-09-16T09:59:25+07:00
PABX MS108,Tổng đài điện thoại Excelltel PABX MS108,priced,2004000,2160000,https://www.sieuthivienthong.com/tong-dai-dien-thoai-excelltel-pabx-ms108-29926.html,2026-09-16T09:59:25+07:00
PH201,Điện thoại lập trình Excelltel PH201,contact,,,https://www.sieuthivienthong.com/dien-thoai-lap-trinh-excelltel-ph201-66637.html,2026-09-16T09:59:25+07:00
PH202,Điện thoại lập trình Excelltel PH202,priced,3245000,3500000,https://www.sieuthivienthong.com/dien-thoai-ban-excelltel-ph202-66648.html,2026-09-16T09:59:25+07:00
PH203,Điện thoại lập trình Excelltel PH203,not_found,,,,2026-09-16T09:59:25+07:00
HA100,Bộ điều khiển Backup tự động Grandstream HA100,contact,,,https://www.sieuthivienthong.com/bo-dieu-khien-backup-tu-dong-grandstream-ha100-36989.html,2026-09-16T09:59:25+07:00
Hotel Connect,License cho 100 máy Grandstream Hotel Connect,contact,,,https://www.sieuthivienthong.com/license-cho-100-may-grandstream-hotel-connect-39818.html,2026-09-16T09:59:25+07:00
License Extra,License mở rộng Grandstream License Extra,contact,,,https://www.sieuthivienthong.com/license-mo-rong-grandstream-license-extra-39819.html,2026-09-16T09:59:25+07:00
UCM6300A,Tổng đài IP Grandstream UCM6300A,priced,8712500,9410000,https://www.sieuthivienthong.com/tong-dai-ip-grandstream-ucm6300a-59669.html,2026-09-16T09:59:25+07:00
UCM6301,Tổng đài IP Grandstream UCM6301,priced,11275000,12180000,https://www.sieuthivienthong.com/tong-dai-ip-grandstream-ucm6301-45652.html,2026-09-16T09:59:25+07:00
UCM6302,Tổng đài IP Grandstream UCM6302,contact,,,https://www.sieuthivienthong.com/tong-dai-ip-grandstream-ucm6302-45657.html,2026-09-16T09:59:25+07:00
UCM6302A,Tổng đài IP Grandstream UCM6302A,priced,17012500,18370000,https://www.sieuthivienthong.com/tong-dai-ip-grandstream-ucm6302a-59980.html,2026-09-16T09:59:25+07:00
UCM6304,Tổng đài IP Grandstream UCM6304,contact,,,https://www.sieuthivienthong.com/tong-dai-ip-grandstream-ucm6304-45658.html,2026-09-16T09:59:25+07:00
UCM6304A,Tổng đài IP Grandstream UCM6304A,priced,32675000,35290000,https://www.sieuthivienthong.com/tong-dai-ip-grandstream-ucm6304a-61755.html,2026-09-16T09:59:25+07:00
UCM6308,Tổng đài IP Grandstream UCM6308,contact,,,https://www.sieuthivienthong.com/tong-dai-ip-grandstream-ucm6308-45660.html,2026-09-16T09:59:25+07:00
UCM6308A,Tổng đài IP Grandstream UCM6308A,priced,47112500,50880000,https://www.sieuthivienthong.com/tong-dai-ip-grandstream-ucm6308a-61756.html,2026-09-16T09:59:25+07:00
UCM6510,Tổng đài IP Grandstream UCM6510,contact,,,https://www.sieuthivienthong.com/tong-dai-ip-grandstream-ucm6510-12145.html,2026-09-16T09:59:25+07:00
SV9100,Các card dùng cho tổng đài NEC SV9100,contact,,,https://www.sieuthivienthong.com/card-tong-dai-nec-sv9100-60779.html,2026-09-16T09:59:25+07:00
SL2100,Các card dùng cho tổng đài điện thoại NEC SL2100,contact,,,https://www.sieuthivienthong.com/cac-card-tong-dai-nec-sl2100-26031.html,2026-09-16T09:59:25+07:00
IP4WW-60D DSS-A,Bàn giám sát DSS 60 số NEC IP4WW-60D DSS-A,contact,,,https://www.sieuthivienthong.com/ban-giam-sat-dss-60-so-nec-ip4ww-60d-dss-a-5295.html,2026-09-16T09:59:25+07:00
SL2100 IP7WW-60D DSS-A1,Bàn giám sát DSS 60 số NEC SL2100 IP7WW-60D DSS-A1,contact,,,https://www.sieuthivienthong.com/ban-giam-sat-dss-60-so-nec-sl2100-ip7ww-60d-dss-a1-26045.html,2026-09-16T09:59:25+07:00
DCK-60-1P (BK) CONSOLE,Bàn giám sát IP 60 phím NEC DCK-60-1P (BK) CONSOLE,contact,,,https://www.sieuthivienthong.com/ban-giam-sat-ip-60-phim-nec-dck-60-1p-bk-console-60971.html,2026-09-16T09:59:25+07:00
8LK-KP (BK) UNIT,Modul mở rộng IP 8 phím giám sát NEC 8LK-KP (BK) UNIT,contact,,,https://www.sieuthivienthong.com/modul-mo-rong-ip-8-phim-giam-sat-nec-8lk-kp-bk-unit-60972.html,2026-09-16T09:59:25+07:00
SV9100-60790,License dùng cho tổng đài NEC SV9100,not_found,,,,2026-09-16T09:59:25+07:00
SL2100-25977,Tổng đài NEC SL2100,not_found,,,,2026-09-16T09:59:25+07:00
SL2100 3 trung kế-16 máy nhánh,Tổng đài NEC SL2100 3 trung kế-16 máy nhánh,contact,,,https://www.sieuthivienthong.com/tong-dai-nec-sl2100-3-trung-ke-16-may-nhanh-26010.html,2026-09-16T09:59:25+07:00
SL2100 3 trung kế-24 máy nhánh,Tổng đài NEC SL2100 3 trung kế-24 máy nhánh,contact,,,https://www.sieuthivienthong.com/tong-dai-nec-sl2100-3-trung-ke-24-may-nhanh-26013.html,2026-09-16T09:59:25+07:00
SL2100 6 trung kế-16 máy nhánh,Tổng đài NEC SL2100 6 trung kế-16 máy nhánh,contact,,,https://www.sieuthivienthong.com/tong-dai-nec-sl2100-6-trung-ke-16-may-nhanh-60704.html,2026-09-16T09:59:25+07:00
SL2100 6 trung kế-24 máy nhánh,Tổng đài NEC SL2100 6 trung kế-24 máy nhánh,contact,,,https://www.sieuthivienthong.com/tong-dai-nec-sl2100-6-trung-ke-24-may-nhanh-26014.html,2026-09-16T09:59:25+07:00
SL2100 6 trung kế-32 máy nhánh,Tổng đài NEC SL2100 6 trung kế-32 máy nhánh,contact,,,https://www.sieuthivienthong.com/tong-dai-nec-sl2100-6-trung-ke-32-may-nhanh-26017.html,2026-09-16T09:59:25+07:00
SL2100 6 trung kế-40 máy nhánh,Tổng đài NEC SL2100 6 trung kế-40 máy nhánh,contact,,,https://www.sieuthivienthong.com/tong-dai-nec-sl2100-6-trung-ke-40-may-nhanh-26019.html,2026-09-16T09:59:25+07:00
SL2100 6 trung kế-48 máy nhánh,Tổng đài NEC SL2100 6 trung kế-48 máy nhánh,contact,,,https://www.sieuthivienthong.com/tong-dai-nec-sl2100-6-trung-ke-48-may-nhanh-26020.html,2026-09-16T09:59:25+07:00
SL2100 6 trung kế-56 máy nhánh,Tổng đài NEC SL2100 6 trung kế-56 máy nhánh,contact,,,https://www.sieuthivienthong.com/tong-dai-nec-sl2100-6-trung-ke-56-may-nhanh-26021.html,2026-09-16T09:59:25+07:00
SL2100 6 trung kế-64 máy nhánh,Tổng đài NEC SL2100 6 trung kế-64 máy nhánh,contact,,,https://www.sieuthivienthong.com/tong-dai-nec-sl2100-6-trung-ke-64-may-nhanh-26022.html,2026-09-16T09:59:25+07:00
SL2100 6 trung kế-72 máy nhánh,Tổng đài NEC SL2100 6 trung kế-72 máy nhánh,contact,,,https://www.sieuthivienthong.com/tong-dai-nec-sl2100-6-trung-ke-72-may-nhanh-26023.html,2026-09-16T09:59:25+07:00
SL2100 6 trung kế-80 máy nhánh,Tổng đài NEC SL2100 6 trung kế-80 máy nhánh,contact,,,https://www.sieuthivienthong.com/tong-dai-nec-sl2100-6-trung-ke-80-may-nhanh-26024.html,2026-09-16T09:59:25+07:00
SL2100 6 trung kế-88 máy nhánh,Tổng đài NEC SL2100 6 trung kế-88 máy nhánh,contact,,,https://www.sieuthivienthong.com/tong-dai-nec-sl2100-6-trung-ke-88-may-nhanh-26025.html,2026-09-16T09:59:25+07:00
SL2100 6 trung kế-96 máy nhánh,Tổng đài NEC SL2100 6 trung kế-96 máy nhánh,contact,,,https://www.sieuthivienthong.com/tong-dai-nec-sl2100-6-trung-ke-96-may-nhanh-26026.html,2026-09-16T09:59:25+07:00
SV9100-60576,Tổng đài NEC SV9100,not_found,,,,2026-09-16T09:59:25+07:00
SV9100 100 máy nhánh IP,Tổng đài NEC SV9100 100 máy nhánh IP,contact,,,https://www.sieuthivienthong.com/tong-dai-nec-sv9100-100-may-nhanh-ip-60617.html,2026-09-16T09:59:25+07:00
SV9100 16 line vào-128 máy nhánh,Tổng đài NEC SV9100 16 line vào-128 máy nhánh,contact,,,https://www.sieuthivienthong.com/tong-dai-nec-univerge-sv9100-16-line-vao-128-may-nhanh-60588.html,2026-09-16T09:59:25+07:00
SV9100 16 line vào-152 máy nhánh,Tổng đài NEC SV9100 16 line vào-152 máy nhánh,contact,,,https://www.sieuthivienthong.com/tong-dai-nec-sv9100-16-line-vao-152-may-nhanh-60599.html,2026-09-16T09:59:25+07:00
SV9100 16 line vào-176 máy nhánh,Tổng đài NEC SV9100 16 line vào-176 máy nhánh,contact,,,https://www.sieuthivienthong.com/tong-dai-nec-sv9100-16-line-vao-176-may-nhanh-60601.html,2026-09-16T09:59:25+07:00
SV9100 16 line vào-200 máy nhánh,Tổng đài NEC SV9100 16 line vào-200 máy nhánh,contact,,,https://www.sieuthivienthong.com/tong-dai-dien-thoai-nec-univerge-sv9100-16-line-vao-200-may-nhanh-60603.html,2026-09-16T09:59:25+07:00
SV9100 16 line vào-224 máy nhánh,Tổng đài NEC SV9100 16 line vào-224 máy nhánh,contact,,,https://www.sieuthivienthong.com/tong-dai-nec-sv9100-16-line-vao-224-may-nhanh-60606.html,2026-09-16T09:59:25+07:00
SV9100 16 line vào-248 máy nhánh,Tổng đài NEC SV9100 16 line vào-248 máy nhánh,contact,,,https://www.sieuthivienthong.com/tong-dai-nec-sv9100-16-line-vao-248-may-nhanh-60609.html,2026-09-16T09:59:25+07:00
SV9100 16 line vào-272 máy nhánh,Tổng đài NEC SV9100 16 line vào-272 máy nhánh,contact,,,https://www.sieuthivienthong.com/tong-dai-nec-univerge-sv9100-16-line-vao-272-may-nhanh-60611.html,2026-09-16T09:59:25+07:00
SV9100 16 line vào-296 máy nhánh,Tổng đài NEC SV9100 16 line vào-296 máy nhánh,contact,,,https://www.sieuthivienthong.com/tong-dai-nec-sv9100-16-line-vao-296-may-nhanh-60612.html,2026-09-16T09:59:25+07:00
SV9100 16 line vào-320 máy nhánh,Tổng đài NEC SV9100 16 line vào-320 máy nhánh,contact,,,https://www.sieuthivienthong.com/tong-dai-nec-sv9100-16-line-vao-320-may-nhanh-60614.html,2026-09-16T09:59:25+07:00
SV9100 30 máy nhánh IP,Tổng đài NEC SV9100 30 máy nhánh IP,contact,,,https://www.sieuthivienthong.com/tong-dai-nec-sv9100-30-may-nhanh-ip-60615.html,2026-09-16T09:59:25+07:00
SV9100 300 máy nhánh IP,Tổng đài NEC SV9100 300 máy nhánh IP,contact,,,https://www.sieuthivienthong.com/tong-dai-nec-sv9100-300-may-nhanh-ip-60619.html,2026-09-16T09:59:25+07:00
SV9100 50 máy nhánh IP,Tổng đài NEC SV9100 50 máy nhánh IP,contact,,,https://www.sieuthivienthong.com/tong-dai-nec-sv9100-50-may-nhanh-ip-60616.html,2026-09-16T09:59:25+07:00
SV9100 640 máy nhánh IP,Tổng đài NEC SV9100 640 máy nhánh IP,contact,,,https://www.sieuthivienthong.com/tong-dai-nec-sv9100-640-may-nhanh-ip-60620.html,2026-09-16T09:59:25+07:00
SV9100 670 máy nhánh IP,Tổng đài NEC SV9100 670 máy nhánh IP,contact,,,https://www.sieuthivienthong.com/tong-dai-nec-sv9100-670-may-nhanh-ip-60650.html,2026-09-16T09:59:25+07:00
SV9100 690 máy nhánh IP,Tổng đài NEC SV9100 690 máy nhánh IP,contact,,,https://www.sieuthivienthong.com/tong-dai-nec-sv9100-690-may-nhanh-ip-60627.html,2026-09-16T09:59:25+07:00
SV9100 740 máy nhánh IP,Tổng đài NEC SV9100 740 máy nhánh IP,contact,,,https://www.sieuthivienthong.com/tong-dai-nec-sv9100-740-may-nhanh-ip-60628.html,2026-09-16T09:59:25+07:00
SV9100 896 máy nhánh IP,Tổng đài NEC SV9100 896 máy nhánh IP,contact,,,https://www.sieuthivienthong.com/tong-dai-nec-sv9100-896-may-nhanh-ip-60629.html,2026-09-16T09:59:25+07:00
SL2100-60756,License dùng cho tổng đài điện thoại NEC SL2100,not_found,,,,2026-09-16T09:59:25+07:00
DT430 DTZ-8LD-3P (BK) TEL,Điện thoại kỹ thuật số NEC DT430 DTZ-8LD-3P (BK) TEL,contact,,,https://www.sieuthivienthong.com/dien-thoai-ky-thuat-so-nec-dt430-dtz-8ld-3p-bk-tel-60944.html,2026-09-16T09:59:25+07:00
DT530 DTK-12D-1P (BK) TEL,Điện thoại kỹ thuật số NEC DT530 DTK-12D-1P (BK) TEL,contact,,,https://www.sieuthivienthong.com/dien-thoai-ky-thuat-so-nec-dt530-dtk-12d-1p-bk-tel-60948.html,2026-09-16T09:59:25+07:00
DT530 DTK-24D-1P (BK) TEL,Điện thoại kỹ thuật số NEC DT530 DTK-24D-1P (BK) TEL,contact,,,https://www.sieuthivienthong.com/dien-thoai-ky-thuat-so-nec-dt530-dtk-24d-1p-bk-tel-60950.html,2026-09-16T09:59:25+07:00
SL2100 IP7WW-12TXH-A1 TEL,Điện thoại lập trình NEC SL2100 IP7WW-12TXH-A1 TEL,contact,,,https://www.sieuthivienthong.com/dien-thoai-lap-trinh-nec-sl2100-ip7ww-12txh-a1-tel-26042.html,2026-09-16T09:59:25+07:00
SL2100 IP7WW-24TXH-A1 TEL,Điện thoại lập trình NEC SL2100 IP7WW-24TXH-A1 TEL,contact,,,https://www.sieuthivienthong.com/dien-thoai-lap-trinh-nec-sl2100-ip7ww-24txh-a1-tel-26043.html,2026-09-16T09:59:25+07:00
KX-TDE0110,Card DSP 16 kênh PANASONIC KX-TDE0110,contact,,,https://www.sieuthivienthong.com/card-dsp-16-kenh-panasonic-kx-tde0110-3935.html,2026-09-16T09:59:25+07:00
KX-TDE0111,Card DSP 64 kênh PANASONIC KX-TDE0111,contact,,,https://www.sieuthivienthong.com/card-dsp-64-kenh-panasonic-kx-tde0111-3936.html,2026-09-16T09:59:25+07:00
KX-TES824,Card tổng đài PANASONIC KX-TES824,contact,,,https://www.sieuthivienthong.com/card-tong-dai-panasonic-kx-tes824-6.html,2026-09-16T09:59:25+07:00
KX-HTS824,Các card dùng cho Tổng đài Panasonic KX-HTS824,contact,,,https://www.sieuthivienthong.com/cac-card-dung-cho-tong-dai-panasonic-kx-hts824-17449.html,2026-09-16T09:59:25+07:00
KX-TDA100DBP,Các card dùng cho Tổng đài Panasonic KX-TDA100DBP,contact,,,https://www.sieuthivienthong.com/cac-card-dung-cho-tong-dai-panasonic-kx-tda100dbp-9.html,2026-09-16T09:59:25+07:00
KX-TDA600,Các card dùng cho tổng đài điện thoại Panasonic KX-TDA600,contact,,,https://www.sieuthivienthong.com/cac-card-dung-cho-tong-dai-dien-thooi-panasonic-kx-tda600-4766.html,2026-09-16T09:59:25+07:00
KX-NS1000,Các card và license dùng cho tổng đài IP-PBX PANASONIC KX-NS1000,contact,,,https://www.sieuthivienthong.com/cac-card-va-license-dung-cho-tong-dai-ip-pbx-panasonic-kx-ns1000-19786.html,2026-09-16T09:59:25+07:00
KX-DT590X,Bàn giám sát cuộc gọi Panasonic KX-DT590X,contact,,,https://www.sieuthivienthong.com/ban-giam-sat-cuoc-goi-panasonic-kx-dt590x-10803.html,2026-09-16T09:59:25+07:00
KX-HDV20,Bàn giám sát cuộc gọi Panasonic KX-HDV20,contact,,,https://www.sieuthivienthong.com/ban-giam-sat-cuoc-goi-panasonic-kx-hdv20-17556.html,2026-09-16T09:59:25+07:00
KX-NT305,Bàn giám sát cuộc gọi Panasonic KX-NT305,contact,,,https://www.sieuthivienthong.com/ban-giam-sat-panasonic-kx-nt305-3704.html,2026-09-16T09:59:25+07:00
KX-TVM200,Hộp ghi âm thư thoại Panasonic KX-TVM200,contact,,,https://www.sieuthivienthong.com/hop-ghi-am-thu-thoai-panasonic-kx-tvm200-10510.html,2026-09-16T09:59:25+07:00
KX-TVM50,Hộp ghi âm thư thoại Panasonic KX-TVM50,contact,,,https://www.sieuthivienthong.com/hop-ghi-am-thu-thoai-panasonic-kx-tvm50-8.html,2026-09-16T09:59:25+07:00
KX-A406,Trạm lặp thu phát sóng Repeater Panasonic KX-A406,contact,,,https://www.sieuthivienthong.com/tram-lap-song-panasonic-kx-a406-21653.html,2026-09-16T09:59:25+07:00
KX-TDA600-1,Khung chính tổng đài Panasonic KX-TDA600,not_found,,,,2026-09-16T09:59:25+07:00
KX-TDA620,Khung phụ mở rộng tổng đài Panasonic KX-TDA620,contact,,,https://www.sieuthivienthong.com/khung-phu-mo-rong-tong-dai-panasonic-kx-tda620-4767.html,2026-09-16T09:59:25+07:00
KX-NS320,Khung phụ tổng đài Panasonic KX-NS320,contact,,,https://www.sieuthivienthong.com/khung-phu-tong-dai-panasonic-kx-ns320-11102.html,2026-09-16T09:59:25+07:00
KX-HTS824-17440,Tổng đài IP Panasonic KX-HTS824,not_found,,,,2026-09-16T09:59:25+07:00
KX-NS1000-19785,Tổng đài IP-PBX Panasonic KX-NS1000,not_found,,,,2026-09-16T09:59:25+07:00
KX-HTS824 04 line vào-16 máy ra,Tổng đài Panasonic KX-HTS824 04 line vào-16 máy ra,contact,,,https://www.sieuthivienthong.com/tong-dai-panasonic-kx-hts824-04-line-vao-16-may-ra-17445.html,2026-09-16T09:59:25+07:00
KX-HTS824 04 line vào-24 máy ra,Tổng đài Panasonic KX-HTS824 04 line vào-24 máy ra,contact,,,https://www.sieuthivienthong.com/tong-dai-panasonic-kx-hts824-04-line-vao-24-may-ra-17446.html,2026-09-16T09:59:25+07:00
KX-HTS824 08 line vào-16 máy ra,Tổng đài Panasonic KX-HTS824 08 line vào-16 máy ra,contact,,,https://www.sieuthivienthong.com/tong-dai-panasonic-kx-hts824-08-line-vao-16-may-ra-17447.html,2026-09-16T09:59:25+07:00
KX-HTS824 08 line vào-24 máy ra,Tổng đài Panasonic KX-HTS824 08 line vào-24 máy ra,contact,,,https://www.sieuthivienthong.com/tong-dai-panasonic-kx-hts824-08-line-vao-24-may-ra-17448.html,2026-09-16T09:59:25+07:00
KX-NS300,Tổng đài Panasonic KX-NS300,contact,,,https://www.sieuthivienthong.com/tong-dai-panasonic-kx-ns300-11093.html,2026-09-16T09:59:25+07:00
KX-NS300 06 trung kế-44 máy nhánh,Tổng đài Panasonic KX-NS300 06 trung kế-44 máy nhánh,contact,,,https://www.sieuthivienthong.com/tong-dai-panasonic-kx-ns300-06-trung-ke-44-may-nhanh-11312.html,2026-09-16T09:59:25+07:00
KX-NS300 3 trung kế-48 máy nhánh,Tổng đài Panasonic KX-NS300 3 trung kế-48 máy nhánh,not_found,,,,2026-09-16T09:59:25+07:00
KX-NS300 6 trung kế-100 máy nhánh,Tổng đài Panasonic KX-NS300 6 trung kế-100 máy nhánh,contact,,,https://www.sieuthivienthong.com/tong-dai-panasonic-kx-ns300-6-trung-ke-100-may-nhanh-11321.html,2026-09-16T09:59:25+07:00
KX-NS300 6 trung kế-108 máy nhánh,Tổng đài Panasonic KX-NS300 6 trung kế-108 máy nhánh,contact,,,https://www.sieuthivienthong.com/tong-dai-panasonic-kx-ns300-6-trung-ke-108-may-nhanh-12186.html,2026-09-16T09:59:25+07:00
KX-NS300 6 trung kế-116 máy nhánh,Tổng đài Panasonic KX-NS300 6 trung kế-116 máy nhánh,contact,,,https://www.sieuthivienthong.com/tong-dai-panasonic-kx-ns300-6-trung-ke-116-may-nhanh-12187.html,2026-09-16T09:59:25+07:00
KX-NS300 6 trung kế-124 máy nhánh,Tổng đài Panasonic KX-NS300 6 trung kế-124 máy nhánh,contact,,,https://www.sieuthivienthong.com/tong-dai-panasonic-kx-ns300-6-trung-ke-124-may-nhanh-12188.html,2026-09-16T09:59:25+07:00
KX-NS300 6 trung kế-132 máy nhánh,Tổng đài Panasonic KX-NS300 6 trung kế-132 máy nhánh,contact,,,https://www.sieuthivienthong.com/tong-dai-panasonic-kx-ns300-6-trung-ke-132-may-nhanh-12189.html,2026-09-16T09:59:25+07:00
KX-NS300 6 trung kế-28 máy nhánh,Tổng đài Panasonic KX-NS300 6 trung kế-28 máy nhánh,contact,,,https://www.sieuthivienthong.com/tong-dai-panasonic-kx-ns300-6-trung-ke-28-may-nhanh-11311.html,2026-09-16T09:59:25+07:00
KX-NS300 6 trung kế-36 máy nhánh,Tổng đài Panasonic KX-NS300 6 trung kế-36 máy nhánh,contact,,,https://www.sieuthivienthong.com/tong-dai-panasonic-kx-ns300-6-trung-ke-36-may-nhanh-11099.html,2026-09-16T09:59:25+07:00
KX-NS300 6 trung kế-52 máy nhánh,Tổng đài Panasonic KX-NS300 6 trung kế-52 máy nhánh,contact,,,https://www.sieuthivienthong.com/tong-dai-panasonic-kx-ns300-6-trung-ke-52-may-nhanh-11314.html,2026-09-16T09:59:25+07:00
KX-NS300 6 trung kế-60 máy nhánh,Tổng đài Panasonic KX-NS300 6 trung kế-60 máy nhánh,contact,,,https://www.sieuthivienthong.com/tong-dai-panasonic-kx-ns300-6-trung-ke-60-may-nhanh-11315.html,2026-09-16T09:59:25+07:00
KX-NS300 6 trung kế-68 máy nhánh,Tổng đài Panasonic KX-NS300 6 trung kế-68 máy nhánh,contact,,,https://www.sieuthivienthong.com/tong-dai-panasonic-kx-ns300-6-trung-ke-68-may-nhanh-11317.html,2026-09-16T09:59:25+07:00
KX-NS300 6 trung kế-76 máy nhánh,Tổng đài Panasonic KX-NS300 6 trung kế-76 máy nhánh,contact,,,https://www.sieuthivienthong.com/tong-dai-panasonic-kx-ns300-6-trung-ke-76-may-nhanh-11318.html,2026-09-16T09:59:25+07:00
KX-NS300 6 trung kế-84 máy nhánh,Tổng đài Panasonic KX-NS300 6 trung kế-84 máy nhánh,contact,,,https://www.sieuthivienthong.com/tong-dai-panasonic-kx-ns300-6-trung-ke-84-may-nhanh-11319.html,2026-09-16T09:59:25+07:00
KX-NS300 6 trung kế-92 máy nhánh,Tổng đài Panasonic KX-NS300 6 trung kế-92 máy nhánh,contact,,,https://www.sieuthivienthong.com/tong-dai-panasonic-kx-ns300-6-trung-ke-92-may-nhanh-11320.html,2026-09-16T09:59:25+07:00
KX-TDA100DBP 16 trung kế-120 máy nhánh,Tổng đài Panasonic KX-TDA100DBP 16 trung kế-120 máy nhánh,contact,,,https://www.sieuthivienthong.com/tong-dai-panasonic-kx-tda100dbp-16-trung-ke-120-may-nhanh-4348.html,2026-09-16T09:59:25+07:00
KX-TDA100DBP 8 trung kế-104 máy nhánh,Tổng đài Panasonic KX-TDA100DBP 8 trung kế-104 máy nhánh,contact,,,https://www.sieuthivienthong.com/tong-dai-panasonic-kx-tda100dbp-8-trung-ke-104-may-nhanh-4345.html,2026-09-16T09:59:25+07:00
KX-TDA100DBP 8 trung kế-112 máy nhánh,Tổng đài Panasonic KX-TDA100DBP 8 trung kế-112 máy nhánh,contact,,,https://www.sieuthivienthong.com/tong-dai-panasonic-kx-tda100dbp-8-trung-ke-112-may-nhanh-4346.html,2026-09-16T09:59:25+07:00
KX-TDA100DBP 8 trung kế-120 máy nhánh,Tổng đài Panasonic KX-TDA100DBP 8 trung kế-120 máy nhánh,contact,,,https://www.sieuthivienthong.com/tong-dai-panasonic-kx-tda100dbp-8-trung-ke-120-may-nhanh-4347.html,2026-09-16T09:59:25+07:00
KX-TDA100DBP 8 trung kế-24 máy nhánh,Tổng đài Panasonic KX-TDA100DBP 8 trung kế-24 máy nhánh,contact,,,https://www.sieuthivienthong.com/tong-dai-panasonic-kx-tda100dbp-8-trung-ke-24-may-nhanh-4964.html,2026-09-16T09:59:25+07:00
KX-TDA100DBP 8 trung kế-40 máy nhánh,Tổng đài Panasonic KX-TDA100DBP 8 trung kế-40 máy nhánh,contact,,,https://www.sieuthivienthong.com/tong-dai-panasonic-kx-tda100dbp-8-trung-ke-40-may-nhanh-4337.html,2026-09-16T09:59:25+07:00
KX-TDA100DBP 8 trung kế-48 máy nhánh,Tổng đài Panasonic KX-TDA100DBP 8 trung kế-48 máy nhánh,contact,,,https://www.sieuthivienthong.com/tong-dai-panasonic-kx-tda100dbp-8-trung-ke-48-may-nhanh-4338.html,2026-09-16T09:59:25+07:00
KX-TDA100DBP 8 trung kế-56 máy nhánh,Tổng đài Panasonic KX-TDA100DBP 8 trung kế-56 máy nhánh,contact,,,https://www.sieuthivienthong.com/tong-dai-panasonic-kx-tda100dbp-8-trung-ke-56-may-nhanh-4339.html,2026-09-16T09:59:25+07:00
KX-TDA100DBP 8 trung kế-64 máy nhánh,Tổng đài Panasonic KX-TDA100DBP 8 trung kế-64 máy nhánh,contact,,,https://www.sieuthivienthong.com/tong-dai-panasonic-kx-tda100dbp-8-trung-ke-64-may-nhanh-4340.html,2026-09-16T09:59:25+07:00
KX-TDA100DBP 8 trung kế-72 máy nhánh,Tổng đài Panasonic KX-TDA100DBP 8 trung kế-72 máy nhánh,contact,,,https://www.sieuthivienthong.com/tong-dai-panasonic-kx-tda100dbp-8-trung-ke-72-may-nhanh-4341.html,2026-09-16T09:59:25+07:00
KX-TDA100DBP 8 trung kế-80 máy nhánh,Tổng đài Panasonic KX-TDA100DBP 8 trung kế-80 máy nhánh,contact,,,https://www.sieuthivienthong.com/tong-dai-panasonic-kx-tda100dbp-8-trung-ke-80-may-nhanh-4342.html,2026-09-16T09:59:25+07:00
KX-TDA100DBP 8 trung kế-88 máy nhánh,Tổng đài Panasonic KX-TDA100DBP 8 trung kế-88 máy nhánh,contact,,,https://www.sieuthivienthong.com/tong-dai-panasonic-kx-tda100dbp-8-trung-ke-88-may-nhanh-4343.html,2026-09-16T09:59:25+07:00
KX-TDA100DBP 8 trung kế-96 máy nhánh,Tổng đài Panasonic KX-TDA100DBP 8 trung kế-96 máy nhánh,contact,,,https://www.sieuthivienthong.com/tong-dai-panasonic-kx-tda100dbp-8-trung-ke-96-may-nhanh-4344.html,2026-09-16T09:59:25+07:00
KX-TDA600 16-136,Tổng đài Panasonic KX-TDA600 16-136,contact,,,https://www.sieuthivienthong.com/tong-dai-panasonic-kx-tda600-16-136-1749.html,2026-09-16T09:59:25+07:00
KX-TDA600 16-160,Tổng đài Panasonic KX-TDA600 16-160,contact,,,https://www.sieuthivienthong.com/tong-dai-panasonic-kx-tda600-16-160-1750.html,2026-09-16T09:59:25+07:00
KX-TDA600 16-184,Tổng đài Panasonic KX-TDA600 16-184,contact,,,https://www.sieuthivienthong.com/tong-dai-panasonic-kx-tda600-16-184-1751.html,2026-09-16T09:59:25+07:00
KX-TDA600 16-208,Tổng đài Panasonic KX-TDA600 16-208,contact,,,https://www.sieuthivienthong.com/tong-dai-panasonic-kx-tda600-16-208-1752.html,2026-09-16T09:59:25+07:00
KX-TDA600 16-232,Tổng đài Panasonic KX-TDA600 16-232,contact,,,https://www.sieuthivienthong.com/tong-dai-panasonic-kx-tda600-16-232-1753.html,2026-09-16T09:59:25+07:00
KX-TDA600 16-256,Tổng đài Panasonic KX-TDA600 16-256,contact,,,https://www.sieuthivienthong.com/tong-dai-panasonic-kx-tda600-16-256-1754.html,2026-09-16T09:59:25+07:00
KX-TDA600 16-280,Tổng đài Panasonic KX-TDA600 16-280,contact,,,https://www.sieuthivienthong.com/tong-dai-panasonic-kx-tda600-16-280-1755.html,2026-09-16T09:59:25+07:00
KX-TDA600 16-304,Tổng đài Panasonic KX-TDA600 16-304,contact,,,https://www.sieuthivienthong.com/tong-dai-panasonic-kx-tda600-16-304-1756.html,2026-09-16T09:59:25+07:00
KX-TDA600 16-328,Tổng đài Panasonic KX-TDA600 16-328,contact,,,https://www.sieuthivienthong.com/tong-dai-panasonic-kx-tda600-16-328-1757.html,2026-09-16T09:59:25+07:00
KX-TDA600 16-352,Tổng đài Panasonic KX-TDA600 16-352,contact,,,https://www.sieuthivienthong.com/tong-dai-panasonic-kx-tda600-16-352-1758.html,2026-09-16T09:59:25+07:00
KX-TES824-4,Tổng đài Panasonic KX-TES824,not_found,,,,2026-09-16T09:59:25+07:00
KX-TES824 05 trung kế - 16 máy nhánh,Tổng đài Panasonic KX-TES824 05 trung kế - 16 máy nhánh,priced,5600000,6050000,https://www.sieuthivienthong.com/tong-dai-panasonic-kx-tes824-05-trung-ke--16-may-nhanh-8215.html,2026-09-16T09:59:25+07:00
KX-TES824 06 trung kế - 16 máy nhánh,Tổng đài Panasonic KX-TES824 06 trung kế - 16 máy nhánh,priced,5800000,6260000,https://www.sieuthivienthong.com/tong-dai-panasonic-kx-tes824-06-trung-ke-16-may-nhanh-8216.html,2026-09-16T09:59:25+07:00
KX-TES824 08 trung kế - 24 máy nhánh,Tổng đài Panasonic KX-TES824 08 trung kế - 24 máy nhánh,priced,7600000,8210000,https://www.sieuthivienthong.com/tong-dai-panasonic-kx-tes824-08-trung-ke--24-may-nhanh-8218.html,2026-09-16T09:59:25+07:00
KX-TDE620,Khung phụ Tổng đài điện thoại IP Panasonic KX-TDE620,contact,,,https://www.sieuthivienthong.com/khung-phu-tong-dai-dien-thoai-ip-panasonic-kx-tde620-3556.html,2026-09-16T09:59:25+07:00
KX-TDA0155,Trạm thu phát sóng 2 kênh DECT Phone Panasonic KX-TDA0155,contact,,,https://www.sieuthivienthong.com/tram-thu-phat-song-2-kenh-dect-phone-panasonic-kx-tda0155-21651.html,2026-09-16T09:59:25+07:00
KX-NS0154,Trạm thu phát sóng 4 kênh IP DECT Phone Panasonic KX-NS0154,contact,,,https://www.sieuthivienthong.com/tram-thu-phat-song-4-kenh-ip-dect-phone-panasonic-kx-ns0154-22464.html,2026-09-16T09:59:25+07:00
KX-TDA0158,Trạm thu phát sóng 8 kênh DECT Phone Panasonic KX-TDA0158,contact,,,https://www.sieuthivienthong.com/tram-thu-phat-song-8-kenh-dect-phone-panasonic-kx-tda0158-21652.html,2026-09-16T09:59:25+07:00
KX-NCP0158,Trạm thu phát sóng 8 kênh IP DECT Phone Panasonic KX-NCP0158,contact,,,https://www.sieuthivienthong.com/tram-thu-phat-song-8-kenh-ip-dect-phone-panasonic-kx-ncp0158-21644.html,2026-09-16T09:59:25+07:00
KX-TDE600,Tổng đài điện thoại IP Panasonic KX-TDE600,contact,,,https://www.sieuthivienthong.com/tong-dai-dien-thoai-ip-panasonic-kx-tde600-3555.html,2026-09-16T09:59:25+07:00
KX-HDV100,Điện thoại IP Panasonic KX-HDV100,contact,,,https://www.sieuthivienthong.com/dien-thoai-ip-panasonic-kx-hdv100-17595.html,2026-09-16T09:59:25+07:00
KX-HDV130,Điện thoại IP Panasonic KX-HDV130,contact,,,https://www.sieuthivienthong.com/dien-thoai-ip-panasonic-kx-hdv130-17596.html,2026-09-16T09:59:25+07:00
KX-HDV230,Điện thoại IP Panasonic KX-HDV230,contact,,,https://www.sieuthivienthong.com/dien-thoai-ip-panasonic-kx-hdv230-17567.html,2026-09-16T09:59:25+07:00
KX-HDV330,Điện thoại IP Panasonic KX-HDV330,contact,,,https://www.sieuthivienthong.com/dien-thoai-ip-panasonic-kx-hdv330-17569.html,2026-09-16T09:59:25+07:00
KX-HDV430,Điện thoại IP Panasonic KX-HDV430,contact,,,https://www.sieuthivienthong.com/dien-thoai-ip-panasonic-kx-hdv430-17570.html,2026-09-16T09:59:25+07:00
KX-T7665X,Điện thoại kỹ thuật số Panasonic KX-T7665X,not_found,,,,2026-09-16T09:59:25+07:00
KX-AT7730,Điện thoại lập trình Panasonic KX-AT7730,contact,,,https://www.sieuthivienthong.com/dien-thoai-lap-trinh-panasonic-kx-at7730-11.html,2026-09-16T09:59:25+07:00
KX-DT333X,Điện thoại lập trình Panasonic KX-DT333X,contact,,,https://www.sieuthivienthong.com/dien-thoai-lap-trinh-panasonic-kx-dt333x-1981.html,2026-09-16T09:59:25+07:00
KX-DT521X,Điện thoại lập trình Panasonic KX-DT521X,contact,,,https://www.sieuthivienthong.com/dien-thoai-lap-trinh-panasonic-kx-dt521x-15996.html,2026-09-16T09:59:25+07:00
KX-DT543X,Điện thoại lập trình Panasonic KX-DT543X,contact,,,https://www.sieuthivienthong.com/dien-thoai-lap-trinh-panasonic-kx-dt543x-10777.html,2026-09-16T09:59:25+07:00
KX-DT546X,Điện thoại lập trình Panasonic KX-DT546X,contact,,,https://www.sieuthivienthong.com/dien-thoai-lap-trinh-panasonic-kx-dt546x-15997.html,2026-09-16T09:59:25+07:00
EX08,Card mở rộng 8 cổng Yeastar EX08,priced,1910000,2060000,https://www.sieuthivienthong.com/card-mo-rong-8-cong-yeastar-ex08-33390.html,2026-09-16T09:59:25+07:00
EX30,Module mở rộng 1 cổng E1 Yeastar EX30,priced,12920000,13950000,https://www.sieuthivienthong.com/module-mo-rong-1-cong-e1-yeastar-ex30-33389.html,2026-09-16T09:59:25+07:00
O2,Module mở rộng 2 cổng FXO Yeastar O2,not_found,,,,2026-09-16T09:59:25+07:00
S2,Module mở rộng 2 cổng FXS Yeastar S2,not_found,,,,2026-09-16T09:59:25+07:00
D30,Module CPU Yeastar D30,priced,5190000,5610000,https://www.sieuthivienthong.com/module-cpu-yeastar-d30-33392.html,2026-09-16T09:59:25+07:00
Module-LTE-Yeastar,Module LTE Yeastar,priced,5850000,6320000,https://www.sieuthivienthong.com/module-lte-yeastar-81150.html,2026-09-16T09:59:25+07:00
UMTS (3G),Module Yeastar UMTS (3G),not_found,,,,2026-09-16T09:59:25+07:00
P520,Tổng đài IP Yeastar P520,priced,8150000,8800000,https://www.sieuthivienthong.com/tong-dai-ip-yeastar-p520-88338.html,2026-09-16T09:59:25+07:00
P550,Tổng đài IP Yeastar P550,priced,13450000,14530000,https://www.sieuthivienthong.com/tong-dai-ip-yeastar-p550-57291.html,2026-09-16T09:59:25+07:00
P560,Tổng đài IP Yeastar P560,priced,24650000,26620000,https://www.sieuthivienthong.com/tong-dai-ip-yeastar-p560-57292.html,2026-09-16T09:59:25+07:00
P570,Tổng đài IP Yeastar P570,priced,48200000,52060000,https://www.sieuthivienthong.com/tong-dai-ip-yeastar-p570-57293.html,2026-09-16T09:59:25+07:00
S100-16FXO,Tổng đài IP Yeastar S100-16FXO,contact,,,https://www.sieuthivienthong.com/tong-dai-ip-yeastar-s100-16fxo-33376.html,2026-09-16T09:59:25+07:00
S100-1E1,Tổng đài IP Yeastar S100-1E1,contact,,,https://www.sieuthivienthong.com/tong-dai-ip-yeastar-s100-1e1-33377.html,2026-09-16T09:59:25+07:00
S100-8FXO,Tổng đài IP Yeastar S100-8FXO,contact,,,https://www.sieuthivienthong.com/tong-dai-ip-yeastar-s100-8fxo-33375.html,2026-09-16T09:59:25+07:00
S20,Tổng đài IP Yeastar S20,contact,,,https://www.sieuthivienthong.com/tong-dai-ip-yeastar-s20-4fxo-33370.html,2026-09-16T09:59:25+07:00
S20-2FXO,Tổng đài IP Yeastar S20-2FXO,contact,,,https://www.sieuthivienthong.com/tong-dai-ip-yeastar-s20-2fxo-33369.html,2026-09-16T09:59:25+07:00
S20-4FXO,Tổng đài IP Yeastar S20-4FXO,contact,,,https://www.sieuthivienthong.com/tong-dai-ip-yeastar-s20-4fxo-33370.html,2026-09-16T09:59:25+07:00
S300-12FXO,Tổng đài IP Yeastar S300-12FXO,contact,,,https://www.sieuthivienthong.com/tong-dai-ip-yeastar-s300-12fxo-33380.html,2026-09-16T09:59:25+07:00
S300-16FXO,Tổng đài IP Yeastar S300-16FXO,contact,,,https://www.sieuthivienthong.com/tong-dai-ip-yeastar-s300-16fxo-33381.html,2026-09-16T09:59:25+07:00
S300-1E1,Tổng đài IP Yeastar S300-1E1,contact,,,https://www.sieuthivienthong.com/tong-dai-ip-yeastar-s300-1e1-33383.html,2026-09-16T09:59:25+07:00
S300-24FXO,Tổng đài IP Yeastar S300-24FXO,contact,,,https://www.sieuthivienthong.com/tong-dai-ip-yeastar-s300-24fxo-33382.html,2026-09-16T09:59:25+07:00
S300-2E1,Tổng đài IP Yeastar S300-2E1,contact,,,https://www.sieuthivienthong.com/tong-dai-ip-yeastar-s300-2e1-33384.html,2026-09-16T09:59:25+07:00
S300-3E1,Tổng đài IP Yeastar S300-3E1,contact,,,https://www.sieuthivienthong.com/tong-dai-ip-yeastar-s300-3e1-33385.html,2026-09-16T09:59:25+07:00
S300-8FXO,Tổng đài IP Yeastar S300-8FXO,contact,,,https://www.sieuthivienthong.com/tong-dai-ip-yeastar-s300-8fxo-33379.html,2026-09-16T09:59:25+07:00
S50,Tổng đài IP Yeastar S50,contact,,,https://www.sieuthivienthong.com/tong-dai-ip-yeastar-s50-8fxo-33373.html,2026-09-16T09:59:25+07:00
S50-4FXO,Tổng đài IP Yeastar S50-4FXO,contact,,,https://www.sieuthivienthong.com/tong-dai-ip-yeastar-s50-4fxo-33372.html,2026-09-16T09:59:25+07:00
S50-8FXO,Tổng đài IP Yeastar S50-8FXO,contact,,,https://www.sieuthivienthong.com/tong-dai-ip-yeastar-s50-8fxo-33373.html,2026-09-16T09:59:25+07:00
NIS-GE-SFP-20KM-SM1310-BIDI,Module mạng Reyee NIS-GE-SFP-20KM-SM1310-BIDI,contact,,,https://www.sieuthivienthong.com/sfp-transceiver-module-ruijie-nis-ge-sfp-20km-sm1310-bidi-84257.html,2026-09-16T09:59:25+07:00
NIS-GE-SFP-20KM-SM1550-BIDI,Module mạng Reyee NIS-GE-SFP-20KM-SM1550-BIDI,contact,,,https://www.sieuthivienthong.com/sfp-transceiver-module-ruijie-nis-ge-sfp-20km-sm1550-bidi-84255.html,2026-09-16T09:59:25+07:00
NIS-GE-SFP-550M-MM850,Module mạng Reyee NIS-GE-SFP-550M-MM850,contact,,,https://www.sieuthivienthong.com/sfp-transceiver-module-ruijie-nis-ge-sfp-550m-mm850-84252.html,2026-09-16T09:59:25+07:00
RG-ANT13-360,Ăng-ten 360 độ Ruijie Reeye RG-ANT13-360,contact,,,https://www.sieuthivienthong.com/omnidirectiona-antenna-ruijie-rg-ant13-360-84233.html,2026-09-16T09:59:25+07:00
RG-ANT16S-120,Ăng-ten 120 độ Ruijie Reeye RG-ANT16S-120,contact,,,https://www.sieuthivienthong.com/sector-antenna-ruijie-rg-ant16s-120-84231.html,2026-09-16T09:59:25+07:00
RG-ANT20S-90,"Ăng-ten 90 độ, dùng cho trạm chính Ruijie Reeye RG-ANT20S-90",contact,,,https://www.sieuthivienthong.com/sector-antenna-ruijie-rg-ant20s-90-84229.html,2026-09-16T09:59:25+07:00
RG-ANTx3-2400D,Angten gắn thêm ngoài trời RUIJIE RG-ANTx3-2400D,not_found,,,,2026-09-16T09:59:25+07:00
RG-ANTx3-2400＆5800(O),Angten gắn thêm ngoài trời RUIJIE RG-ANTx3-2400＆5800(O),contact,,,https://www.sieuthivienthong.com/antenna-ruijie-rg-antx3-24005800o-55697.html,2026-09-16T09:59:25+07:00
RG-ANTx3-5800D,Angten gắn thêm ngoài trời RUIJIE RG-ANTx3-5800D,contact,,,https://www.sieuthivienthong.com/outdoor-directional-antenna-ruijie-rg-antx3-5800d-55703.html,2026-09-16T09:59:25+07:00
RG-AP110-L,Thiết bị phát sóng wifi gắn tường RUIJIE RG-AP110-L,not_found,,,,2026-09-16T09:59:25+07:00
RG-AP130(W2) V2,Thiết bị phát sóng wifi gắn tường RUIJIE RG-AP130(W2) V2,not_found,,,,2026-09-16T09:59:25+07:00
RG-AP180,Thiết bị phát sóng Wifi RUIJIE RG-AP180,contact,,,https://www.sieuthivienthong.com/access-point-mounting-kit-ruijie-rg-ap180-mnt-87220.html,2026-09-16T09:59:25+07:00
RG-AP210-L,Thiết bị phát sóng wifi gắn trần RUIJIE RG-AP210-L,not_found,,,,2026-09-16T09:59:25+07:00
RG-AP630(CD),Thiết bị phát sóng wifi ngoài trời RUIJIE RG-AP630(CD),not_found,,,,2026-09-16T09:59:25+07:00
RG-AP630(IDA2),Thiết bị phát sóng wifi ngoài trời RUIJIE RG-AP630(IDA2),contact,,,https://www.sieuthivienthong.com/outdoor-wireless-access-point-ruijie-rg-ap630ida2-55692.html,2026-09-16T09:59:25+07:00
RG-AP630(IODA),Thiết bị phát sóng wifi ngoài trời RUIJIE RG-AP630(IODA),not_found,,,,2026-09-16T09:59:25+07:00
RG-AP680(CD),Bộ phát Wifi ngoài trời RUIJIE RG-AP680(CD),not_found,,,,2026-09-16T09:59:25+07:00
RG-AP680-L,Bộ phát sóng Wifi 6 Ruijie RG-AP680-L,contact,,,https://www.sieuthivienthong.com/thiet-bi-phat-wifi-ruijie-rg-ap680-l-84036.html,2026-09-16T09:59:25+07:00
RG-AP710,Thiết bị phát sóng wifi gắn trần RUIJIE RG-AP710,not_found,,,,2026-09-16T09:59:25+07:00
RG-AP720-I,Thiết bị phát sóng wifi gắn trần RUIJIE RG-AP720-I,not_found,,,,2026-09-16T09:59:25+07:00
RG-AP730-L,Thiết bị phát sóng wifi trong nhà RUIJIE RG-AP730-L,not_found,,,,2026-09-16T09:59:25+07:00
RG-AP740-I,Thiết bị phát sóng wifi trong nhà RUIJIE RG-AP740-I,not_found,,,,2026-09-16T09:59:25+07:00
RG-AP810-L,Bộ phát Wifi treo trần hoặc gắn tường RUIJIE RG-AP810-L,not_found,,,,2026-09-16T09:59:25+07:00
RG-AP820-L(V2),Bộ phát Wifi treo trần hoặc gắn tường RUIJIE RG-AP820-L(V2),not_found,,,,2026-09-16T09:59:25+07:00
RG-AP820-L(V3),Bộ phát Wifi treo trần hoặc gắn tường RUIJIE RG-AP820-L(V3),contact,,,https://www.sieuthivienthong.com/ax3000-wi-fi-6-indoor-access-point-ruijie-rg-ap820-lv3-64628.html,2026-09-16T09:59:25+07:00
RG-AP840-I,Thiết bị phát sóng wifi RUIJIE RG-AP840-I,not_found,,,,2026-09-16T09:59:25+07:00
RG-AP880-I,Bộ phát Wifi ốp trần hoặc gắn tường RUIJIE RG-AP880-I,not_found,,,,2026-09-16T09:59:25+07:00
RG-AP880-L,Bộ phát sóng Wifi Ruijie RG-AP880-L,contact,,,https://www.sieuthivienthong.com/wifi-6e-indoor-access-point-ruijie-rg-ap880-l-90056.html,2026-09-16T09:59:25+07:00
RG-AirMetro460F,Bộ bắn điểm Wifi ngoài trời Ruijie Reeye RG-AirMetro460F,contact,,,https://www.sieuthivienthong.com/wireless-bridge-cpe-ruijie-rg-airmetro460f-84226.html,2026-09-16T09:59:25+07:00
RG-AirMetro460G,Bộ bắn điểm Wifi ngoài trời Ruijie Reeye RG-AirMetro460G,contact,,,https://www.sieuthivienthong.com/wireless-bridge-cpe-ruijie-rg-airmetro460g-84224.html,2026-09-16T09:59:25+07:00
RG-AirMetro550G-B,Thiết bị bắn điểm Wifi Reyee RG-AirMetro550G-B,contact,,,https://www.sieuthivienthong.com/867mbps-wireless-bridge-ruijie-rg-airmetro550g-b-84222.html,2026-09-16T09:59:25+07:00
RG-EG105G,Router quản lý đám mây 5 cổng RUIJIE REYEE RG-EG105G,priced,1735000,1870000,https://www.sieuthivienthong.com/cloud-managed-router-ruijie-reyee-rg-eg105g-v3-86933.html,2026-09-16T09:59:25+07:00
RG-EG105G-P,Smart Gateway 5 cổng RUIJIE REYEE RG-EG105G-P,priced,2185000,2360000,https://www.sieuthivienthong.com/cloud-managed-poe-router-ruijie-reyee-rg-eg105g-p-v3-86936.html,2026-09-16T09:59:25+07:00
RG-EG105G-P V2,Smart Gateway 5 cổng RUIJIE REYEE RG-EG105G-P V2,contact,,,https://www.sieuthivienthong.com/reyee-cloud-managed-poe-router-ruijie-rg-eg105g-p-v2-66731.html,2026-09-16T09:59:25+07:00
RG-EG105GW,Smart Gateway 5 cổng RUIJIE REYEE RG-EG105GW,priced,2030000,2190000,https://www.sieuthivienthong.com/business-router-ruijie-rg-eg105gwt-69679.html,2026-09-16T09:59:25+07:00
RG-EG105GW(T),Smart Gateway tích hợp phát Wifi RUIJIE REYEE RG-EG105GW(T),priced,2030000,2190000,https://www.sieuthivienthong.com/business-router-ruijie-rg-eg105gwt-69679.html,2026-09-16T09:59:25+07:00
RG-EG105GW-X,Smart Gateway tích hợp phát Wifi 6 RUIJIE REYEE RG-EG105GW-X,priced,3285000,3550000,https://www.sieuthivienthong.com/business-router-ruijie-rg-eg105gw-x-79648.html,2026-09-16T09:59:25+07:00
RG-EG1510XS,Cloud Managed Security Router Reeye RG-EG1510XS,contact,,,https://www.sieuthivienthong.com/cloud-managed-router-ruijie-reyee-rg-eg1510xs-86939.html,2026-09-16T09:59:25+07:00
RG-EG209GS,Smart Gateway 1 cổng quang RUIJIE REYEE RG-EG209GS,priced,2175000,2350000,https://www.sieuthivienthong.com/9-port-gigabit-cloud-managed-sfp-router-ruijie-rg-eg209gs-68577.html,2026-09-16T09:59:25+07:00
RG-EG2100-P V2,Gateway tích hợp cổng PoE RUIJIE RG-EG2100-P V2,contact,,,https://www.sieuthivienthong.com/8-port-gigabit-smart-gateway-ruijie-rg-eg2100-p-v2-36032.html,2026-09-16T09:59:25+07:00
RG-EG210G-E,Smart Gateway 10 cổng RUIJIE RG-EG210G-E,not_found,,,,2026-09-16T09:59:25+07:00
RG-EG210G-P,Smart Gateway 10 cổng RUIJIE REYEE RG-EG210G-P,priced,3480000,3760000,https://www.sieuthivienthong.com/cloud-managed-poe-router-ruijie-reyee-rg-eg210g-p-v3-86938.html,2026-09-16T09:59:25+07:00
RG-EG210G-P-V3,Smart Gateway Ruijie Reeye RG-EG210G-P-V3,priced,3480000,3760000,https://www.sieuthivienthong.com/cloud-managed-poe-router-ruijie-reyee-rg-eg210g-p-v3-86938.html,2026-09-16T09:59:25+07:00
RG-EG3000UE,Smart Gateway dành cho doanh nghiệp lớn RUIJIE RG-EG3000UE,not_found,,,,2026-09-16T09:59:25+07:00
RG-EG3000XE,Smart Gateway dành cho doanh nghiệp lớn RUIJIE RG-EG3000XE,contact,,,https://www.sieuthivienthong.com/gateway-ruijie-rg-eg3000xe-41202.html,2026-09-16T09:59:25+07:00
RG-EG305GH-P-E,Smart Gateway 5 cổng RUIJIE REEYE RG-EG305GH-P-E,priced,4240000,4580000,https://www.sieuthivienthong.com/cloud-managed-poe-office-router-ruijie-rg-eg305gh-p-e-66733.html,2026-09-16T09:59:25+07:00
RG-EG310GH-P-E,Smart Gateway 10 cổng RUIJIE REEYE RG-EG310GH-P-E,priced,5350000,5780000,https://www.sieuthivienthong.com/cloud-managed-poe-office-router-ruijie-rg-eg310gh-p-e-66734.html,2026-09-16T09:59:25+07:00
RG-EG3230,Smart Gateway cho doanh nghiệp vừa và nhỏ RUIJIE RG-EG3230,contact,,,https://www.sieuthivienthong.com/10-port-gigabit-cloud-managed-gateway-ruijie-rg-eg3230-48258.html,2026-09-16T09:59:25+07:00
RG-EG3250,Gateway 8 cổng RUIJIE RG-EG3250,contact,,,https://www.sieuthivienthong.com/8-port-1000base-t-smart-gateway-ruijie-rg-eg3250-36034.html,2026-09-16T09:59:25+07:00
RG-EG406XS,Router 05 cổng 2.5G + 01 cổng 10G Reeye RG-EG406XS,not_found,,,,2026-09-16T09:59:25+07:00
RG-EG406XS-P,Router 5 cổng 2.5G + 01 cổng 10G Reeye RG-EG406XS-P (4 cổng PoE/PoE+),not_found,,,,2026-09-16T09:59:25+07:00
RG-EG710XS,Cloud Managed Router Reeye RG-EG710XS,not_found,,,,2026-09-16T09:59:25+07:00
RG-ES05,Switch 5 cổng 10/100 BASE-T RUIJIE RG-ES05,contact,,,https://www.sieuthivienthong.com/5-port-fe-unmanaged-switch-ruijie-rg-es05-61434.html,2026-09-16T09:59:25+07:00
RG-ES05F,Unmanaged switch 5 cổng RUIJIE REEYE RG-ES05F,priced,168000,180000,https://www.sieuthivienthong.com/5-port-fe-unmanaged-non-poe-switch-ruijie-rg-es05f-84198.html,2026-09-16T09:59:25+07:00
RG-ES05G,Switch 5 cổng 10/100/1000 BASE-T RUIJIE RG-ES05G,priced,258000,280000,https://www.sieuthivienthong.com/5-port-ge-unmanaged-non-poe-switch-ruijie-rg-es05g-l-84199.html,2026-09-16T09:59:25+07:00
RG-ES05G-L,Unmanaged switch 5 cổng RUIJIE REEYE RG-ES05G-L,priced,258000,280000,https://www.sieuthivienthong.com/5-port-ge-unmanaged-non-poe-switch-ruijie-rg-es05g-l-84199.html,2026-09-16T09:59:25+07:00
RG-ES08,Switch 8 cổng 10/100 BASE-T RUIJIE RG-ES08,not_found,,,,2026-09-16T09:59:25+07:00
RG-ES08F,Unmanaged switch 8 cổng RUIJIE REEYE RG-ES08F,contact,,,https://www.sieuthivienthong.com/8-port-fe-unmanaged-non-poe-switch-ruijie-rg-es08f-84200.html,2026-09-16T09:59:25+07:00
RG-ES08G,Switch 8 cổng 10/100/1000 BASE-T RUIJIE RG-ES08G,priced,435000,470000,https://www.sieuthivienthong.com/8-port-ge-unmanaged-non-poe-switch-ruijie-rg-es08g-l-84201.html,2026-09-16T09:59:25+07:00
RG-ES08G-L,Unmanaged switch 8 cổng RUIJIE REEYE RG-ES08G-L,priced,435000,470000,https://www.sieuthivienthong.com/8-port-ge-unmanaged-non-poe-switch-ruijie-rg-es08g-l-84201.html,2026-09-16T09:59:25+07:00
RG-ES105D,Switch 5 cổng 10/100 BASE-T RUIJIE RG-ES105D,not_found,,,,2026-09-16T09:59:25+07:00
RG-ES105GD,Switch 5 cổng 10/100/1000 BASE-T RUIJIE REEYE RG-ES105GD,priced,468000,510000,https://www.sieuthivienthong.com/5-port-gigabit-unmanaged-switch-ruijie-rg-es105gd-45172.html,2026-09-16T09:59:25+07:00
RG-ES106D-P V2,Unmanaged switch 4 cổng RUIJIE RG-ES106D-P V2,contact,,,https://www.sieuthivienthong.com/4-port-10100mbps-poe-switch-ruijie-rg-es106d-p-v2-83995.html,2026-09-16T09:59:25+07:00
RG-ES106F-P,Unmanaged switch 4 cổng PoE RUIJIE REEYE RG-ES106F-P,contact,,,https://www.sieuthivienthong.com/4-port-10100mbps-poe-switch-ruijie-rg-es106f-p-84202.html,2026-09-16T09:59:25+07:00
RG-ES108D,Switch 8 cổng 10/100 BASE-T RUIJIE RG-ES108D,not_found,,,,2026-09-16T09:59:25+07:00
RG-ES108GD,Switch 8 cổng 10/100/1000 BASE-T RUIJIE REEYE RG-ES108GD,priced,618000,670000,https://www.sieuthivienthong.com/8-port-gigabit-unmanaged-switch-ruijie-rg-es108gd-45174.html,2026-09-16T09:59:25+07:00
RG-ES109G-LP-L,Switch POE 8 cổng RUIJIE RG-ES109G-LP-L,not_found,,,,2026-09-16T09:59:25+07:00
RG-ES110D-P,Unmanaged switch 8 cổng 10/100 BASE-T PoE/PoE+ BASE-T Reyee RG-ES110D-P,contact,,,https://www.sieuthivienthong.com/8-port-fe-poe-unmanaged-switch-ruijie-rg-es110d-p-62924.html,2026-09-16T09:59:25+07:00
RG-ES110F-P,Unmanaged switch PoE 8 cổng RUIJIE REEYE RG-ES110F-P,priced,1085000,1170000,https://www.sieuthivienthong.com/8-port-10100mbps-switch-ruijie-rg-es110f-p-85499.html,2026-09-16T09:59:25+07:00
RG-ES110FG-P,Unmanaged switch 8 cổng RUIJIE REEYE RG-ES110FG-P,priced,1510000,1630000,https://www.sieuthivienthong.com/8-port-10100mbps-switch-ruijie-rg-es110fg-p-85502.html,2026-09-16T09:59:25+07:00
RG-ES110GDS-P,Unmanaged switch 8 cổng 10/100/1000 BASE-T PoE/PoE+ Reyee RG-ES110GDS-P,contact,,,https://www.sieuthivienthong.com/8-port-ge-poe-unmanaged-switch-ruijie-rg-es110gds-p-69673.html,2026-09-16T09:59:25+07:00
RG-ES110GS-P-L,Unmanaged switch 8 cổng PoE RUIJIE REEYE RG-ES110GS-P-L,priced,2375000,2560000,https://www.sieuthivienthong.com/8-port-ge-switch-ruijie-rg-es110gs-p-l-85505.html,2026-09-16T09:59:25+07:00
RG-ES116G,Unmanaged switch 16 cổng 10/100/1000 BASE-T Reyee RG-ES116G,priced,1335000,1440000,https://www.sieuthivienthong.com/16-port-ge-unmanaged-switch-ruijie-rg-es116g-l-85496.html,2026-09-16T09:59:25+07:00
RG-ES118FGS-LP,Unmanaged switch 16 cổng PoE RUIJIE REEYE RG-ES118FGS-LP,contact,,,https://www.sieuthivienthong.com/16-port-10100mbps-switch-ruijie-rg-es118fgs-lp-85512.html,2026-09-16T09:59:25+07:00
RG-ES118GS-P,Unmanaged switch 16 cổng 10/100/1000 BASE-T PoE/PoE+ Reyee RG-ES118GS-P,priced,3680000,3970000,https://www.sieuthivienthong.com/16-port-ge-switch-ruijie-rg-es118gs-p-l-85509.html,2026-09-16T09:59:25+07:00
RG-ES118GS-P-L,Unmanaged switch 16 cổng PoE RUIJIE REEYE RG-ES118GS-P-L,priced,3680000,3970000,https://www.sieuthivienthong.com/16-port-ge-switch-ruijie-rg-es118gs-p-l-85509.html,2026-09-16T09:59:25+07:00
RG-ES118S-LP,Unmanaged switch 16 cổng 10/100 BASE-T PoE/PoE+ Reyee RG-ES118S-LP,contact,,,https://www.sieuthivienthong.com/16-port-fe-poe-unmanaged-switch-ruijie-rg-es118s-lp-62925.html,2026-09-16T09:59:25+07:00
RG-ES124G-L,Unmanaged switch 24 cổng RUIJIE REEYE RG-ES124G-L,priced,1745000,1880000,https://www.sieuthivienthong.com/24-port-ge-unmanaged-switch-ruijie-rg-es124g-l-85514.html,2026-09-16T09:59:25+07:00
RG-ES124GD,Unmanaged switch 24 cổng 10/100/1000 BASE-T Reyee RG-ES124GD,not_found,,,,2026-09-16T09:59:25+07:00
RG-ES126FGS-LP,Unmanaged switch 24 cổng PoE RUIJIE REEYE RG-ES126FGS-LP,contact,,,https://www.sieuthivienthong.com/24-port-10100mbps-switch-ruijie-rg-es126fgs-lp-85518.html,2026-09-16T09:59:25+07:00
RG-ES126FGS-P,Unmanaged switch 24 cổng PoE RUIJIE REEYE RG-ES126FGS-P,priced,4600000,4970000,https://www.sieuthivienthong.com/24-port-10100mbps-switch-ruijie-rg-es126fgs-p-85517.html,2026-09-16T09:59:25+07:00
RG-ES126G-LP-L,Switch POE 24 cổng RUIJIE RG-ES126G-LP-L,not_found,,,,2026-09-16T09:59:25+07:00
RG-ES126G-P-L,Switch POE 24 cổng RUIJIE RG-ES126G-P-L,not_found,,,,2026-09-16T09:59:25+07:00
RG-ES126S-LP V2,Unmanaged switch 24 cổng RUIJIE RG-ES126S-LP V2,contact,,,https://www.sieuthivienthong.com/24-port-10100mbps-poe-switch-ruijie-rg-es126s-lp-v2-83999.html,2026-09-16T09:59:25+07:00
RG-ES126S-P V2,Unmanaged switch 24 cổng RUIJIE RG-ES126S-P V2,contact,,,https://www.sieuthivienthong.com/24-port-10100mbps-poe-switch-ruijie-rg-es126s-p-v2-78868.html,2026-09-16T09:59:25+07:00
RG-ES205GC,Layer 2 Smart Managed Switch 5 Cổng 10/100/1000BASE-T RUIJIE REYEE RG-ES205GC,priced,1350000,1460000,https://www.sieuthivienthong.com/4-port-101001000base-t-poe-switch-ruijie-rg-es205gc-p-45141.html,2026-09-16T09:59:25+07:00
RG-ES206GC-P,Switch POE 6 cổng 10/100/1000BASE-T Ruijie Reyee RG-ES206GC-P,contact,,,https://www.sieuthivienthong.com/4-port-ge-poe-smart-cloud-switch-ruijie-rg-es206gc-p-62929.html,2026-09-16T09:59:25+07:00
RG-ES206MG-P,Smart Managed PoE Switch 5 cổng Reyee RG-ES206MG-P,not_found,,,,2026-09-16T09:59:25+07:00
RG-ES209MG-P,Smart Managed PoE Switch 8 cổng Reyee RG-ES209MG-P,not_found,,,,2026-09-16T09:59:25+07:00
RG-ES210GC-LP,Layer 2 Smart Managed PoE Switch 10 Cổng 10/100/1000BASE-T REYEE RG-ES210GC-LP,contact,,,https://www.sieuthivienthong.com/8-port-ge-poe-smart-cloud-switch-ruijie-rg-es210gc-lp-62931.html,2026-09-16T09:59:25+07:00
RG-ES216GC,Switch 16 cổng 10/100/1000 BASE-T RUIJIE REYEE RG-ES216GC,priced,2235000,2410000,https://www.sieuthivienthong.com/16-port-ge-switch-ruijie-rg-es216gc-v2-84203.html,2026-09-16T09:59:25+07:00
RG-ES220GS-LP,Smart Managed PoE Switch 20 cổng Reyee RG-ES220GS-LP,not_found,,,,2026-09-16T09:59:25+07:00
RG-ES224GC,Switch 24 cổng 10/100/1000BASE-T RUIJIE REYEE RG-ES224GC,priced,2735000,2950000,https://www.sieuthivienthong.com/24-port-ge-switch-ruijie-rg-es224gc-v2-84204.html,2026-09-16T09:59:25+07:00
RG-ES226GC-P,Switch POE 26 cổng RUIJIE RG-ES226GC-P,not_found,,,,2026-09-16T09:59:25+07:00
RG-ES228GS-LP,Smart Managed PoE Switch 28 cổng Reyee RG-ES228GS-LP,not_found,,,,2026-09-16T09:59:25+07:00
RG-EST100-E,Bộ bắn điểm Wifi ngoài trời Ruijie Reyee RG-EST100-E (1 cặp),priced,1025000,1110000,https://www.sieuthivienthong.com/2.4ghz-dual-stream-wireless-bridge-ruijie-rg-est100-e-84017.html,2026-09-16T09:59:25+07:00
RG-EST330F-P,"Cầu nối vô tuyến 3 km, 13 dBi Reyee RG-EST330F-P (1 chiếc)",not_found,,,,2026-09-16T09:59:25+07:00
RG-EST350,Bộ bắn điểm Wifi ngoài trời RUIJIE REYEE RG-EST350,contact,,,https://www.sieuthivienthong.com/bo-thu-phat-song-khong-day-ngoai-troi-ruijie-rg-est350-v2-63540.html,2026-09-16T09:59:25+07:00
RG-EST350 V2,Bộ phát Wifi ngoài trời RUIJIE RG-EST350 V2 (1 cặp),contact,,,https://www.sieuthivienthong.com/bo-thu-phat-song-khong-day-ngoai-troi-ruijie-rg-est350-v2-63540.html,2026-09-16T09:59:25+07:00
RG-EST350G,"Cầu nối vô tuyến 5 km, 16 dBi Reyee RG-EST350G (1 cặp)",not_found,,,,2026-09-16T09:59:25+07:00
RG-EST450G,"Cầu nối vô tuyến 15 dBi, tích hợp ăng-ten 120° Reyee RG-EST450G (1 chiếc)",not_found,,,,2026-09-16T09:59:25+07:00
RG-EW1200R,Bộ phát WiFi hỗ trợ Mesh Reyee RG-EW1200R,contact,,,https://www.sieuthivienthong.com/1200mbps-dual-band-mesh-wi-fi-extender-ruijie-rg-ew1200r-69682.html,2026-09-16T09:59:25+07:00
RG-EW1300G,Bộ phát WiFi Reyee RG-EW1300G Chuẩn AC tốc độ 1300Mbps,priced,775000,840000,https://www.sieuthivienthong.com/gigabit-wireless-router-ruijie-rg-ew1300g-85522.html,2026-09-16T09:59:25+07:00
RG-EW1800GX PRO,Router Wifi 6 MESH RUIJIE RG-EW1800GX PRO,contact,,,https://www.sieuthivienthong.com/mesh-router-ruijie-rg-ew1800gx-pro-58305.html,2026-09-16T09:59:25+07:00
RG-EW3000GX,Router Wifi 6 Mesh Ruijie Reeye RG-EW3000GX,priced,1370000,1480000,https://www.sieuthivienthong.com/home-router-wi-fi-6-ruijie-rg-ew3000gx-89165.html,2026-09-16T09:59:25+07:00
RG-EW3000GX PRO,Router Wifi 6 MESH RUIJIE REEYE RG-EW3000GX PRO,priced,1760000,1900000,https://www.sieuthivienthong.com/gaming-router-ruijie-rg-ew3000gx-pro-84197.html,2026-09-16T09:59:25+07:00
RG-EW300R,Bộ phát Smart Home WiFi Reyee RG-EW300R,not_found,,,,2026-09-16T09:59:25+07:00
RG-EW300T,Bộ phát WiFi 4G LTE 300Mbps Reyee RG-EW300T,priced,1085000,1170000,https://www.sieuthivienthong.com/n300-wireless-4g-lte-router-ruijie-rg-ew300t-88229.html,2026-09-16T09:59:25+07:00
RG-EW3200GX PRO,Router Wifi 6 MESH RUIJIE REEYE RG-EW3200GX PRO,contact,,,https://www.sieuthivienthong.com/router-wifi-6-mesh-ruijie-rg-ew3200gx-pro-61640.html,2026-09-16T09:59:25+07:00
RG-EW6000GX,Router Wi-Fi 6 Reeye RG-EW6000GX 6000M,not_found,,,,2026-09-16T09:59:25+07:00
RG-IS2700-4GT4SFP-P,Switch PoE công nghiệp RUIJIE RG-IS2700-4GT4SFP-P,not_found,,,,2026-09-16T09:59:25+07:00
RG-IS2700-8GT4SFP-P,Switch PoE công nghiệp RUIJIE RG-IS2700-8GT4SFP-P,not_found,,,,2026-09-16T09:59:25+07:00
RG-NBR6120-E,Router Ruijie Reeye RG-NBR6120-E,contact,,,https://www.sieuthivienthong.com/5-port-gigabit-ethernet-cloud-managed-router-ruijie-rg-nbr6120-e-78871.html,2026-09-16T09:59:25+07:00
RG-NBS3100-24GT4SFP,Switch 24 cổng 10/100/1000BASE-T RUIJIE REYEE RG-NBS3100-24GT4SFP,priced,3720000,4020000,https://www.sieuthivienthong.com/24-port-ge-switch-ruijie-rg-nbs3100-24gt4sfp-v2-84209.html,2026-09-16T09:59:25+07:00
RG-NBS3100-24GT4SFP-P,Switch POE 24 cổng RUIJIE REYEE RG-NBS3100-24GT4SFP-P,contact,,,https://www.sieuthivienthong.com/24-port-ge-poe-switch-ruijie-rg-nbs3100-24gt4sfp-p-48293.html,2026-09-16T09:59:25+07:00
RG-NBS3100-48GT4SFP-P,Layer 2 Smart Managed PoE Switch 48 Cổng 10/100/1000BASE-T REYEE RG-NBS3100-48GT4SFP-P,contact,,,https://www.sieuthivienthong.com/48-port-ge-poe-switch-ruijie-rg-nbs3100-48gt4sfp-p-79619.html,2026-09-16T09:59:25+07:00
RG-NBS3100-8GT2SFP,Switch 8 cổng 10/100/1000 BASE-T RUIJIE REEYE RG-NBS3100-8GT2SFP,priced,4215000,4550000,https://www.sieuthivienthong.com/8-port-ge-poe-switch-ruijie-rg-nbs3100-8gt2sfp-p-v2-84208.html,2026-09-16T09:59:25+07:00
RG-NBS3100-8GT2SFP-P,Switch POE 8 cổng RUIJIE REYEE RG-NBS3100-8GT2SFP-P,priced,4215000,4550000,https://www.sieuthivienthong.com/8-port-ge-poe-switch-ruijie-rg-nbs3100-8gt2sfp-p-v2-84208.html,2026-09-16T09:59:25+07:00
RG-NBS3200-24GT4XS,Switch 24 cổng RUIJIE REYEE RG-NBS3200-24GT4XS,contact,,,https://www.sieuthivienthong.com/24-port-gigabit-managed-switch-ruijie-rg-nbs3200-24gt4xs-48296.html,2026-09-16T09:59:25+07:00
RG-NBS3200-24GT4XS-P,Switch POE 24 cổng RUIJIE REYEE RG-NBS3200-24GT4XS-P,contact,,,https://www.sieuthivienthong.com/24-port-ge-poe-managed-switch-ruijie-rg-nbs3200-24gt4xs-p-48295.html,2026-09-16T09:59:25+07:00
RG-NBS3200-24GT4XS-P-V2,Smart PoE Managed Switch 24 Cổng Reyee RG-NBS3200-24GT4XS-P-V2,not_found,,,,2026-09-16T09:59:25+07:00
RG-NBS3200-48GT4XS,Switch RUIJIE REYEE RG-NBS3200-48GT4XS 48 cổng 10/100/1000BASE-T,contact,,,https://www.sieuthivienthong.com/48-port-gigabit-managed-switch-ruijie-rg-nbs3200-48gt4xs-48299.html,2026-09-16T09:59:25+07:00
RG-NBS3200-48GT4XS-P,Switch POE 48 cổng RUIJIE REYEE RG-NBS3200-48GT4XS-P,contact,,,https://www.sieuthivienthong.com/48-port-ge-managed-poe-switch-ruijie-rg-nbs3200-48gt4xs-p-48298.html,2026-09-16T09:59:25+07:00
RG-NBS5100-24GT4SFP,Switch 24 cổng RUIJIE REEYE RG-NBS5100-24GT4SFP,contact,,,https://www.sieuthivienthong.com/24-port-ge-poe-switch-ruijie-rg-nbs5100-24gt4sfp-p-79622.html,2026-09-16T09:59:25+07:00
RG-NBS5100-24GT4SFP-P,Smart PoE Managed Switch 24 Cổng Reyee RG-NBS5100-24GT4SFP-P,contact,,,https://www.sieuthivienthong.com/24-port-ge-poe-switch-ruijie-rg-nbs5100-24gt4sfp-p-79622.html,2026-09-16T09:59:25+07:00
RG-NBS5100-48GT4SFP,Switch 48 cổng RUIJIE REEYE RG-NBS5100-48GT4SFP,contact,,,https://www.sieuthivienthong.com/48-port-gigabit-managed-switch-ruijie-rg-nbs5100-48gt4sfp-48278.html,2026-09-16T09:59:25+07:00
RG-NBS5200-24GT4XS,Switch 24 cổng RUIJIE REEYE RG-NBS5200-24GT4XS,contact,,,https://www.sieuthivienthong.com/24-port-ge-poe-switch-ruijie-rg-nbs5200-24gt4xs-p-78870.html,2026-09-16T09:59:25+07:00
RG-NBS5200-24GT4XS-P,Smart Managed Switch 24 cổng Reyee RG-NBS5200-24GT4XS-P,contact,,,https://www.sieuthivienthong.com/24-port-ge-poe-switch-ruijie-rg-nbs5200-24gt4xs-p-78870.html,2026-09-16T09:59:25+07:00
RG-NBS5200-24SFP/8GT4XS,Switch 24 cổng RUIJIE REEYE RG-NBS5200-24SFP/8GT4XS,contact,,,https://www.sieuthivienthong.com/24-port-sfp-switch-ruijie-rg-nbs5200-24sfp8gt4xs-48282.html,2026-09-16T09:59:25+07:00
RG-NBS5200-48GT4XS,Switch 48 cổng RUIJIE REEYE RG-NBS5200-48GT4XS,contact,,,https://www.sieuthivienthong.com/48-port-ge-poe-switch-ruijie-rg-nbs5200-48gt4xs-up-84261.html,2026-09-16T09:59:25+07:00
RG-NBS5200-48GT4XS-UP,Smart Managed Switch 48 cổng Reyee RG-NBS5200-48GT4XS-UP,contact,,,https://www.sieuthivienthong.com/48-port-ge-poe-switch-ruijie-rg-nbs5200-48gt4xs-up-84261.html,2026-09-16T09:59:25+07:00
RG-NIS-PA120-48,Nguồn công nghiệp Reyee RG-NIS-PA120-48,contact,,,https://www.sieuthivienthong.com/ac-dc-120w-din-rail-power-supply-ruijie-rg-nis-pa120-48-84258.html,2026-09-16T09:59:25+07:00
RG-NIS-PA120-54,Nguồn công nghiệp Reyee RG-NIS-PA120-54,contact,,,https://www.sieuthivienthong.com/acdc-120w-din-rail-power-supply-ruijie-rg-nis-pa120-54-88430.html,2026-09-16T09:59:25+07:00
RG-NIS-PA240-48,Nguồn công nghiệp Reyee RG-NIS-PA240-48,contact,,,https://www.sieuthivienthong.com/acdc-240w-din-rail-power-supply-ruijie-rg-nis-pa240-48-84259.html,2026-09-16T09:59:25+07:00
RG-NIS-PA240-54,Nguồn công nghiệp Reyee RG-NIS-PA240-54,contact,,,https://www.sieuthivienthong.com/acdc-240w-din-rail-power-supply-ruijie-rg-nis-pa240-54-88431.html,2026-09-16T09:59:25+07:00
RG-NIS2100-4GT2SFP-HP,Switch công nghiệp 6 cổng Reyee RG-NIS2100-4GT2SFP-HP,contact,,,https://www.sieuthivienthong.com/4-port-ge-switch-ruijie-rg-nis2100-4gt2sfp-hp-88428.html,2026-09-16T09:59:25+07:00
RG-NIS2100-8GT2SFP-HP,Switch công nghiệp 10 cổng Reyee RG-NIS2100-8GT2SFP-HP,contact,,,https://www.sieuthivienthong.com/8-port-ge-switch-ruijie-rg-nis2100-8gt2sfp-hp-88429.html,2026-09-16T09:59:25+07:00
RG-NIS3100-4GT2SFP-HP,Switch công nghiệp 4 cổng Reyee RG-NIS3100-4GT2SFP-HP,contact,,,https://www.sieuthivienthong.com/industrial-grade-switch-ruijie-rg-nis3100-4gt2sfp-hp-84250.html,2026-09-16T09:59:25+07:00
RG-NIS3100-8GT2SFP-HP,Switch công nghiệp 8 cổng Reyee RG-NIS3100-8GT2SFP-HP,contact,,,https://www.sieuthivienthong.com/industrial-grade-switch-ruijie-rg-nis3100-8gt2sfp-hp-84247.html,2026-09-16T09:59:25+07:00
RG-NIS3100-8GT4SFP-HP,Switch công nghiệp 8 cổng Reyee RG-NIS3100-8GT4SFP-HP,contact,,,https://www.sieuthivienthong.com/industrial-grade-switch-ruijie-rg-nis3100-8gt4sfp-hp-84245.html,2026-09-16T09:59:25+07:00
RG-POE-50-60W-MG,Nguồn POE Reeye RG-POE-50-60W-MG,contact,,,https://www.sieuthivienthong.com/bo-cap-nguon-poe-adapter-ruijie-rg-poe-50-60w-mg-78876.html,2026-09-16T09:59:25+07:00
RG-POE-AF15,Nguồn POE Reeye RG-POE-AF15,contact,,,https://www.sieuthivienthong.com/nguon-poe-ruijie-rg-poe-af15-74128.html,2026-09-16T09:59:25+07:00
RG-POE-AT30,Adapter POE 1 cổng 31.2W Ruijie Reeye RG-POE-AT30,priced,460000,500000,https://www.sieuthivienthong.com/nguon-poe-ruijie-rg-poe-at30-74127.html,2026-09-16T09:59:25+07:00
RG-RAP1200(F),Bộ phát Wifi gắn âm tường Reyee RG-RAP1200(F),priced,962000,1040000,https://www.sieuthivienthong.com/wallplate-access-point-ruijie-rg-rap1200f-48267.html,2026-09-16T09:59:25+07:00
RG-RAP1200(P),Access point WiFi 5 gắn tường Reyee RG-RAP1200(P),contact,,,https://www.sieuthivienthong.com/wall-plate-access-point-ruijie-rg-rap1200p-55652.html,2026-09-16T09:59:25+07:00
RG-RAP1200(P)-MNT,Phụ kiện gá lắp RUIJIE REEYE RG-RAP1200(P)-MNT,contact,,,https://www.sieuthivienthong.com/gia-lap-ruijie-rg-rap1200p-mnt-79646.html,2026-09-16T09:59:25+07:00
RG-RAP1260,Access point WiFi 6 gắn tường Reyee RG-RAP1260,contact,,,https://www.sieuthivienthong.com/access-point-gan-tuong-ruijie-reyee-rg-rap1260-84014.html,2026-09-16T09:59:25+07:00
RG-RAP1261,Access point WiFi 6 gắn tường Reyee RG-RAP1261,contact,,,https://www.sieuthivienthong.com/access-point-gan-tuong-ruijie-reyee-rg-rap1261-84012.html,2026-09-16T09:59:25+07:00
RG-RAP2260(E),Bộ phát Wifi ốp trần Reyee RG-RAP2260(E),contact,,,https://www.sieuthivienthong.com/ceiling-mount-access-point-ruijie-rg-rap2260e-62936.html,2026-09-16T09:59:25+07:00
RG-RAP2260(H),Bộ phát Wifi ốp trần Reyee RG-RAP2260(H),contact,,,https://www.sieuthivienthong.com/ceiling-access-point-ruijie-rg-rap2260h-79641.html,2026-09-16T09:59:25+07:00
RG-RAP2266,Access point WiFi 6 ốp trần Reyee RG-RAP2266,priced,2795000,3020000,https://www.sieuthivienthong.com/bo-phat-wifi-6-ruijie-rg-rap2266-83731.html,2026-09-16T09:59:25+07:00
RG-RAP52-OD,Bộ phát Wifi lắp ngoài trời Reyee RG-RAP52-OD,priced,2380000,2570000,https://www.sieuthivienthong.com/outdoor-access-point-ruijie-rg-rap52-od-84213.html,2026-09-16T09:59:25+07:00
RG-RAP62,Bộ phát Wifi 6 ốp trần Reyee RG-RAP62,priced,2310000,2490000,https://www.sieuthivienthong.com/bo-phat-wifi-6-trong-nha-ruijie-rg-rap62-90271.html,2026-09-16T09:59:25+07:00
RG-RAP62-OD,Bộ phát Wifi AX3000 Wi-Fi 6 Reyee RG-RAP62-OD,not_found,,,,2026-09-16T09:59:25+07:00
RG-RAP6260(G),Bộ phát Wi-Fi 6 Dual AX1800 Reyee RG-RAP6260(G),priced,5640000,6090000,https://www.sieuthivienthong.com/outdoor-access-point-ruijie-rg-rap6260g-64629.html,2026-09-16T09:59:25+07:00
RG-RAP6260(H),Bộ phát Wifi lắp ngoài trời Reyee RG-RAP6260(H),contact,,,https://www.sieuthivienthong.com/outdoor-access-point-ruijie-rg-rap6260h-79644.html,2026-09-16T09:59:25+07:00
RG-RAP6262,Bộ phát Wifi ngoài trời Reyee RG-RAP6262,contact,,,https://www.sieuthivienthong.com/outdoor-access-point-ruijie-rg-rap6262-79624.html,2026-09-16T09:59:25+07:00
RG-RAP72,Bộ phát Wifi 7 BE3600 Reyee RG-RAP72,not_found,,,,2026-09-16T09:59:25+07:00
RG-S1808G,Switch 8 cổng RUIJIE RG-S1808G,not_found,,,,2026-09-16T09:59:25+07:00
RG-S1809-P,Switch 8 cổng RUIJIE RG-S1809-P,not_found,,,,2026-09-16T09:59:25+07:00
RG-S1818G,Switch 16 cổng RUIJIE RG-S1818G,contact,,,https://www.sieuthivienthong.com/16-port-ge-unmanaged-switch-ruijie-rg-s1818g-36010.html,2026-09-16T09:59:25+07:00
RG-S1826,Switch 24 cổng RUIJIE RG-S1826,not_found,,,,2026-09-16T09:59:25+07:00
RG-S1826G,Switch 24 cổng RUIJIE RG-S1826G,not_found,,,,2026-09-16T09:59:25+07:00
RG-S1826G-P,Switch 24 cổng RUIJIE RG-S1826G-P,not_found,,,,2026-09-16T09:59:25+07:00
RG-S1920-18GT2SFP,Switch 16 cổng RUIJIE RG-S1920-18GT2SFP,contact,,,https://www.sieuthivienthong.com/16-port-ge-managed-switch-ruijie-rg-s1920-18gt2sfp-39135.html,2026-09-16T09:59:25+07:00
RG-S1920-24GT4SFP/2GT,Switch 24 cổng RUIJIE RG-S1920-24GT4SFP/2GT,not_found,,,,2026-09-16T09:59:25+07:00
RG-S2910-10GT2SFP-P-E,Switch 10 cổng RUIJIE RG-S2910-10GT2SFP-P-E chính hãng,contact,,,https://www.sieuthivienthong.com/8-port-ge-poe-switch-ruijie-rg-s2910-10gt2sfp-p-e-43326.html,2026-09-16T09:59:25+07:00
RG-S2910-10GT2SFP-UP-H,Switch HPoE 8 cổng RUIJIE RG-S2910-10GT2SFP-UP-H,not_found,,,,2026-09-16T09:59:25+07:00
RG-S2910-24GT4SFP-UP-H,Switch 24 cổng HPoE RUIJIE RG-S2910-24GT4SFP-UP-H,contact,,,https://www.sieuthivienthong.com/24-port-ge-switch-ruijie-rg-s2910-24gt4sfp-up-hv30-63547.html,2026-09-16T09:59:25+07:00
RG-S2910-24GT4XS-UP-H,Switch 24 cổng HPoE RUIJIE RG-S2910-24GT4XS-UP-H,contact,,,https://www.sieuthivienthong.com/24-port-ge-switch-ruijie-rg-s2910-24gt4xs-up-hv30-63543.html,2026-09-16T09:59:25+07:00
RG-S2910-48GT4XS-E,Switch 48 cổng RUIJIE RG-S2910-48GT4XS-E chính hãng,contact,,,https://www.sieuthivienthong.com/48-port-ge-switch-ruijie-rg-s2910-48gt4xs-e-43309.html,2026-09-16T09:59:25+07:00
RG-S2910C-24GT2XS-HP-E,Switch 24 cổng RUIJIE RG-S2910C-24GT2XS-HP-E chính hãng,contact,,,https://www.sieuthivienthong.com/24-port-ge-poe-switch-ruijie-rg-s2910c-24gt2xs-hp-e-43312.html,2026-09-16T09:59:25+07:00
RG-S2910C-48GT2XS-HP-E,Switch 48 cổng RUIJIE RG-S2910C-48GT2XS-HP-E chính hãng,contact,,,https://www.sieuthivienthong.com/48-port-ge-poe-switch-ruijie-rg-s2910c-48gt2xs-hp-e-43313.html,2026-09-16T09:59:25+07:00
RG-S2928G-E V3,Switch 24 cổng RUIJIE RG-S2928G-E V3 chính hãng,contact,,,https://www.sieuthivienthong.com/24-port-ge-switch-ruijie-rg-s2928g-e-v3-43302.html,2026-09-16T09:59:25+07:00
RG-S2952G-E V3,Switch 48 cổng RUIJIE RG-S2952G-E V3 chính hãng,contact,,,https://www.sieuthivienthong.com/48-port-ge-sfp-switch-ruijie-rg-s2952g-e-v3-43303.html,2026-09-16T09:59:25+07:00
RG-S5750-48GT4XS-HP-H,Switch 48 cổng RUIJIE RG-S5750-48GT4XS-HP-H,contact,,,https://www.sieuthivienthong.com/48-port-ge-poe-switch-ruijie-rg-s5750-48gt4xs-hp-h-43368.html,2026-09-16T09:59:25+07:00
RG-S5750C-28GT4XS-H,Switch 28 cổng RUIJIE RG-S5750C-28GT4XS-H,contact,,,https://www.sieuthivienthong.com/28-port-ge-rj45-switch-ruijie-rg-s5750c-28gt4xs-h-43360.html,2026-09-16T09:59:25+07:00
RG-S5750C-28SFP4XS-H,Switch 28 cổng RUIJIE RG-S5750C-28SFP4XS-H,contact,,,https://www.sieuthivienthong.com/28-port-ge-sfp-switch-ruijie-rg-s5750c-28sfp4xs-h-43364.html,2026-09-16T09:59:25+07:00
RG-S5750C-48GT4XS-H,Switch 48 cổng RUIJIE RG-S5750C-48GT4XS-H,contact,,,https://www.sieuthivienthong.com/48-port-ge-rj45-switch-ruijie-rg-s5750c-48gt4xs-h-43362.html,2026-09-16T09:59:25+07:00
RG-S5750C-48SFP4XS-H,Switch 48 cổng RUIJIE RG-S5750C-48SFP4XS-H,contact,,,https://www.sieuthivienthong.com/48-port-ge-sfp-switch-ruijie-rg-s5750c-48sfp4xs-h-43366.html,2026-09-16T09:59:25+07:00
RG-S6120-20XS4VS2QXS,Bộ chuyển mạch dành cho Data Center RUIJIE RG-S6120-20XS4VS2QXS,contact,,,https://www.sieuthivienthong.com/switch-ruijie-rg-s6120-20xs4vs2qxs-55719.html,2026-09-16T09:59:25+07:00
RG-S7805C,Core Switch RUIJIE RG-S7805C,contact,,,https://www.sieuthivienthong.com/core-switch-ruijie-rg-s7805c-55710.html,2026-09-16T09:59:25+07:00
RG-S7808C,Core Switch RUIJIE RG-S7808C,contact,,,https://www.sieuthivienthong.com/core-switch-ruijie-rg-s7808c-55709.html,2026-09-16T09:59:25+07:00
RG-WALL 1600-M5100,Thiết bị tường lửa RUIJIE RG-WALL 1600-M5100,contact,,,https://www.sieuthivienthong.com/license-thiet-bi-tuong-lua-ruijie-rg-wall-1600-m5100-lis-1y-84046.html,2026-09-16T09:59:25+07:00
RG-WALL 1600-M6600,Thiết bị tường lửa RUIJIE RG-WALL 1600-M6600,contact,,,https://www.sieuthivienthong.com/license-thiet-bi-tuong-lua-ruijie-rg-wall-1600-m6600-lis-1y-84048.html,2026-09-16T09:59:25+07:00
RG-WALL 1600-S3100,Thiết bị tường lửa thế hệ mới RUIJIE RG-WALL 1600-S3100 Bundle Package,contact,,,https://www.sieuthivienthong.com/thiet-bi-tuong-lua-ruijie-rg-wall-1600-s3100-lis-1y-87219.html,2026-09-16T09:59:25+07:00
RG-WALL 1600-S3200,Thiết bị tường lửa RUIJIE RG-WALL 1600-S3200,contact,,,https://www.sieuthivienthong.com/license-thiet-bi-tuong-lua-ruijie-rg-wall-1600-s3200-lis-1y-84044.html,2026-09-16T09:59:25+07:00
RG-WALL 1600-S3600,Thiết bị tường lửa thế hệ mới RUIJIE RG-WALL 1600-S3600 Bundle Package,contact,,,https://www.sieuthivienthong.com/license-thiet-bi-tuong-lua-ruijie-rg-wall-1600-s3600-lis-1y-84045.html,2026-09-16T09:59:25+07:00
RG-WALL 1600-X9300,Thiết bị tường lửa RUIJIE RG-WALL 1600-X9300,contact,,,https://www.sieuthivienthong.com/license-thiet-bi-tuong-lua-ruijie-rg-wall-1600-x9300-lis-1y-84051.html,2026-09-16T09:59:25+07:00
RG-WS6008,Thiết bị điều khiển WIFI RUIJIE RG-WS6008,contact,,,https://www.sieuthivienthong.com/wireless-access-controller-ruijie-rg-ws6008-36036.html,2026-09-16T09:59:25+07:00
RG-WS6108,Thiết bị điều khiển WIFI RUIJIE RG-WS6108,contact,,,https://www.sieuthivienthong.com/high-performance-wireless-controller-ruijie-rg-ws6108-55707.html,2026-09-16T09:59:25+07:00
RG-WS6816,Thiết bị điều khiển WIFI RUIJIE RG-WS6816,contact,,,https://www.sieuthivienthong.com/wireless-controller-ruijie-rg-ws6816-55708.html,2026-09-16T09:59:25+07:00
XS-S1920-24T2GT2SFP-LP-E,Thiết bị chuyển mạch RUIJIE XS-S1920-24T2GT2SFP-LP-E,contact,,,https://www.sieuthivienthong.com/24-port-ge-poe-switch-ruijie-xs-s1920-24t2gt2sfp-lp-e-36022.html,2026-09-16T09:59:25+07:00
XS-S1920-24T2GT2SFP-P-E,Thiết bị chuyển mạch RUIJIE XS-S1920-24T2GT2SFP-P-E,not_found,,,,2026-09-16T09:59:25+07:00
XS-S1920-26GT2SFP-LP-E,Thiết bị chuyển mạch RUIJIE XS-S1920-26GT2SFP-LP-E,not_found,,,,2026-09-16T09:59:25+07:00
XS-S1920-26GT2SFP-P-E,Thiết bị chuyển mạch RUIJIE XS-S1920-26GT2SFP-P-E,not_found,,,,2026-09-16T09:59:25+07:00
XS-S1920-9GT1SFP-P-E,Thiết bị chuyển mạch RUIJIE XS-S1920-9GT1SFP-P-E,not_found,,,,2026-09-16T09:59:25+07:00
XS-S1960-10GT2SFP-P-H,Thiết bị chuyển mạch RUIJIE XS-S1960-10GT2SFP-P-H,not_found,,,,2026-09-16T09:59:25+07:00
XS-S1960-24GT4SFP-H,Thiết bị chuyển mạch RUIJIE XS-S1960-24GT4SFP-H,not_found,,,,2026-09-16T09:59:25+07:00
XS-S1960-24GT4SFP-UP-H,Thiết bị chuyển mạch RUIJIE XS-S1960-24GT4SFP-UP-H,not_found,,,,2026-09-16T09:59:25+07:00
XS-S1960-48GT4SFP-H,Thiết bị chuyển mạch RUIJIE XS-S1960-48GT4SFP-H,not_found,,,,2026-09-16T09:59:25+07:00
STVT-60234,Máy chấm công vân tay và thẻ cảm ứng RONALD JACK K14 PRO,not_found,,,,2026-09-16T09:59:25+07:00
STVT-73046,Máy chấm công và kiểm soát cửa bằng khuôn mặt RONALD JACK FACEPRO-007,not_found,,,,2026-09-16T09:59:25+07:00
STVT-75399,Máy chấm công vân tay RONALD JACK 1800 Wifi,not_found,,,,2026-09-16T09:59:25+07:00
STVT-4292,Máy chấm công vân tay RONALD JACK 4000TID-C,not_found,,,,2026-09-16T09:59:25+07:00
STVT-75192,Máy chấm công khuôn mặt và vân tay RONALD JACK FA-110,not_found,,,,2026-09-16T09:59:25+07:00
STVT-81201,Máy chấm công vân tay và thẻ cảm ứng RONALD JACK 9300 Pro Wifi,not_found,,,,2026-09-16T09:59:25+07:00
STVT-86073,Máy chấm công khuôn mặt RONALD JACK AI26,not_found,,,,2026-09-16T09:59:25+07:00
STVT-60225,Máy chấm công vân tay và khuôn mặt RONALD JACK MB20VL,not_found,,,,2026-09-16T09:59:25+07:00
STVT-86075,Máy chấm công khuôn mặt RONALD JACK AI09F,not_found,,,,2026-09-16T09:59:25+07:00
STVT-73045,Máy chấm công và kiểm soát cửa bằng khuôn mặt RONALD JACK FACEPRO-008,not_found,,,,2026-09-16T09:59:25+07:00
STVT-75412,Máy chấm công kiểm soát cửa bằng khuôn mặt RONALD JACK AI-X1,not_found,,,,2026-09-16T09:59:25+07:00
STVT-86076,Máy chấm công khuôn mặt RONALD JACK AI03F,not_found,,,,2026-09-16T09:59:25+07:00
STVT-86072,Máy chấm công khuôn mặt RONALD JACK AI16,not_found,,,,2026-09-16T09:59:25+07:00
STVT-14290,Máy chấm công vân tay RONALD JACK RJ550,not_found,,,,2026-09-16T09:59:25+07:00
STVT-75404,Máy chấm công kiểm soát cửa bằng khuôn mặt RONALD JACK AI02,not_found,,,,2026-09-16T09:59:25+07:00
STVT-75407,Máy chấm công kiểm soát cửa bằng khuôn mặt RONALD JACK FACEPRO-009,not_found,,,,2026-09-16T09:59:25+07:00
STVT-83432,Máy chấm công vân tay RONALD JACK 3800 Pro Wifi,not_found,,,,2026-09-16T09:59:25+07:00
STVT-45115,Máy chấm công khuôn mặt và vân tay RONALD JACK UFACE 800,not_found,,,,2026-09-16T09:59:25+07:00
STVT-73250,Máy chấm công và kiểm soát cửa bằng khuôn mặt Wifi RONALD JACK FA-900,not_found,,,,2026-09-16T09:59:25+07:00
STVT-60242,"Máy chấm công vân tay, thẻ cảm ứng và pin lưu điện RONALD JACK T8PLUS",not_found,,,,2026-09-16T09:59:25+07:00
STVT-72573,"Máy chấm công khuôn mặt, vân tay RONALD JACK FA-210 (viền trắng)",not_found,,,,2026-09-16T09:59:25+07:00
STVT-80353,Máy chấm công vân tay RONALD JACK TM20 WIFI,not_found,,,,2026-09-16T09:59:25+07:00
STVT-86074,Máy chấm công khuôn mặt RONALD JACK AI09,not_found,,,,2026-09-16T09:59:25+07:00
STVT-57334,Máy chấm công và kiểm soát cửa bằng khuôn mặt và vân tay RONALD JACK FACEPRO1-P,not_found,,,,2026-09-16T09:59:25+07:00
STVT-12774,Máy chấm công khuôn mặt và vân tay RONALD JACK IFACE 302,not_found,,,,2026-09-16T09:59:25+07:00
STVT-83429,Máy chấm công vân tay và thẻ RONALD JACK K78,not_found,,,,2026-09-16T09:59:25+07:00
STVT-86071,Máy chấm công vân tay RONALD JACK TM2800 WIFI,not_found,,,,2026-09-16T09:59:25+07:00
STVT-20234,Máy chấm công vân tay và thẻ cảm ứng RONALD JACK X628 PRO,not_found,,,,2026-09-16T09:59:25+07:00
STVT-46772,"Máy chấm công khuôn mặt, vân tay RONALD JACK FA-210 (đen)",not_found,,,,2026-09-16T09:59:25+07:00
STVT-86908,Máy chấm công vân tay RONALD JACK 123C,not_found,,,,2026-09-16T09:59:25+07:00
STVT-32467,Máy chấm công khuôn mặt và vân tay RONALD JACK MB300,not_found,,,,2026-09-16T09:59:25+07:00
STVT-73033,"Máy chấm công và kiểm soát cửa vân tay, thẻ cảm ứng RONALD JACK F18-T",not_found,,,,2026-09-16T09:59:25+07:00
STVT-78278,"Máy chấm công vân tay, thẻ cảm ứng RONALD JACK S800/ID",not_found,,,,2026-09-16T09:59:25+07:00
STVT-62923,"Máy chấm công vân tay, thẻ cảm ứng RONALD JACK T8A",not_found,,,,2026-09-16T09:59:25+07:00
STVT-90032,Máy chấm công khuôn mặt RONALD JACK AI24,not_found,,,,2026-09-16T09:59:25+07:00
STVT-12481,Máy chấm công vân tay RONALD JACK DG-600,not_found,,,,2026-09-16T09:59:25+07:00
STVT-26196,Máy chấm công vân tay và thẻ cảm ứng RONALD JACK T8,not_found,,,,2026-09-16T09:59:25+07:00
STVT-14419,Máy chấm công vân tay RONALD JACK 5000T-C,not_found,,,,2026-09-16T09:59:25+07:00
STVT-81200,Máy chấm công vân tay và thẻ cảm ứng RONALD JACK 9300 Pro,not_found,,,,2026-09-16T09:59:25+07:00
STVT-87464,Máy chấm công khuôn mặt RONALD JACK 1000 Plus Wifi,not_found,,,,2026-09-16T09:59:25+07:00
STVT-85693,"Máy chấm công khuôn mặt, thẻ cảm ứng RONALD JACK FA6000",not_found,,,,2026-09-16T09:59:25+07:00
STVT-87467,Máy chấm công khuôn mặt và vân tay RONALD JACK FA2000,not_found,,,,2026-09-16T09:59:25+07:00
STVT-9505,Máy chấm công vân tay và thẻ cảm ứng RONALD JACK X938C,not_found,,,,2026-09-16T09:59:25+07:00
STVT-62926,"Máy chấm công vân tay, thẻ cảm ứng RONALD JACK 879C",not_found,,,,2026-09-16T09:59:25+07:00
STVT-78280,"Máy chấm công vân tay, thẻ cảm ứng RONALD JACK T10",not_found,,,,2026-09-16T09:59:25+07:00
STVT-83435,Máy chấm công khuôn mặt và vân tay RONALD JACK MB10-VL,not_found,,,,2026-09-16T09:59:25+07:00
STVT-14420,Máy chấm công vân tay và thẻ cảm ứng RONALD JACK 6869,not_found,,,,2026-09-16T09:59:25+07:00
STVT-83433,Máy chấm công vân tay RONALD JACK 5000TC WIFI,not_found,,,,2026-09-16T09:59:25+07:00
STVT-1783,"Máy chấm công và kiểm soát cửa bằng vân tay, thẻ cảm ứng RONALD JACK 5000AID",not_found,,,,2026-09-16T09:59:25+07:00
STVT-4291,Máy chấm công vân tay và thẻ cảm ứng RONALD JACK 8000C,not_found,,,,2026-09-16T09:59:25+07:00
STVT-48713,Máy chấm công vân tay và thẻ cảm ứng RONALD JACK TFT500,not_found,,,,2026-09-16T09:59:25+07:00
STVT-14427,Máy chấm công RONALD JACK RJ-3300A,not_found,,,,2026-09-16T09:59:25+07:00
STVT-31174,Máy chấm công vân tay và thẻ cảm ứng kiểm soát cửa ra vào Ronald Jack TFT 600,not_found,,,,2026-09-16T09:59:25+07:00
STVT-32464,Máy chấm công vân tay và thẻ cảm ứng RONALD JACK RJ919,not_found,,,,2026-09-16T09:59:25+07:00
STVT-73730,Máy chấm công khuôn mặt RONALD JACK FA1000/ID,not_found,,,,2026-09-16T09:59:25+07:00
STVT-81604,Máy chấm công vân tay RONALD JACK RJ3030,not_found,,,,2026-09-16T09:59:25+07:00
STVT-32463,Máy chấm công vân tay và thẻ cảm ứng RONALD JACK X628 Plus,not_found,,,,2026-09-16T09:59:25+07:00
STVT-83431,Máy chấm công vân tay và thẻ RONALD JACK K39,not_found,,,,2026-09-16T09:59:25+07:00
STVT-60323,Máy chấm công vân tay và thẻ cảm ứng RONALD JACK ICLOCK 360,not_found,,,,2026-09-16T09:59:25+07:00
STVT-14291,Máy chấm công vân tay RONALD JACK RJ550A,not_found,,,,2026-09-16T09:59:25+07:00
STVT-9267,"Máy chấm công và kiểm soát cửa bằng vân tay, thẻ cảm ứng RONALD JACK F19",not_found,,,,2026-09-16T09:59:25+07:00
STVT-12482,Máy chấm công vân tay và thẻ cảm ứng RONALD JACK DG-600ID (Đen),not_found,,,,2026-09-16T09:59:25+07:00
STVT-60230,Máy chấm công vân tay và thẻ cảm ứng RONALD JACK SF200,not_found,,,,2026-09-16T09:59:25+07:00
STVT-90033,Máy chấm công khuôn mặt RONALD JACK AI24-B,not_found,,,,2026-09-16T09:59:25+07:00
STVT-14384,"Máy chấm công kiểm soát cửa bằng vân tay, thẻ cảm ứng RONALD JACK F18",not_found,,,,2026-09-16T09:59:25+07:00
STVT-9504,Máy chấm công vân tay và thẻ cảm ứng RONALD JACK X928C,not_found,,,,2026-09-16T09:59:25+07:00
STVT-7248,Máy chấm công vân tay và thẻ cảm ứng RONALD JACK 6868,not_found,,,,2026-09-16T09:59:25+07:00
STVT-1778,Máy chấm công vân tay và thẻ cảm ứng RONALD JACK X-628C,not_found,,,,2026-09-16T09:59:25+07:00
STVT-47221,Máy chấm công lòng bàn tay và vân tay RONALD JACK GT810,not_found,,,,2026-09-16T09:59:25+07:00
STVT-12770,Máy chấm công vân tay và thẻ cảm ứng RONALD JACK 8000T,not_found,,,,2026-09-16T09:59:25+07:00
STVT-12483,Máy chấm công vân tay và thẻ cảm ứng RONALD JACK DG-600BID,not_found,,,,2026-09-16T09:59:25+07:00
STVT-86070,Máy chấm công vân tay RONALD JACK 7900,not_found,,,,2026-09-16T09:59:25+07:00
STVT-57488,Máy chấm công thẻ giấy RONALD JACK RJ2300A,not_found,,,,2026-09-16T09:59:25+07:00
STVT-83487,Máy chấm công vân tay Ronald Jack K20PRO,not_found,,,,2026-09-16T09:59:25+07:00
STVT-78282,Máy chấm công và kiểm soát cửa nhận diện khuôn mặt RONALD JACK FA1000/ID/BA,not_found,,,,2026-09-16T09:59:25+07:00
STVT-62917,Máy chấm công vân tay RONALD JACK SF400,not_found,,,,2026-09-16T09:59:25+07:00
STVT-14385,"Máy chấm công kiểm soát cửa bằng vân tay, thẻ cảm ứng RONALD JACK X958C",not_found,,,,2026-09-16T09:59:25+07:00
STVT-75414,Máy chấm công khuôn mặt kết hợp đo thân nhiệt RONALD JACK AI-08T,not_found,,,,2026-09-16T09:59:25+07:00
STVT-81602,Máy chấm công vân tay RONALD JACK RJ800,not_found,,,,2026-09-16T09:59:25+07:00
STVT-87454,Máy chấm công khuôn mặt và vân tay RONALD JACK MB360,not_found,,,,2026-09-16T09:59:25+07:00
STVT-89801,Máy chấm công khuôn mặt và vân tay RONALD JACK AI07F,not_found,,,,2026-09-16T09:59:25+07:00
STVT-86077,Máy chấm công khuôn mặt RONALD JACK AI11,not_found,,,,2026-09-16T09:59:25+07:00
STVT-81654,Máy chấm công vân tay RONALD JACK Iclock 1000-G,not_found,,,,2026-09-16T09:59:25+07:00
STVT-60329,"Máy chấm công khuôn mặt, vân tay và lòng bàn tay RONALD JACK UFACE302-P",not_found,,,,2026-09-16T09:59:25+07:00
STVT-75448,Máy chấm công thẻ giấy RONALD JACK RJ990A,not_found,,,,2026-09-16T09:59:25+07:00
STVT-90042,Máy chấm công khuôn mặt RONALD JACK AI18EF,not_found,,,,2026-09-16T09:59:25+07:00
STVT-87462,Máy chấm công vân tay RONALD JACK F22 Wifi,not_found,,,,2026-09-16T09:59:25+07:00
STVT-87450,"Máy chấm công vân tay, thẻ cảm ứng RONALD JACK 989C",not_found,,,,2026-09-16T09:59:25+07:00
STVT-60262,"Máy chấm công vân tay, thẻ cảm ứng và pin lưu điện RONALD JACK X989-C",not_found,,,,2026-09-16T09:59:25+07:00
STVT-14428,Máy chấm công RONALD JACK RJ-3300N,not_found,,,,2026-09-16T09:59:25+07:00
STVT-72871,Máy chấm công vân tay RONALD JACK F9,not_found,,,,2026-09-16T09:59:25+07:00
STVT-4290,Máy chấm công vân tay RONALD JACK 3979-C,not_found,,,,2026-09-16T09:59:25+07:00
STVT-60281,Máy chấm công vân tay và thẻ cảm ứng RONALD JACK X628-C+ID,not_found,,,,2026-09-16T09:59:25+07:00
STVT-26198,Máy chấm công vân tay và thẻ cảm ứng RONALD JACK F8,not_found,,,,2026-09-16T09:59:25+07:00
STVT-40368,Máy chấm công vân tay và thẻ cảm ứng RONALD JACK RJ2000L,not_found,,,,2026-09-16T09:59:25+07:00
STVT-57499,Máy chấm công vân tay và thẻ cảm ứng RONALD JACK X958A,not_found,,,,2026-09-16T09:59:25+07:00
STVT-90029,Máy chấm công vân tay RONALD JACK S70,not_found,,,,2026-09-16T09:59:25+07:00
STVT-73040,Máy chấm công vân tay và thẻ cảm ứng RONALD JACK K99,not_found,,,,2026-09-16T09:59:25+07:00
STVT-73043,Máy chấm công kiểm soát cửa thẻ cảm ứng RONALD JACK S15,not_found,,,,2026-09-16T09:59:25+07:00
STVT-42156,Máy chấm công vân tay và thẻ cảm ứng kiểm soát cửa ra vào RONALD JACK S810,not_found,,,,2026-09-16T09:59:25+07:00
STVT-12776,Máy chấm công khuôn mặt và vân tay RONALD JACK IFACE 800,not_found,,,,2026-09-16T09:59:25+07:00
STVT-87473,Máy chấm công khuôn mặt RONALD JACK FACEPRO15,not_found,,,,2026-09-16T09:59:25+07:00
STVT-57320,Máy chấm công vân tay và thẻ cảm ứng RONALD JACK 3000TID-C,not_found,,,,2026-09-16T09:59:25+07:00
STVT-87903,Máy chấm công khuôn mặt RONALD JACK XFACE 88A,not_found,,,,2026-09-16T09:59:25+07:00
STVT-90030,Máy chấm công vân tay RONALD JACK S90,not_found,,,,2026-09-16T09:59:25+07:00
STVT-32459,Máy chấm công vân tay RONALD JACK 3000T-C,not_found,,,,2026-09-16T09:59:25+07:00
STVT-60258,"Máy chấm công vân tay, thẻ cảm ứng và pin lưu điện RONALD JACK iCLOCK4000-G",not_found,,,,2026-09-16T09:59:25+07:00
STVT-32471,Máy chấm công thẻ cảm ứng RONALD JACK SC700,not_found,,,,2026-09-16T09:59:25+07:00
STVT-90027,Máy chấm công vân tay RONALD JACK T68,not_found,,,,2026-09-16T09:59:25+07:00
STVT-90044,Máy chấm công thẻ giấy RONALD JACK TM-LY268,not_found,,,,2026-09-16T09:59:25+07:00
STVT-87453,Máy chấm công vân tay RONALD JACK 5000TID-C,not_found,,,,2026-09-16T09:59:25+07:00
STVT-40843,Máy chấm công vân tay và thẻ cảm ứng RONALD JACK TFT 900,not_found,,,,2026-09-16T09:59:25+07:00
STVT-47213,Máy chấm công vân tay và thẻ cảm ứng RONALD JACK TFT 900H,not_found,,,,2026-09-16T09:59:25+07:00
STVT-14383,Máy chấm công vân tay và thẻ cảm ứng RONALD JACK RJ4200,not_found,,,,2026-09-16T09:59:25+07:00
STVT-73041,Máy chấm công vân tay và thẻ cảm ứng RONALD JACK K29,not_found,,,,2026-09-16T09:59:25+07:00
STVT-83434,Máy chấm công vân tay RONALD JACK GT-100,not_found,,,,2026-09-16T09:59:25+07:00
STVT-73032,"Máy chấm công và kiểm soát cửa vân tay, thẻ cảm ứng RONALD JACK TM60",not_found,,,,2026-09-16T09:59:25+07:00
STVT-87356,Máy chấm công khuôn mặt ZKTeco SenseFace 4A,not_found,,,,2026-09-16T09:59:25+07:00
STVT-87469,Máy chấm công khuôn mặt ZKTeco SenseFace 2A,not_found,,,,2026-09-16T09:59:25+07:00
STVT-34423,"Máy chấm công, kiểm soát ra vào ZKTeco F18",not_found,,,,2026-09-16T09:59:25+07:00
STVT-87470,Máy chấm công khuôn mặt ZKTeco SenseFace 7A,not_found,,,,2026-09-16T09:59:25+07:00
STVT-60326,Máy chấm công vân tay và khuôn mặt ZKTeco MB10VL,not_found,,,,2026-09-16T09:59:25+07:00
STVT-42427,Máy chấm công kiểm soát cửa ra vào nhận dạng khuôn mặt ZKTeco SpeedFace-V5L,not_found,,,,2026-09-16T09:59:25+07:00
STVT-67747,"Máy chấm công kiểm soát ra vào nhận diện khuôn mặt, vân tay ZKTeco Speedface-V3L[ID]",not_found,,,,2026-09-16T09:59:25+07:00
STVT-85837,Máy chấm công kiểm soát cửa nhận diện khuôn mặt ZKTeco SpeedFace V4L Pro [ID],not_found,,,,2026-09-16T09:59:25+07:00
STVT-53794,Máy chấm công kiểm soát ra vào bằng vân tay ZKTeco SF400,not_found,,,,2026-09-16T09:59:25+07:00
STVT-53806,Máy chấm công kiểm soát cửa ra vào nhận dạng khuôn mặt ZKTeco SpeedFace-V5L[P],not_found,,,,2026-09-16T09:59:25+07:00
STVT-34306,"Máy chấm công, kiểm soát ra vào ZKTeco F21 Lite",not_found,,,,2026-09-16T09:59:25+07:00
STVT-42414,"Máy chấm công, kiểm soát ra vào ZKTeco F22[ID]",not_found,,,,2026-09-16T09:59:25+07:00
STVT-81684,Máy chấm công kiểm soát ra vào bằng vân tay ZKTeco SF200,not_found,,,,2026-09-16T09:59:25+07:00
STVT-73182,Máy chấm công kiểm soát ra vào nhận diện khuôn mặt ZKTeco SpeedFace M4,not_found,,,,2026-09-16T09:59:25+07:00
STVT-81697,Máy chấm công bằng thẻ cảm ứng ZKTeco SC800,not_found,,,,2026-09-16T09:59:25+07:00
STVT-77141,Máy chấm công vân tay và kiểm soát cửa ra vào nhận dạng khuôn mặt ZKTeco MB40-VL (Wifi),not_found,,,,2026-09-16T09:59:25+07:00
STVT-87352,Máy chấm công vân tay ZKTeco K14 Pro,not_found,,,,2026-09-16T09:59:25+07:00
STVT-85838,Máy chấm công kiểm soát cửa nhận diện khuôn mặt ZKTeco SpeedFace V4L Pro [IC],not_found,,,,2026-09-16T09:59:25+07:00
STVT-87471,Máy chấm công khuôn mặt ZKTeco SenseFace 7B,not_found,,,,2026-09-16T09:59:25+07:00
STVT-53745,Máy chấm công nhận dạng khuôn mặt ZKTeco MiniTA,not_found,,,,2026-09-16T09:59:25+07:00
STVT-37420,Máy chấm công vân tay và kiểm soát cửa ra vào nhận dạng khuôn mặt ZKTeco MB40-VL,not_found,,,,2026-09-16T09:59:25+07:00
STVT-67777,Máy chấm công vân tay ZKTeco K45 Pro,not_found,,,,2026-09-16T09:59:25+07:00
STVT-53803,Máy chấm công kiểm soát ra vào nhận diện khuôn mặt ZKTeco MiniAC,not_found,,,,2026-09-16T09:59:25+07:00
STVT-81702,Máy chấm công thẻ cảm ứng ZKTeco SC403,not_found,,,,2026-09-16T09:59:25+07:00
STVT-67770,Máy chấm công nhận dạng khuôn mặt và vân tay ZKTeco MB100-VL,not_found,,,,2026-09-16T09:59:25+07:00
STVT-53751,Máy chấm công kiểm soát cửa nhận dạng khuôn mặt ZKTeco MB560-VL,not_found,,,,2026-09-16T09:59:25+07:00
STVT-34307,"Máy chấm công, kiểm soát ra vào ZKTeco F21",not_found,,,,2026-09-16T09:59:25+07:00
STVT-87472,Máy chấm công vân tay khuôn mặt ZKTeco FaceDepot 4A,not_found,,,,2026-09-16T09:59:25+07:00
STVT-34308,"Máy chấm công, kiểm soát ra vào ZKTeco F16",not_found,,,,2026-09-16T09:59:25+07:00
STVT-71097,Máy chấm công thẻ cảm ứng ZKTeco SC405,not_found,,,,2026-09-16T09:59:25+07:00
STVT-87452,Máy chấm công vân tay ZKTeco 988,not_found,,,,2026-09-16T09:59:25+07:00
STVT-67759,Máy chấm công nhận dạng khuôn mặt và vân tay ZKTeco MB360,not_found,,,,2026-09-16T09:59:25+07:00
STVT-81535,"Máy chấm công kiểm soát ra vào nhận diện khuôn mặt, QR code ZKTeco SpeedFace-V3L[QR]",not_found,,,,2026-09-16T09:59:25+07:00
STVT-85841,Máy chấm công bằng thẻ cảm ứng ZKTeco SC105[IC],not_found,,,,2026-09-16T09:59:25+07:00
STVT-34305,Máy chấm công vân tay ZKTeco IN05,not_found,,,,2026-09-16T09:59:25+07:00
STVT-67753,"Máy chấm công, kiểm soát ra vào ZKTeco F19",not_found,,,,2026-09-16T09:59:25+07:00
STVT-67763,Máy chấm công nhận dạng khuôn mặt và vân tay ZKTeco MB460,not_found,,,,2026-09-16T09:59:25+07:00
STVT-77641,Máy chấm công và kiểm soát cửa ra vào nhận diện khuôn mặt ZKTeco ProMA-QR,not_found,,,,2026-09-16T09:59:25+07:00
STVT-67776,Máy chấm công nhận dạng khuôn mặt và vân tay ZKTeco MB20-VL,not_found,,,,2026-09-16T09:59:25+07:00
STVT-77137,Máy chấm công vân tay ZKTeco LX50,not_found,,,,2026-09-16T09:59:25+07:00
STVT-34304,Máy chấm công vân tay không dây ZKTeco WL30,not_found,,,,2026-09-16T09:59:25+07:00
STVT-60254,"Máy chấm công vân tay, thẻ cảm ứng và pin lưu điện ZKTeco iCLOCK4000-G",not_found,,,,2026-09-16T09:59:25+07:00
STVT-67773,Máy chấm công nhận dạng khuôn mặt ZKTeco EFace10,not_found,,,,2026-09-16T09:59:25+07:00
STVT-81562,Máy chấm công di động cầm tay ZKTeco Horus H1,not_found,,,,2026-09-16T09:59:25+07:00
STVT-81568,Máy chấm công kiểm soát cửa ra vào nhận dạng khuôn mặt ZKTeco SpeedFace-V5L[QR],not_found,,,,2026-09-16T09:59:25+07:00
STVT-90648,Máy chấm công ZKTeco SenseFP M1,not_found,,,,2026-09-16T09:59:25+07:00
STVT-85822,Máy chấm công kiểm soát cửa bằng vân tay ZKTeco F7-C,not_found,,,,2026-09-16T09:59:25+07:00
STVT-85827,Máy chấm công vân tay và thẻ ZKTeco TF1700[IC],not_found,,,,2026-09-16T09:59:25+07:00
STVT-60282,Máy chấm công vân tay và thẻ cảm ứng ZKTeco B3-C,not_found,,,,2026-09-16T09:59:25+07:00
STVT-37629,"Máy chấm công vân tay, thẻ và mật khẩu không dây ZKTeco ProCapture-X",not_found,,,,2026-09-16T09:59:25+07:00
STVT-85840,Máy chấm công kiểm soát cửa nhận diện khuôn mặt ZKTeco SpeedFace V4L Pro RFID [ID],not_found,,,,2026-09-16T09:59:25+07:00
STVT-42425,Máy chấm công kiểm soát cửa ra vào nhận dạng khuôn mặt ZKTeco SpeedFace-H5L,not_found,,,,2026-09-16T09:59:25+07:00
STVT-67741,Máy chấm công kiểm soát ra vào nhận diện khuôn mặt ZKTeco SpeedFace M2,not_found,,,,2026-09-16T09:59:25+07:00
STVT-71096,"Máy chấm công nhận diện khuôn mặt, vân tay ZKTeco MB160",not_found,,,,2026-09-16T09:59:25+07:00
STVT-85839,Máy chấm công kiểm soát cửa nhận diện khuôn mặt ZKTeco SpeedFace V4L Pro QR [ID],not_found,,,,2026-09-16T09:59:25+07:00
STVT-85820,Máy chấm công nhận dạng khuôn mặt ZKTeco EFace10 [Wifi],not_found,,,,2026-09-16T09:59:25+07:00
STVT-42433,Máy chấm công kiểm soát cửa ra vào nhận dạng khuôn mặt ZKTeco FaceDepot-7BL,not_found,,,,2026-09-16T09:59:25+07:00
STVT-81686,Máy chấm công kiểm soát ra vào bằng vân tay ZKTeco MA300,not_found,,,,2026-09-16T09:59:25+07:00
STVT-81538,Máy chấm công kiểm soát ra vào nhận diện khuôn mặt ZKTeco SpeedFace-V3L Pro,not_found,,,,2026-09-16T09:59:25+07:00
STVT-67757,Máy chấm công vân tay không dây ZKTeco WL20,not_found,,,,2026-09-16T09:59:25+07:00
STVT-77652,Máy chấm công bằng thẻ cảm ứng ZKTeco SC105[ID],not_found,,,,2026-09-16T09:59:25+07:00
STVT-85836,"Máy chấm công kiểm soát ra vào nhận diện khuôn mặt, vân tay ZKTeco SpeedFace-V3L Intercom",not_found,,,,2026-09-16T09:59:25+07:00
STVT-81689,Máy chấm công di động cầm tay ZKTeco S922,not_found,,,,2026-09-16T09:59:25+07:00
STVT-53736,Máy chấm công vân tay ZKTeco WL10,not_found,,,,2026-09-16T09:59:25+07:00
STVT-53804,Máy chấm công kiểm soát ra vào nhận diện khuôn mặt ZKTeco MiniAC plus,not_found,,,,2026-09-16T09:59:25+07:00
STVT-73700,Máy chấm công vân tay ZKTeco K50Pro,not_found,,,,2026-09-16T09:59:25+07:00
STVT-37594,"Máy chấm công vân tay, thẻ và mật khẩu dòng Green Label ZKTeco G2",not_found,,,,2026-09-16T09:59:25+07:00
STVT-47263,Pin lưu điện dùng cho máy chấm công ZKTeco ZK-IK7,not_found,,,,2026-09-16T09:59:25+07:00
STVT-37595,"Máy chấm công nhận diện khuôn mặt, vân tay, mật khẩu và thẻ dòng Green Label ZKTeco G3",not_found,,,,2026-09-16T09:59:25+07:00
STVT-85828,"Máy chấm công, kiểm soát ra vào ZKTeco F18 IC",not_found,,,,2026-09-16T09:59:25+07:00
STVT-67756,"Máy chấm công, kiểm soát ra vào nhận diện khuôn mặt ZKTeco SpeedFace-V4LM1",not_found,,,,2026-09-16T09:59:25+07:00
STVT-77135,Máy chấm công vân tay ZKTeco D1,not_found,,,,2026-09-16T09:59:25+07:00
STVT-37599,"Máy chấm công dùng vân tay, thẻ và mật khẩu ZKTeco ProCapture-T",not_found,,,,2026-09-16T09:59:25+07:00
STVT-85825,Máy chấm công di động cầm tay ZKTeco S922 [4G],not_found,,,,2026-09-16T09:59:25+07:00
STVT-77127,"Máy chấm công, kiểm soát cửa ra vào nhận dạng không mặt ZKTeco SpeedFace M3",not_found,,,,2026-09-16T09:59:25+07:00
STVT-67765,Máy chấm công nhận dạng khuôn mặt và vân tay ZKTeco uFace800 Plus,not_found,,,,2026-09-16T09:59:25+07:00
STVT-53798,Máy chấm công vân tay và thẻ ZKTeco TF1700[ID],not_found,,,,2026-09-16T09:59:25+07:00
STVT-77643,Máy chấm công và kiểm soát cửa ra vào nhận diện khuôn mặt ZKTeco Speedface V4L,not_found,,,,2026-09-16T09:59:25+07:00
STVT-37547,"Máy chấm công vân tay, thẻ và mật khẩu dòng Green Label ZKTeco G1",not_found,,,,2026-09-16T09:59:25+07:00
STVT-85829,"Máy chấm công, kiểm soát ra vào ZKTeco F22[IC]",not_found,,,,2026-09-16T09:59:25+07:00
STVT-77136,Máy chấm công vân tay ZKTeco D2,not_found,,,,2026-09-16T09:59:25+07:00
STVT-67762,Máy chấm công nhận dạng khuôn mặt ZKTeco KF460,not_found,,,,2026-09-16T09:59:25+07:00
STVT-67750,Máy chấm công kiểm soát ra vào nhận diện khuôn mặt ZKTeco Speedface-V3L Lite,not_found,,,,2026-09-16T09:59:25+07:00
STVT-77244,Máy chấm công và kiểm soát cửa ra vào nhận diện khuôn mặt và vân tay ZKTeco MultiBio 800,not_found,,,,2026-09-16T09:59:25+07:00
STVT-67769,Máy chấm công nhận dạng khuôn mặt ZKTeco LFace10,not_found,,,,2026-09-16T09:59:25+07:00
STVT-77635,Máy chấm công và kiểm soát cửa ra vào nhận diện khuôn mặt ZKTeco EFACE500,not_found,,,,2026-09-16T09:59:25+07:00
STVT-85824,Máy chấm công kiểm soát cửa nhận diện khuôn mặt ZKTeco MultiBio 800-H[IC],not_found,,,,2026-09-16T09:59:25+07:00
STVT-77133,Máy chấm công vân tay ZKTeco UA400,not_found,,,,2026-09-16T09:59:25+07:00
STVT-34313,"Máy chấm công, kiểm soát ra vào nhận diện khuôn mặt ZKTeco MultiBio 800-H[ID]",not_found,,,,2026-09-16T09:59:25+07:00
STVT-77242,Máy chấm công vân tay và kiểm soát cửa ra vào vân tay ZKTeco BR1200,not_found,,,,2026-09-16T09:59:25+07:00
STVT-85835,"Máy chấm công kiểm soát ra vào nhận diện khuôn mặt, vân tay ZKTeco Speedface-V3L[IC]",not_found,,,,2026-09-16T09:59:25+07:00
STVT-85833,Máy chấm công kiểm soát cửa nhận diện khuôn mặt ZKTeco SpeedFace-V5L Intercom,not_found,,,,2026-09-16T09:59:25+07:00
STVT-85826,Máy chấm công di động cầm tay ZKTeco Horus H1 (FP),not_found,,,,2026-09-16T09:59:25+07:00
STVT-77243,Máy chấm công vân tay ZKTeco Iclock1000-G,not_found,,,,2026-09-16T09:59:25+07:00
STVT-77138,Máy chấm công vân tay ZKTeco BR1200s,not_found,,,,2026-09-16T09:59:25+07:00
STVT-87357,Máy chấm công kiểm soát ra vào nhận diện khuôn mặt ZKTeco Speedface-V3L Lite (Intercom),not_found,,,,2026-09-16T09:59:25+07:00
STVT-67767,Máy chấm công nhận dạng khuôn mặt không dây ZKTeco VF380,not_found,,,,2026-09-16T09:59:25+07:00
STVT-67764,Máy chấm công nhận dạng khuôn mặt và vân tay ZKTeco uFace402 Plus,not_found,,,,2026-09-16T09:59:25+07:00
STVT-85821,Máy chấm công nhận dạng khuôn mặt ZKTeco Horus TL2,not_found,,,,2026-09-16T09:59:25+07:00
STVT-60273,Máy chấm công vân tay và thẻ cảm ứng ZKTeco U260-C,not_found,,,,2026-09-16T09:59:25+07:00
STVT-53808,Máy chấm công kiểm soát cửa ra vào bằng thân nhiệt ZKTeco SpeedFace-V5L[TD],not_found,,,,2026-09-16T09:59:25+07:00
STVT-81679,Máy chấm công vân tay ZKTeco SilkFP-101TA,not_found,,,,2026-09-16T09:59:25+07:00
STVT-92467,Máy chấm công ZKTeco K30 PRO,not_found,,,,2026-09-16T09:59:25+07:00
STVT-81678,Máy chấm công vân tay ZKTeco IN05A,not_found,,,,2026-09-16T09:59:25+07:00
STVT-93393,Máy chấm công khuôn mặt ZKTeco SenseFace 3A (WiFi),not_found,,,,2026-09-16T09:59:25+07:00
STVT-82738,"Máy chấm công, kiểm soát ra vào nhận diện khuôn mặt và vân tay HIKVISION DS-K1T342MFWX-E1",not_found,,,,2026-09-16T09:59:25+07:00
STVT-86562,"Máy chấm công, kiểm soát ra vào nhận diện khuôn mặt HIKVISION SH-K1T9320MFWX",not_found,,,,2026-09-16T09:59:25+07:00
STVT-87862,"Máy chấm công, kiểm soát ra vào nhận diện khuôn mặt và vân tay HIKVISION DS-K1T344MBFWX-E1",not_found,,,,2026-09-16T09:59:25+07:00
STVT-72170,Máy chấm công nhận diện khuôn mặt và vân tay HIKVISION DS-K1T343MFWX,not_found,,,,2026-09-16T09:59:25+07:00
STVT-44624,"Máy chấm công vân tay, thẻ HIKVISION DS-K1A8503MF",not_found,,,,2026-09-16T09:59:25+07:00
STVT-66771,"Máy chấm công, kiểm soát ra vào nhận diện khuôn mặt và vân tay HIKVISION DS-K1T320MFWX",not_found,,,,2026-09-16T09:59:25+07:00
STVT-82233,Máy chấm công nhận diện khuôn mặt HIKVISION DS-K1T673DWX,not_found,,,,2026-09-16T09:59:25+07:00
STVT-83858,Máy chấm công nhận diện khuôn mặt và vân tay HIKVISION SH-K1T9342MFWX,not_found,,,,2026-09-16T09:59:25+07:00
STVT-83856,Máy chấm công nhận diện khuôn mặt và vân tay HIKVISION SH-K1T9343MFWX,not_found,,,,2026-09-16T09:59:25+07:00
STVT-86528,"Máy chấm công, kiểm soát ra vào nhận diện khuôn mặt và vân tay HIKVISION DS-K1T670MFWX",not_found,,,,2026-09-16T09:59:25+07:00
STVT-62832,"Máy chấm công, kiểm soát ra vào nhận diện khuôn mặt HIKVISION DS-K1T342MFWX",not_found,,,,2026-09-16T09:59:25+07:00
STVT-77193,"Máy chấm công, kiểm soát ra vào nhận diện khuôn mặt HIKVISION DS-K1T320MX",not_found,,,,2026-09-16T09:59:25+07:00
STVT-89148,Máy chấm công vân tay HIKVISION SH-K1A9853F,not_found,,,,2026-09-16T09:59:25+07:00
STVT-66780,"Máy chấm công, kiểm soát ra vào nhận diện khuôn mặt và vân tay HIKVISION DS-K1T341CMFW",not_found,,,,2026-09-16T09:59:25+07:00
STVT-77214,Máy chấm công nhận diện khuôn mặt và vân tay HIKVISION DS-K1T321MFWX,not_found,,,,2026-09-16T09:59:25+07:00
STVT-66779,"Máy chấm công, kiểm soát ra vào nhận diện khuôn mặt và vân tay HIKVISION DS-K1T341CMF",not_found,,,,2026-09-16T09:59:25+07:00
STVT-86584,"Máy chấm công, kiểm soát ra vào bằng vân tay HIKVISION DS-K1T805MBFWX",not_found,,,,2026-09-16T09:59:25+07:00
STVT-83855,Máy chấm công nhận diện khuôn mặt và vân tay HIKVISION SH-K1T9321MFWX,not_found,,,,2026-09-16T09:59:25+07:00
STVT-83860,Vỏ che máy chấm công HIKVISION DS-KAB34X-S1,not_found,,,,2026-09-16T09:59:25+07:00
STVT-35578,Máy chấm công vân tay HIKVISION DS-K1T8003MF,not_found,,,,2026-09-16T09:59:25+07:00
STVT-88271,"Máy chấm công, kiểm soát cửa nhận diện khuôn mặt và vân tay HIKVISION DS-K1T679MFWX",not_found,,,,2026-09-16T09:59:25+07:00
STVT-66776,Máy chấm công HIKVISION DS-K1T343MFX (SH-K1T9343MFX),not_found,,,,2026-09-16T09:59:25+07:00
STVT-89149,Máy chấm công vân tay HIKVISION SH-K1A9853MF,not_found,,,,2026-09-16T09:59:25+07:00
STVT-86580,"Máy chấm công, kiểm soát ra vào bằng vân tay HIKVISION DS-K1T502DBFWX-C",not_found,,,,2026-09-16T09:59:25+07:00
STVT-59925,"Máy chấm công, kiểm soát ra vào bằng vân tay HIKVISION DS-K1T804BEF",not_found,,,,2026-09-16T09:59:25+07:00
STVT-86571,"Máy chấm công, kiểm soát ra vào bằng vân tay HIKVISION SH-K1T9803F",not_found,,,,2026-09-16T09:59:25+07:00
STVT-56811,Máy chấm công vân tay HIKVISION DS-K1T804BMF,not_found,,,,2026-09-16T09:59:25+07:00
STVT-86498,"Máy chấm công, kiểm soát ra vào nhận diện khuôn mặt HIKVISION DS-K1T343MWX",not_found,,,,2026-09-16T09:59:25+07:00
STVT-86573,"Máy chấm công, kiểm soát ra vào bằng vân tay HIKVISION SH-K1T9803MF",not_found,,,,2026-09-16T09:59:25+07:00
STVT-88247,"Máy chấm công, kiểm soát cửa nhận diện khuôn mặt HIKVISION DS-K1T344MFX-E1",not_found,,,,2026-09-16T09:59:25+07:00
STVT-89983,"Máy chấm công, kiểm soát cửa HIKVISION DS-K1T323MBWX-E1",not_found,,,,2026-09-16T09:59:25+07:00
STVT-66770,"Máy chấm công, kiểm soát ra vào nhận diện khuôn mặt và vân tay HIKVISION DS-K1T320MFX",not_found,,,,2026-09-16T09:59:25+07:00
STVT-89985,Máy chấm công HIKVISION DS-K1T323MBFWX-E1,not_found,,,,2026-09-16T09:59:25+07:00
STVT-53004,Máy chấm công vân tay HIKVISION DS-K1T201AMF,not_found,,,,2026-09-16T09:59:25+07:00
STVT-86705,Bộ chuyển đổi nguồn 12V HIKVISION KPL-060F-VI,not_found,,,,2026-09-16T09:59:25+07:00
STVT-35596,Thiết bị kiểm soát ra vào HIKVISION DS-K1T802M,not_found,,,,2026-09-16T09:59:25+07:00
STVT-86550,Module đọc vân tay Bluetooth HIKVISION DS-KAB673-FB,not_found,,,,2026-09-16T09:59:25+07:00
STVT-83857,Máy chấm công nhận diện khuôn mặt và vân tay HIKVISION SH-K1T9342MFX,not_found,,,,2026-09-16T09:59:25+07:00
STVT-52075,"Máy chấm công, kiểm soát ra vào nhận diện khuôn mặt HIKVISION DS-K1T642M",not_found,,,,2026-09-16T09:59:25+07:00
STVT-86561,Giá đỡ treo tường máy chấm công HIKVISION DS-KAB6-W1,not_found,,,,2026-09-16T09:59:25+07:00
STVT-53026,"Máy chấm công, kiểm soát ra vào nhận diện khuôn mặt và vân tay HIKVISION DS-K1T671MF",not_found,,,,2026-09-16T09:59:25+07:00
STVT-53024,"Máy chấm công, kiểm soát ra vào nhận diện khuôn mặt HIKVISION DS-K1T671M",not_found,,,,2026-09-16T09:59:25+07:00
STVT-86536,"Máy chấm công, kiểm soát ra vào nhận diện khuôn mặt và vân tay HIKVISION DS-K1T673TDX",not_found,,,,2026-09-16T09:59:25+07:00
STVT-35577,Máy chấm công vân tay HIKVISION DS-K1T8003F,not_found,,,,2026-09-16T09:59:25+07:00
STVT-86516,"Máy chấm công, kiểm soát ra vào nhận diện khuôn mặt và vân tay HIKVISION DS-K1TS34AMF",not_found,,,,2026-09-16T09:59:25+07:00
STVT-88252,"Máy chấm công, kiểm soát cửa nhận diện khuôn mặt HIKVISION DS-K1T344EBFWX-E1",not_found,,,,2026-09-16T09:59:25+07:00
STVT-86558,Nắp che bảo vệ HIKVISION DS-KAB673-S1,not_found,,,,2026-09-16T09:59:25+07:00
STVT-89147,Máy chấm công nhận diên khuôn mặt HIKVISION SH-K1T9670MFWX,not_found,,,,2026-09-16T09:59:25+07:00
STVT-86937,"Máy chấm công, kiểm soát ra vào bằng vân tay HIKVISION SH-K1T9804BMF",not_found,,,,2026-09-16T09:59:25+07:00
STVT-56886,Nắp che HIKVISION DS-KAB671-S,not_found,,,,2026-09-16T09:59:25+07:00
STVT-88250,"Máy chấm công, kiểm soát cửa nhận diện khuôn mặt HIKVISION DS-K1T344EX-E1",not_found,,,,2026-09-16T09:59:25+07:00
STVT-52065,"Máy chấm công vân tay, thẻ HIKVISION DS-K1A802AMF-B",not_found,,,,2026-09-16T09:59:25+07:00
STVT-88249,"Máy chấm công, kiểm soát cửa nhận diện khuôn mặt HIKVISION DS-K1T344MBWX-QRE1",not_found,,,,2026-09-16T09:59:25+07:00
STVT-88245,"Máy chấm công, kiểm soát cửa nhận diện khuôn mặt HIKVISION DS-K1T344MX-E1",not_found,,,,2026-09-16T09:59:25+07:00
STVT-86519,"Máy chấm công, kiểm soát ra vào nhận diện khuôn mặt HIKVISION DS-K1T670MX",not_found,,,,2026-09-16T09:59:25+07:00
STVT-58968,Máy chấm công vân tay HIKVISION DS-K1A802AF,not_found,,,,2026-09-16T09:59:25+07:00
STVT-86495,"Máy chấm công, kiểm soát ra vào nhận diện khuôn mặt HIKVISION DS-K1T321EFWX",not_found,,,,2026-09-16T09:59:25+07:00
STVT-86478,"Máy chấm công, kiểm soát ra vào mống mắt HIKVISION DS-K1T981MF",not_found,,,,2026-09-16T09:59:25+07:00
STVT-83124,"Máy chấm công, kiểm soát ra vào nhận diện khuôn mặt HIKVISION DS-K1T673DX",not_found,,,,2026-09-16T09:59:25+07:00
STVT-86559,Chân đế máy chấm công HIKVISION DS-KAB671-P2,not_found,,,,2026-09-16T09:59:25+07:00
STVT-86479,"Máy chấm công, kiểm soát ra vào mống mắt HIKVISION DS-K1T981M",not_found,,,,2026-09-16T09:59:25+07:00
STVT-66778,"Máy chấm công, kiểm soát ra vào nhận diện khuôn mặt và vân tay HIKVISION DS-K1T342MFX",not_found,,,,2026-09-16T09:59:25+07:00
STVT-86482,"Máy chấm công, kiểm soát ra vào nhận diện khuôn mặt HIKVISION DS-K1T320EX",not_found,,,,2026-09-16T09:59:25+07:00
STVT-86568,"Bộ thiết bị chấm công, kiểm soát ra vào bằng khuôn mặt HIKVISION DS-KAS541",not_found,,,,2026-09-16T09:59:25+07:00
STVT-35617,Máy chấm công vân tay HIKVISION DS-K1T804MF (SH-K2T804MF),not_found,,,,2026-09-16T09:59:25+07:00
STVT-86538,"Máy chấm công, kiểm soát ra vào nhận diện khuôn mặt và vân tay HIKVISION DS-K1T673TDWX",not_found,,,,2026-09-16T09:59:25+07:00
STVT-87891,Máy chấm công nhận diện khuôn mặt và vân tay HIKVISION SH-K1T9344MBFWX-E1,not_found,,,,2026-09-16T09:59:25+07:00
STVT-86500,"Máy chấm công, kiểm soát ra vào nhận diện khuôn mặt HIKVISION DS-K1T343EX",not_found,,,,2026-09-16T09:59:25+07:00
STVT-42594,"Máy chấm công, kiểm soát ra vào nhận diện khuôn mặt và vân tay HIKVISION DS-K1T341AM",not_found,,,,2026-09-16T09:59:25+07:00
STVT-89351,Máy chấm công nhận diện khuôn mặt và vây tay HIKVISION DS-K2T680MFWX-PRO,not_found,,,,2026-09-16T09:59:25+07:00
STVT-86497,"Máy chấm công, kiểm soát ra vào nhận diện khuôn mặt HIKVISION DS-K1T343MX",not_found,,,,2026-09-16T09:59:25+07:00
STVT-41338,"Máy chấm công, kiểm soát ra vào nhận diện khuôn mặt HIKVISION DS-K1T331",not_found,,,,2026-09-16T09:59:25+07:00
STVT-86579,"Máy chấm công, kiểm soát ra vào bằng vân tay HIKVISION DS-K1TS21AMF",not_found,,,,2026-09-16T09:59:25+07:00
STVT-88253,"Máy chấm công, kiểm soát cửa nhận diện khuôn mặt HIKVISION DS-K1T344EBWX-QRE1",not_found,,,,2026-09-16T09:59:25+07:00
STVT-86552,Module đọc vân tay + QRCode Bluetooth HIKVISION DS-KAB673-FBQR,not_found,,,,2026-09-16T09:59:25+07:00
STVT-72163,Máy chấm công nhận diện khuôn mặt HIKVISION DS-K1T342MWX,not_found,,,,2026-09-16T09:59:25+07:00
STVT-35593,Thiết bị kiểm soát ra vào HIKVISION DS-K1T801M (SH-K2T801M),not_found,,,,2026-09-16T09:59:25+07:00
STVT-52064,"Máy chấm công vân tay, thẻ HIKVISION DS-K1A802AMF",not_found,,,,2026-09-16T09:59:25+07:00
STVT-52081,"Máy chấm công, kiểm soát ra vào nhận diện khuôn mặt và vân tay HIKVISION DS-K1T642MFW",not_found,,,,2026-09-16T09:59:25+07:00
STVT-86587,"Máy chấm công, kiểm soát ra vào bằng thẻ HIKVISION DS-K1T502DBWX-C",not_found,,,,2026-09-16T09:59:25+07:00
STVT-71175,"Máy chấm công, kiểm soát ra vào nhận diện khuôn mặt và vân tay HIKVISION DS-K1A340FWX",not_found,,,,2026-09-16T09:59:25+07:00
STVT-86527,"Máy chấm công, kiểm soát ra vào nhận diện khuôn mặt HIKVISION DS-K1T670MWX-QR",not_found,,,,2026-09-16T09:59:25+07:00
STVT-86535,"Máy chấm công, kiểm soát ra vào nhận diện khuôn mặt và vân tay HIKVISION DS-K1T673TDX-T",not_found,,,,2026-09-16T09:59:25+07:00
STVT-88248,"Máy chấm công, kiểm soát cửa nhận diện khuôn mặt HIKVISION DS-K1T344MBWX-E1",not_found,,,,2026-09-16T09:59:25+07:00
STVT-72169,Máy chấm công nhận diện khuôn mặt và vân tay HIKVISION DS-K1T343EFWX,not_found,,,,2026-09-16T09:59:25+07:00
STVT-86577,"Máy chấm công, kiểm soát ra vào bằng vân tay HIKVISION SH-K1T9804AMF",not_found,,,,2026-09-16T09:59:25+07:00
STVT-88256,"Máy chấm công, kiểm soát cửa nhận diện khuôn mặt HIKVISION DS-K1T670MWX-WBQR",not_found,,,,2026-09-16T09:59:25+07:00
STVT-86526,"Máy chấm công, kiểm soát ra vào nhận diện khuôn mặt HIKVISION DS-K1T670MX-QR",not_found,,,,2026-09-16T09:59:25+07:00
STVT-86513,"Máy chấm công, kiểm soát ra vào nhận diện khuôn mặt HIKVISION DS-K1T342DWX-E1",not_found,,,,2026-09-16T09:59:25+07:00
STVT-86531,Module điều khiển từ xa không dây và nút gọi HIKVISION DS-KAB670-WB,not_found,,,,2026-09-16T09:59:25+07:00
STVT-88254,"Máy chấm công, kiểm soát cửa nhận diện khuôn mặt HIKVISION DS-K1T670MX-WB",not_found,,,,2026-09-16T09:59:25+07:00
STVT-52085,"Máy chấm công, kiểm soát ra vào nhận diện khuôn mặt và vân tay HIKVISION DS-K1T671TMFW",not_found,,,,2026-09-16T09:59:25+07:00
STVT-72164,Máy chấm công nhận diện khuôn mặt HIKVISION DS-K1T342MX,not_found,,,,2026-09-16T09:59:25+07:00
STVT-86505,"Máy chấm công, kiểm soát ra vào nhận diện khuôn mặt HIKVISION DS-K1T342DWX",not_found,,,,2026-09-16T09:59:25+07:00
STVT-62834,"Máy chấm công, kiểm soát ra vào đo thân nhiệt, nhận diện khuôn mặt HIKVISION DS-K1T341BMWI-T",not_found,,,,2026-09-16T09:59:25+07:00
STVT-86488,"Máy chấm công, kiểm soát ra vào nhận diện khuôn mặt HIKVISION DS-K1T321MWX",not_found,,,,2026-09-16T09:59:25+07:00
STVT-86481,"Máy chấm công, kiểm soát ra vào nhận diện khuôn mặt HIKVISION DS-K1T320MFWX-B",not_found,,,,2026-09-16T09:59:25+07:00
STVT-35580,Máy chấm công vân tay HIKVISION DS-K1T8003EF,not_found,,,,2026-09-16T09:59:25+07:00
STVT-86551,Module kết nối Bluetooth HIKVISION DS-KAB673-B,not_found,,,,2026-09-16T09:59:25+07:00
STVT-72166,Máy chấm công nhận diện khuôn mặt và vân tay HIKVISION DS-K1T342EFWX,not_found,,,,2026-09-16T09:59:25+07:00
STVT-53000,Máy chấm công vân tay HIKVISION DS-K1T201AEF,not_found,,,,2026-09-16T09:59:25+07:00
STVT-86507,"Máy chấm công, kiểm soát ra vào nhận diện khuôn mặt HIKVISION DS-K1T342MWX-E1",not_found,,,,2026-09-16T09:59:25+07:00
STVT-53008,"Máy chấm công vân tay, thẻ HIKVISION DS-K1A8503EF",not_found,,,,2026-09-16T09:59:25+07:00
STVT-53012,"Máy chấm công vân tay, thẻ HIKVISION DS-K1A8503EF-B",not_found,,,,2026-09-16T09:59:25+07:00
STVT-86480,"Máy chấm công, kiểm soát ra vào nhận diện khuôn mặt HIKVISION DS-K1T320MWX",not_found,,,,2026-09-16T09:59:25+07:00
STVT-86583,"Máy chấm công, kiểm soát ra vào bằng vân tay HIKVISION DS-K1T502DBFWX",not_found,,,,2026-09-16T09:59:25+07:00
STVT-72167,Máy chấm công nhận diện khuôn mặt HIKVISION DS-K1T342EWX,not_found,,,,2026-09-16T09:59:25+07:00
STVT-86566,Giá đỡ pin HIKVISION DS-KAB321-B2,not_found,,,,2026-09-16T09:59:25+07:00
STVT-86487,"Máy chấm công, kiểm soát ra vào nhận diện khuôn mặt HIKVISION DS-K1T321MX",not_found,,,,2026-09-16T09:59:25+07:00
STVT-72168,Máy chấm công nhận diện khuôn mặt HIKVISION DS-K1T342EX,not_found,,,,2026-09-16T09:59:25+07:00
STVT-53078,"Máy chấm công vân tay, thẻ HIKVISION DS-K1A802AEF-B",not_found,,,,2026-09-16T09:59:25+07:00
STVT-86490,"Máy chấm công, kiểm soát ra vào nhận diện khuôn mặt HIKVISION DS-K1T321MFWX-B",not_found,,,,2026-09-16T09:59:25+07:00
STVT-86504,"Máy chấm công, kiểm soát ra vào nhận diện khuôn mặt HIKVISION DS-K1T343EFWX-B",not_found,,,,2026-09-16T09:59:25+07:00
STVT-72165,Máy chấm công nhận diện khuôn mặt HIKVISION DS-K1T342DX,not_found,,,,2026-09-16T09:59:25+07:00
STVT-86565,Giá đỡ pin HIKVISION DS-KAB321-B1,not_found,,,,2026-09-16T09:59:25+07:00
STVT-86489,"Máy chấm công, kiểm soát ra vào nhận diện khuôn mặt HIKVISION DS-K1T321MFX",not_found,,,,2026-09-16T09:59:25+07:00
STVT-88272,"Máy chấm công, kiểm soát cửa nhận diện khuôn mặt HIKVISION DS-K1T673DBWFX",not_found,,,,2026-09-16T09:59:25+07:00
STVT-86563,Giá đỡ pin HIKVISION DS-KAB320-B1,not_found,,,,2026-09-16T09:59:25+07:00
STVT-86540,"Máy chấm công, kiểm soát ra vào nhận diện khuôn mặt HIKVISION DS-K1T680DG1",not_found,,,,2026-09-16T09:59:25+07:00
STVT-86170,Bộ nguồn phụ Horing AH-03129,not_found,,,,2026-09-16T09:59:25+07:00
STVT-14954,Tủ điều khiển báo cháy trung tâm 10 kênh HORING AH-00212-10L,not_found,,,,2026-09-16T09:59:25+07:00
STVT-14952,Tủ điều khiển báo cháy trung tâm 5 kênh HORING AH-00212-5L,not_found,,,,2026-09-16T09:59:25+07:00
STVT-13870,Còi báo động HORING AH-03127-S,not_found,,,,2026-09-16T09:59:25+07:00
STVT-13868,Nút nhấn khẩn tròn lắp chìm HORING AH-9717,not_found,,,,2026-09-16T09:59:25+07:00
STVT-13861,Đầu dò báo khói quang học HORING AH-0311-2,not_found,,,,2026-09-16T09:59:25+07:00
STVT-13871,Còi đèn báo động HORING AH-03127-BS,not_found,,,,2026-09-16T09:59:25+07:00
STVT-14953,Tủ điều khiển báo cháy trung tâm 8 kênh HORING AH-00212-8L,not_found,,,,2026-09-16T09:59:25+07:00
STVT-13873,Đèn báo cháy HORING AH-9719,not_found,,,,2026-09-16T09:59:25+07:00
STVT-43961,Trung tâm báo cháy 6 kênh HORING AH-02212-6L,not_found,,,,2026-09-16T09:59:25+07:00
STVT-36382,Chuông báo cháy 6inch 24VDC HORING NQ-618,not_found,,,,2026-09-16T09:59:25+07:00
STVT-13876,Đầu dò khói pin báo tại chỗ HORING QA-31,not_found,,,,2026-09-16T09:59:25+07:00
STVT-89550,Đầu báo khói quang 2 dây HORING AH8011-2,not_found,,,,2026-09-16T09:59:25+07:00
STVT-36380,Chuông báo cháy 4inch 24V HORING NQ-418,not_found,,,,2026-09-16T09:59:25+07:00
STVT-14951,Tủ điều khiển báo cháy trung tâm 4 kênh HORING AH-00212-4L,not_found,,,,2026-09-16T09:59:25+07:00
STVT-45404,Chuông báo cháy 4inch 24VDC HORING AH-9718,not_found,,,,2026-09-16T09:59:25+07:00
STVT-36360,Tủ điều khiển báo cháy trung tâm 6 kênh HORING AH-00212,not_found,,,,2026-09-16T09:59:25+07:00
STVT-13867,Đầu dò nhiệt cố định HORING AH-9920,not_found,,,,2026-09-16T09:59:25+07:00
STVT-15423,Tủ điều khiển báo cháy trung tâm 32 vùng HORING AH-03312-32L,not_found,,,,2026-09-16T09:59:25+07:00
STVT-36353,Đầu dò khí CO HORING NDKB1,not_found,,,,2026-09-16T09:59:25+07:00
STVT-13872,Chuông báo cháy 4-inch 12VDC HORING NQ-418,not_found,,,,2026-09-16T09:59:25+07:00
STVT-36374,Còi đèn báo cháy địa chỉ HORING TBR9-BSR,not_found,,,,2026-09-16T09:59:25+07:00
STVT-36367,Trung tâm báo cháy điều khiển xả khí 3 vùng HORING QSP-120,not_found,,,,2026-09-16T09:59:25+07:00
STVT-36376,Trung tâm báo cháy địa chỉ 3 loop 750 địa chỉ HORING QA-16,not_found,,,,2026-09-16T09:59:25+07:00
STVT-36378,Bộ hiển thị phụ địa chỉ HORING QA-24,not_found,,,,2026-09-16T09:59:25+07:00
STVT-13864,Đầu dò lửa HORING AH-0014,not_found,,,,2026-09-16T09:59:25+07:00
STVT-36372,Còi báo cháy địa chỉ HORING TBR9-S,not_found,,,,2026-09-16T09:59:25+07:00
STVT-92022,Đèn báo cháy HORING AH-9719S,not_found,,,,2026-09-16T09:59:25+07:00
STVT-15424,Tủ điều khiển báo cháy trung tâm 8 vùng HORING AH-03312-8L,not_found,,,,2026-09-16T09:59:25+07:00
STVT-36366,Trung tâm báo cháy điều khiển xả khí 2 vùng HORING QSP-120,not_found,,,,2026-09-16T09:59:25+07:00
STVT-36369,Trung tâm báo cháy điều khiển xả khí 5 vùng HORING QSP-120,not_found,,,,2026-09-16T09:59:25+07:00
STVT-36362,Điều khiển xả khí bằng tay HORING QSP-32,not_found,,,,2026-09-16T09:59:25+07:00
STVT-36368,Trung tâm báo cháy điều khiển xả khí 4 vùng HORING QSP-120,not_found,,,,2026-09-16T09:59:25+07:00
STVT-13884,Nút ấn khẩn vuông HORING AH-0217,not_found,,,,2026-09-16T09:59:25+07:00
STVT-36355,Đầu dò khói HORING NQ-9S,not_found,,,,2026-09-16T09:59:25+07:00
STVT-13866,Đầu dò nhiệt gia tăng HORING AH-0633,not_found,,,,2026-09-16T09:59:25+07:00
STVT-36364,Trung tâm báo cháy điều khiển xả khí 1 vùng HORING QSP-120,not_found,,,,2026-09-16T09:59:25+07:00
STVT-43817,Trung tâm báo cháy địa chỉ 2 loop HOCHIKI FN-2127,not_found,,,,2026-09-16T09:59:25+07:00
STVT-13373,Tủ điều khiển báo cháy trung tâm HOCHIKI HCV-8,not_found,,,,2026-09-16T09:59:25+07:00
STVT-13372,Tủ điều khiển báo cháy trung tâm HOCHIKI HCV-4,not_found,,,,2026-09-16T09:59:25+07:00
STVT-13534,Đế đầu báo cháy HOCHIKI YBN-R/4IS,not_found,,,,2026-09-16T09:59:25+07:00
STVT-13557,Chuông báo cháy HOCHIKI FBB-150I,not_found,,,,2026-09-16T09:59:25+07:00
STVT-43813,Module điều khiển ngõ ra HOCHIKI DCP-SOM-A,not_found,,,,2026-09-16T09:59:25+07:00
STVT-13381,Trung tâm điều khiển xả khí HOCHIKI HCVR-3-R,not_found,,,,2026-09-16T09:59:25+07:00
STVT-43815,Trung tâm báo cháy địa chỉ HOCHIKI FNP-1127-R,not_found,,,,2026-09-16T09:59:25+07:00
STVT-43795,Module giám sát ngõ vào HOCHIKI DCP-CZM,not_found,,,,2026-09-16T09:59:25+07:00
STVT-43814,Module cách ly HOCHIKI DCP-SCI,not_found,,,,2026-09-16T09:59:25+07:00
STVT-13545,Nút nhấn khẩn HOCHIKI HPS-SAH,not_found,,,,2026-09-16T09:59:25+07:00
STVT-13520,Đầu báo khói BEAM HOCHIKI SPC-24,not_found,,,,2026-09-16T09:59:25+07:00
STVT-43821,Trung tâm báo cháy địa chỉ 6 loop HOCHIKI FN-6127,not_found,,,,2026-09-16T09:59:25+07:00
STVT-38781,Đầu báo khói quang kèm đế HOCHIKI SOC-24VN,not_found,,,,2026-09-16T09:59:25+07:00
STVT-70975,Trung tâm báo cháy địa chỉ 4 loop HOCHIKI Latitude LA302H2-10,not_found,,,,2026-09-16T09:59:25+07:00
STVT-43742,Đầu báo khói quang địa chỉ HOCHIKI ALN-V (USA),not_found,,,,2026-09-16T09:59:25+07:00
STVT-13551,Nút nhấn khẩn HOCHIKI CCP-E,not_found,,,,2026-09-16T09:59:25+07:00
STVT-13555,Còi đèn chớp báo cháy HOCHIKI HEC3-24WR,not_found,,,,2026-09-16T09:59:25+07:00
STVT-13550,Nút nhấn khẩn cấp HOCHIKI HPS-CP,not_found,,,,2026-09-16T09:59:25+07:00
STVT-13379,Tủ điều khiển báo cháy và xả khí trung tâm HOCHIKI HCA-8,not_found,,,,2026-09-16T09:59:25+07:00
STVT-43635,Đèn chỉ thị khu vực HOCHIKI TL-14D,not_found,,,,2026-09-16T09:59:25+07:00
STVT-70988,Đế đầu báo địa chỉ HOCHIKI YBN-NSA-4,not_found,,,,2026-09-16T09:59:25+07:00
STVT-43822,Trung tâm báo cháy địa chỉ 8 loop HOCHIKI FN-8127,not_found,,,,2026-09-16T09:59:25+07:00
STVT-43812,Module điều khiển 2 ngõ ra Rơ-le HOCHIKI DCP-R2ML,not_found,,,,2026-09-16T09:59:25+07:00
STVT-13382,Nút kích hoạt xả khí bằng tay HOCHIKI HPS-DAK-SR,not_found,,,,2026-09-16T09:59:25+07:00
STVT-43819,Trung tâm báo cháy địa chỉ 4 loop HOCHIKI FN-4127,not_found,,,,2026-09-16T09:59:25+07:00
STVT-13516,Bộ hiển thị phụ báo cháy trung tâm HOCHIKI HRA-1000 (32),not_found,,,,2026-09-16T09:59:25+07:00
STVT-43761,Nút kéo khẩn cấp HOCHIKI DCP-AMS,not_found,,,,2026-09-16T09:59:25+07:00
STVT-13556,Đèn chớp báo cháy HOCHIKI HES3-24WR,not_found,,,,2026-09-16T09:59:25+07:00
STVT-13536,Thiết bị cách ly HOCHIKI MTL 5561,not_found,,,,2026-09-16T09:59:25+07:00
STVT-43625,Đầu dò gas HOCHIKI KP-35D,not_found,,,,2026-09-16T09:59:25+07:00
STVT-13548,Nút nhấn khẩn chống nước HOCHIKI HPS-SAH-WP,not_found,,,,2026-09-16T09:59:25+07:00
STVT-43737,Đèn chỉ thị chống nổ HOCHIKI TPLD-R,not_found,,,,2026-09-16T09:59:25+07:00
STVT-70976,Trung tâm báo cháy địa chỉ 2 loop HOCHIKI Latitude LA302H1-10,not_found,,,,2026-09-16T09:59:25+07:00
STVT-43780,Hiển thị phụ HOCHIKI FN-LCD-S-R,not_found,,,,2026-09-16T09:59:25+07:00
STVT-43689,Board mở rộng 8 zone cho tủ trung tâm HOCHIKI HDM-1008,not_found,,,,2026-09-16T09:59:25+07:00
STVT-43652,Nút nhấn khẩn HOCHIKI PPE-2 (JE),not_found,,,,2026-09-16T09:59:25+07:00
STVT-43644,Nút nhấn khẩn HOCHIKI PPE-1 (JE),not_found,,,,2026-09-16T09:59:25+07:00
STVT-13517,Bộ hiển thị phụ báo cháy trung tâm HOCHIKI HRA-1000 (64),not_found,,,,2026-09-16T09:59:25+07:00
STVT-13529,Đầu báo khói nhiệt và quang HOCHIKI SLR-24H,not_found,,,,2026-09-16T09:59:25+07:00
STVT-43638,Đèn chỉ thị khu vực chịu nước HOCHIKI TL-14DW,not_found,,,,2026-09-16T09:59:25+07:00
STVT-43794,Module giám sát 2 ngõ vào HOCHIKI DCP-DIMM,not_found,,,,2026-09-16T09:59:25+07:00
STVT-43735,Chuông báo cháy chống nổ HOCHIKI EMB-6,not_found,,,,2026-09-16T09:59:25+07:00
STVT-43792,Bo mạch 16 ngõ vào/ra HOCHIKI FN-4127-IO,not_found,,,,2026-09-16T09:59:25+07:00
STVT-13560,Nút hủy xả khí bằng tay HOCHIKI HCVR-AS-R,not_found,,,,2026-09-16T09:59:25+07:00
STVT-43789,Card nối mạng cho tủ FireNet và Fire Plus HOCHIKI FN-4127-NIC,not_found,,,,2026-09-16T09:59:25+07:00
STVT-13376,Bộ hiển thị phụ báo cháy trung tâm HOCHIKI HCV8-RA,not_found,,,,2026-09-16T09:59:25+07:00
STVT-43690,Board 8 ngõ ra Relay cho tủ trung tâm HOCHIKI HRM-1008,not_found,,,,2026-09-16T09:59:25+07:00
STVT-43632,Còi đèn chớp báo cháy HOCHIKI WHEC24-75WR,not_found,,,,2026-09-16T09:59:25+07:00
STVT-43641,Chuông báo cháy HOCHIKI FBB-150K,not_found,,,,2026-09-16T09:59:25+07:00
STVT-43745,Đầu báo khói quang địa chỉ HOCHIKI ALN-V (China),not_found,,,,2026-09-16T09:59:25+07:00
STVT-43612,Đầu báo nhiệt cố định/gia tăng HOCHIKI DCD-190,not_found,,,,2026-09-16T09:59:25+07:00
STVT-62471,Trung tâm địa chỉ 2 Loop 254 địa chỉ HOCHIKI LATITUDE LA302H1-10,not_found,,,,2026-09-16T09:59:25+07:00
STVT-13533,Đầu báo nhiệt gia tăng HOCHIKI DCD-1E-IS,not_found,,,,2026-09-16T09:59:25+07:00
STVT-43611,Đầu báo nhiệt cố định/gia tăng HOCHIKI DCD-135,not_found,,,,2026-09-16T09:59:25+07:00
STVT-13375,Bộ hiển thị phụ báo cháy trung tâm HOCHIKI HCV4-RA,not_found,,,,2026-09-16T09:59:25+07:00
STVT-13535,Nút nhấn khẩn HOCHIKI CCP-E-IS,not_found,,,,2026-09-16T09:59:25+07:00
STVT-70967,Trung tâm báo cháy địa chỉ 16 loop HOCHIKI Latitude LA903H8-10,not_found,,,,2026-09-16T09:59:25+07:00
STVT-43816,Trung tâm báo cháy địa chỉ HOCHIKI FNP-1127-E,not_found,,,,2026-09-16T09:59:25+07:00
STVT-70987,Hiển thị phụ HOCHIKI Latitude LFC00NC-10,not_found,,,,2026-09-16T09:59:25+07:00
STVT-13528,Đầu báo nhiệt cố định HOCHIKI DFE-190,not_found,,,,2026-09-16T09:59:25+07:00
STVT-13527,Đầu báo nhiệt cố định HOCHIKI DFE-135,not_found,,,,2026-09-16T09:59:25+07:00
STVT-43784,Card mở rộng HOCHIKI FN-4127-SLC,not_found,,,,2026-09-16T09:59:25+07:00
STVT-70974,Trung tâm báo cháy địa chỉ 6 loop HOCHIKI Latitude LA303H3-10,not_found,,,,2026-09-16T09:59:25+07:00
STVT-13532,Đầu báo khói cho môi trường nguy hiểm HOCHIKI SLR-E-IS,not_found,,,,2026-09-16T09:59:25+07:00
STVT-70963,"Đầu báo khói, nhiệt, CO địa chỉ HOCHIKI ACD-V",not_found,,,,2026-09-16T09:59:25+07:00
STVT-43717,Đầu báo nhiệt cố định 100°C HOCHIKI FFH-2E100,not_found,,,,2026-09-16T09:59:25+07:00
STVT-13380,Bộ hiển thị phụ báo cháy trung tâm HOCHIKI HCA-RA,not_found,,,,2026-09-16T09:59:25+07:00
STVT-43733,Nút nhấn khẩn cấp HOCHIKI CCP-W-IS,not_found,,,,2026-09-16T09:59:25+07:00
STVT-70977,Thiết bị kết nối với hệ thống BMS HOCHIKI FS-QS-1220-0731,not_found,,,,2026-09-16T09:59:25+07:00
STVT-70985,Bo mở rộng 2 loop cho tủ HOCHIKI Latitude S758-HA,not_found,,,,2026-09-16T09:59:25+07:00
STVT-43709,Hiển thị phụ 10 kênh HOCHIKI PEX-10H,not_found,,,,2026-09-16T09:59:25+07:00
STVT-70981,Module điều khiển HOCHIKI Latitude S788-HA,not_found,,,,2026-09-16T09:59:25+07:00
STVT-70973,Trung tâm báo cháy địa chỉ 8 loop HOCHIKI Latitude LA303H4-10,not_found,,,,2026-09-16T09:59:25+07:00
STVT-70970,Trung tâm báo cháy địa chỉ 12 loop HOCHIKI Latitude LA903H6-10,not_found,,,,2026-09-16T09:59:25+07:00
STVT-43640,Chuông báo cháy chịu nước HOCHIKI FBB-150JW,not_found,,,,2026-09-16T09:59:25+07:00
STVT-70971,Trung tâm báo cháy địa chỉ 10 loop HOCHIKI Latitude LA903H5-10,not_found,,,,2026-09-16T09:59:25+07:00
STVT-13537,Thiết bị cách ly HOCHIKI MTL 7787+,not_found,,,,2026-09-16T09:59:25+07:00
STVT-43765,Nút kéo khẩn cấp HOCHIKI DCP-AMS-LP,not_found,,,,2026-09-16T09:59:25+07:00
STVT-70964,Bộ quản lý hệ thống báo cháy từ xa HOCHIKI Vizulinx,not_found,,,,2026-09-16T09:59:25+07:00
STVT-70965,Phần mềm đồ họa báo cháy HOCHIKI Latitule Graphix,not_found,,,,2026-09-16T09:59:25+07:00
STVT-44773,Nút nhấn khẩn HOCHIKI RP-RS1 01,not_found,,,,2026-09-16T09:59:25+07:00
STVT-43712,Hiển thị phụ 30 kênh HOCHIKI PEX-30H,not_found,,,,2026-09-16T09:59:25+07:00
STVT-70979,Bo nối mạng cho tủ HOCHIKI Latitude S723-HA,not_found,,,,2026-09-16T09:59:25+07:00
STVT-70984,Bo mạch 16 ngõ vào/ra cho tủ HOCHIKI Latitude S560-HA,not_found,,,,2026-09-16T09:59:25+07:00
STVT-70980,Module 8 ngõ relay cho tủ HOCHIKI Latitude S791-HA,not_found,,,,2026-09-16T09:59:25+07:00
STVT-43708,Hiển thị phụ 5 kênh HOCHIKI PEX-05H,not_found,,,,2026-09-16T09:59:25+07:00
STVT-43713,Hiển thị phụ 40 kênh HOCHIKI PEX-40H,not_found,,,,2026-09-16T09:59:25+07:00
STVT-70968,Trung tâm báo cháy địa chỉ 14 loop HOCHIKI Latitude LA903H7-10,not_found,,,,2026-09-16T09:59:25+07:00
STVT-43634,Đèn chớp báo cháy HOCHIKI WHES24-75WR,not_found,,,,2026-09-16T09:59:25+07:00
STVT-739,Bộ báo cháy-Báo trộm trung tâm NetworX NX-8,not_found,,,,2026-09-16T09:59:25+07:00
STVT-737,Bộ báo cháy-Báo trộm trung tâm NetworX NX-4,not_found,,,,2026-09-16T09:59:25+07:00
STVT-738,Bộ báo cháy-Báo trộm trung tâm NetworX NX-6,not_found,,,,2026-09-16T09:59:25+07:00
STVT-51291,Cảm biến từ có dây NetworX NX-21CS (Nhỏ),not_found,,,,2026-09-16T09:59:25+07:00
STVT-51292,Cảm biến từ có dây NetworX NX-21CS (Lớn),not_found,,,,2026-09-16T09:59:25+07:00
STVT-51285,Cảm biến từ có dây NetworX NX-21CGT,not_found,,,,2026-09-16T09:59:25+07:00
STVT-15242,Bộ thu phát không dây 48 zone Networx GE Security NX-548E,not_found,,,,2026-09-16T09:59:25+07:00
STVT-24953,Bộ báo động đa mạng PICOTECH PCA-959GSM-4G/2024,not_found,,,,2026-09-16T09:59:25+07:00
STVT-24950,Báo trộm hồng ngoại độc lập PICOTECH PC-800A,not_found,,,,2026-09-16T09:59:25+07:00
STVT-36525,Đầu Photo Beam 2 tia PICOTECH PCA-ABT100-3LED,not_found,,,,2026-09-16T09:59:25+07:00
STVT-66546,Báo động mạng LAN 96 vùng không dây PICOTECH PCA-959LAN,not_found,,,,2026-09-16T09:59:25+07:00
STVT-73191,Báo động đa mạng 96 vùng không dây PICOTECH PCA-959LAN+4G,not_found,,,,2026-09-16T09:59:25+07:00
STVT-24961,Đầu dò báo khói quang 4 dây PICOTECH PCA-0311-4,not_found,,,,2026-09-16T09:59:25+07:00
STVT-89105,Bộ báo cháy không dây và có dây sử dụng SIM 4G PICOTECH PCA-959GSM-4G,not_found,,,,2026-09-16T09:59:25+07:00
STVT-73192,Báo động thông minh mạng di động 4G 32 vùng PICOTECH PCA-8000GSM-4G,not_found,,,,2026-09-16T09:59:25+07:00
STVT-74828,Báo trộm không dây PICOTECH PCA-7000WIFI-4G,not_found,,,,2026-09-16T09:59:25+07:00
STVT-72407,Module mở rộng mạng GSM/4G LTE cho tủ báo động PICOTECH,not_found,,,,2026-09-16T09:59:25+07:00
STVT-24959,Công tắc từ không dây PICOTECH PC-21AW,not_found,,,,2026-09-16T09:59:25+07:00
STVT-24960,Đầu dò báo khói quang 2 dây PICOTECH PCA-0311-2,not_found,,,,2026-09-16T09:59:25+07:00
STVT-87656,Báo trộm thông minh GSM 32 vùng + 4 vùng có dây PICOTECH PCA-8300GSM-4G,not_found,,,,2026-09-16T09:59:25+07:00
STVT-24957,Module 8 ngõ ra relay PICOTECH PCA-301RM,not_found,,,,2026-09-16T09:59:25+07:00
STVT-73193,Báo động mạng PSTN 32 vùng PICOTECH PCA-959PSTN 2023,not_found,,,,2026-09-16T09:59:25+07:00
STVT-39503,Pin sạc dự phòng 7.4V - 900mAh PICOTECH,not_found,,,,2026-09-16T09:59:25+07:00
STVT-52871,Đầu báo khói quang không dây PICOTECH PCA-SS169,not_found,,,,2026-09-16T09:59:25+07:00
STVT-24958,Đầu dò hồng ngoại không dây PICOTECH PCA-320WP,not_found,,,,2026-09-16T09:59:25+07:00
STVT-72411,Bộ lặp tín hiệu không dây PICOTECH PCA-34A,not_found,,,,2026-09-16T09:59:25+07:00
STVT-84151,Đầu dò hồng ngoại không dây PICOTECH PCA-321,not_found,,,,2026-09-16T09:59:25+07:00
STVT-72409,Module LAN Picotech,not_found,,,,2026-09-16T09:59:25+07:00
STVT-90566,Đầu photo beam 4 tia PICOTECH PCA-ABE 250,not_found,,,,2026-09-16T09:59:25+07:00
STVT-49740,Còi báo động không dây kèm đèn chớp PICOTECH PCA-6108W,not_found,,,,2026-09-16T09:59:25+07:00
STVT-63801,Bàn phím lập trình có dây PICOTECH PCA-305D,not_found,,,,2026-09-16T09:59:25+07:00
STVT-66548,Bộ báo trộm đa mạng GSM/GPRS/LAN 64 vùng PICOTECH PCA-959P,not_found,,,,2026-09-16T09:59:25+07:00
STVT-85830,Đầu dò chuyển động Three-Tech có dây PICOTECH PCA-40T,not_found,,,,2026-09-16T09:59:25+07:00
STVT-85239,Remote điều khiển không dây PICOTECH PCA-12B,not_found,,,,2026-09-16T09:59:25+07:00
STVT-85831,Đầu báo Gas không dây PICOTECH PCA-630,not_found,,,,2026-09-16T09:59:25+07:00
STVT-80597,Đèn chớp xoay báo động có dây PICOTECH PCA-SD304,not_found,,,,2026-09-16T09:59:25+07:00
STVT-85242,Pin dùng cho báo khói không dây PICOTECH,not_found,,,,2026-09-16T09:59:25+07:00
STVT-35187,Bàn phím lập trình có dây PICOTECH PCA-305A,not_found,,,,2026-09-16T09:59:25+07:00
STVT-48521,Đầu photo beam 4 tia không dây PICOTECH PCA-410ABS,not_found,,,,2026-09-16T09:59:25+07:00
STVT-34282,Đầu báo ngập nước không dây PICOTECH PCA-31W,not_found,,,,2026-09-16T09:59:25+07:00
STVT-34285,Đầu Photo beam 2 tia không dây PICOTECH PCA-610ABS-60,not_found,,,,2026-09-16T09:59:25+07:00
STVT-24954,Module mở rộng 8 vùng PICOTECH PCA-302EM,not_found,,,,2026-09-16T09:59:25+07:00
STVT-62010,Đầu photo beam 4 tia PICOTECH PCA-250ABH-5,not_found,,,,2026-09-16T09:59:25+07:00
STVT-45194,Remote điều khiển không dây PICOTECH PCA-13B,not_found,,,,2026-09-16T09:59:25+07:00
STVT-25834,Đầu photo beam 3 tia PICOTECH PCA-200ABE-7,not_found,,,,2026-09-16T09:59:25+07:00
STVT-30236,Báo rung không dây PICOTECH PC-971W,not_found,,,,2026-09-16T09:59:25+07:00
STVT-25836,Đầu photo beam 3 tia PICOTECH PCA-200ABE-D,not_found,,,,2026-09-16T09:59:25+07:00
STVT-36527,Đầu Photo Beam 2 tia PICOTECH PCA-ABT100-7LED,not_found,,,,2026-09-16T09:59:25+07:00
STVT-25837,Đầu photo beam 4 tia PICOTECH PCA-150ABH-10,not_found,,,,2026-09-16T09:59:25+07:00
STVT-48526,Đầu photo beam 4 tia PICOTECH PCA-200ABH-10,not_found,,,,2026-09-16T09:59:25+07:00
STVT-25838,Đầu photo beam 4 tia PICOTECH PCA-200ABH-3,not_found,,,,2026-09-16T09:59:25+07:00
STVT-35186,Bàn phím truy cập không dây PICOTECH PCA-305B,not_found,,,,2026-09-16T09:59:25+07:00
STVT-25835,Đầu photo beam 3 tia PICOTECH PCA-200ABE-10,not_found,,,,2026-09-16T09:59:25+07:00
STVT-34381,Đầu đọc vân tay ZKTeco ZK9500,not_found,,,,2026-09-16T09:59:25+07:00
STVT-34373,Nút nhấn khẩn ZKTeco ZKABK900A-G,not_found,,,,2026-09-16T09:59:25+07:00
STVT-32644,Đầu đọc vân tay ZKTeco ZK4500,not_found,,,,2026-09-16T09:59:25+07:00
STVT-53983,Nút Exit ZKTeco EX-802,not_found,,,,2026-09-16T09:59:25+07:00
STVT-34378,Đầu đọc thẻ cảm ứng Mifare ZKTeco CR20M,not_found,,,,2026-09-16T09:59:25+07:00
STVT-53817,Bộ điều khiển trung tâm 4 cửa ZKTeco C3-400,not_found,,,,2026-09-16T09:59:25+07:00
STVT-68510,Đầu đọc thẻ và vân tay ZKTeco ZK8500R[ID],not_found,,,,2026-09-16T09:59:25+07:00
STVT-34369,Nút Exit cảm ứng ZKTeco TLEB101 (có logo),not_found,,,,2026-09-16T09:59:25+07:00
STVT-37499,Đầu đọc thẻ ZKTeco ProID40WM/ ProID40BM,not_found,,,,2026-09-16T09:59:25+07:00
STVT-67956,Đầu đọc ZKTeco UHF 10 Pro,not_found,,,,2026-09-16T09:59:25+07:00
STVT-37444,Bộ điều khiển trung tâm 2 cửa ZKTeco InBio-260,not_found,,,,2026-09-16T09:59:25+07:00
STVT-53816,Bộ điều khiển trung tâm 2 cửa ZKTeco C3-200,not_found,,,,2026-09-16T09:59:25+07:00
STVT-68295,Nút nhấn EXIT ZKTeco EX-801B,not_found,,,,2026-09-16T09:59:25+07:00
STVT-37788,Bảng điều khiển phân tầng thang máy ZKTeco EC10,not_found,,,,2026-09-16T09:59:25+07:00
STVT-67780,Bộ điều khiển trung tâm 1 cửa ZKTeco C3-100,not_found,,,,2026-09-16T09:59:25+07:00
STVT-53911,Đầu đọc đăng ký vân tay ZKTeco SLK20R,not_found,,,,2026-09-16T09:59:25+07:00
STVT-53906,Đầu đọc vân tay ZKTeco FR1200,not_found,,,,2026-09-16T09:59:25+07:00
STVT-37494,Đầu đọc thẻ ZKTeco ProID40WE/ ProID40BE,not_found,,,,2026-09-16T09:59:25+07:00
STVT-34370,Nút Exit cảm ứng ZKTeco TLEB102 (có logo),not_found,,,,2026-09-16T09:59:25+07:00
STVT-37497,Đầu đọc thẻ ZKTeco ProID20WM/ ProID20BM,not_found,,,,2026-09-16T09:59:25+07:00
STVT-68507,Đầu đọc thẻ ZKTeco CR10M,not_found,,,,2026-09-16T09:59:25+07:00
STVT-68292,Nút nhấn EXIT ZKTeco EX-800BC,not_found,,,,2026-09-16T09:59:25+07:00
STVT-34376,Đầu đọc thẻ cảm ứng ID ZKTeco CR20E,not_found,,,,2026-09-16T09:59:25+07:00
STVT-85843,Thiết bị kiểm soát ra vào ZKTeco MK-V1,not_found,,,,2026-09-16T09:59:25+07:00
STVT-68503,Đầu đọc thẻ ZKTeco CR10E,not_found,,,,2026-09-16T09:59:25+07:00
STVT-67785,Wiegand Converter ZKTeco WR485,not_found,,,,2026-09-16T09:59:25+07:00
STVT-68332,Nút Exit cảm ứng không chạm ZKTeco TLEB102-R,not_found,,,,2026-09-16T09:59:25+07:00
STVT-37445,Bộ điều khiển trung tâm 4 cửa ZKTeco InBio-460,not_found,,,,2026-09-16T09:59:25+07:00
STVT-68430,Đầu đọc thẻ và mã QR ZKTeco QR50BM,not_found,,,,2026-09-16T09:59:25+07:00
STVT-37790,Bảng mở rộng phân tầng thang máy ZKTeco EX16,not_found,,,,2026-09-16T09:59:25+07:00
STVT-67955,Đầu đọc ZKTeco UHF 5 Pro,not_found,,,,2026-09-16T09:59:25+07:00
STVT-62458,Nút Exit ZKTeco EX-806B,not_found,,,,2026-09-16T09:59:25+07:00
STVT-34382,Đầu đọc thẻ và vân tay ZKTeco ZK8500R[MF],not_found,,,,2026-09-16T09:59:25+07:00
STVT-37676,Bộ điều khiển trung tâm kiểm 2 cửa ZKTeco inBio-260 Pro,not_found,,,,2026-09-16T09:59:25+07:00
STVT-37789,Hộp bảo vệ bảng điều khiển ZKTeco EC10 Package B,not_found,,,,2026-09-16T09:59:25+07:00
STVT-37443,Bộ điều khiển trung tâm 1 cửa ZKTeco InBio-160,not_found,,,,2026-09-16T09:59:25+07:00
STVT-68331,Nút Exit cảm ứng không chạm ZKTeco TLEB101-R,not_found,,,,2026-09-16T09:59:25+07:00
STVT-34366,Nút Exit ZKTeco EB3,not_found,,,,2026-09-16T09:59:25+07:00
STVT-37489,Đầu đọc thẻ ZKTeco ProID10WE/ ProID10BE,not_found,,,,2026-09-16T09:59:25+07:00
STVT-37678,Bộ điều khiển trung tâm 4 cửa ZKTeco inBio-460 Pro,not_found,,,,2026-09-16T09:59:25+07:00
STVT-68429,Đầu đọc thẻ và mã QR ZKTeco QR50BE,not_found,,,,2026-09-16T09:59:25+07:00
STVT-81753,Đầu đọc thẻ ZKTeco ProID20 BEMD-RS,not_found,,,,2026-09-16T09:59:25+07:00
STVT-68500,Đầu đọc thẻ ZKTeco CR20MW,not_found,,,,2026-09-16T09:59:25+07:00
STVT-68294,Nút nhấn EXIT ZKTeco EX-801A,not_found,,,,2026-09-16T09:59:25+07:00
STVT-37675,Bộ điều khiển trung tâm 1 cửa ZKTeco inBio-160 Pro,not_found,,,,2026-09-16T09:59:25+07:00
STVT-77657,Đầu đọc thẻ Proximity ZKTeco SA32E,not_found,,,,2026-09-16T09:59:25+07:00
STVT-85842,Thiết bị kiểm soát ra vào ZKTeco MK-V1 [FP],not_found,,,,2026-09-16T09:59:25+07:00
STVT-34374,Đầu đọc vân tay và thẻ cảm ứng ZKTeco FR1500S(ID),not_found,,,,2026-09-16T09:59:25+07:00
STVT-71092,Bộ điều khiển trung tâm ZKTeco C3-400 Package B,not_found,,,,2026-09-16T09:59:25+07:00
STVT-37683,Hộp bảo vệ bộ điều khiển 2 cửa ZKTeco inBio-260 Pro Box,not_found,,,,2026-09-16T09:59:25+07:00
STVT-67735,Thiết bị kiểm soát ra vào RFID ZKTeco MK-V (ID),not_found,,,,2026-09-16T09:59:25+07:00
STVT-53898,Đầu đọc thẻ Mifare ZKTeco ProID30WM-RS/ ProID30BM-RS,not_found,,,,2026-09-16T09:59:25+07:00
STVT-53984,Nút Exit ZKTeco EX-800B,not_found,,,,2026-09-16T09:59:25+07:00
STVT-68419,Đầu đọc thẻ và mã QR ZKTeco QR600-H-E,not_found,,,,2026-09-16T09:59:25+07:00
STVT-73914,Nút nhấn khẩn ZKTeco ZKABK900A-R,not_found,,,,2026-09-16T09:59:25+07:00
STVT-37498,Đầu đọc thẻ ZKTeco ProID30WM/ ProID30BM,not_found,,,,2026-09-16T09:59:25+07:00
STVT-68289,Nút nhấn EXIT ZKTeco K-08,not_found,,,,2026-09-16T09:59:25+07:00
STVT-37792,Hộp bảo vệ bảng mở rộng ZKTeco EX16 Package B,not_found,,,,2026-09-16T09:59:25+07:00
STVT-68470,Đầu đọc khuôn mặt ZKTeco KF1200,not_found,,,,2026-09-16T09:59:25+07:00
STVT-71100,Bộ điều khiển trung tâm ZKTeco C3-200 Package B,not_found,,,,2026-09-16T09:59:25+07:00
STVT-37791,Hộp bảo vệ bảng mở rộng ZKTeco EX16 Package A,not_found,,,,2026-09-16T09:59:25+07:00
STVT-53907,Đầu đọc vân tay ZKTeco FR1300,not_found,,,,2026-09-16T09:59:25+07:00
STVT-37496,Đầu đọc thẻ ZKTeco ProID10WM/ ProID10BM,not_found,,,,2026-09-16T09:59:25+07:00
STVT-68422,Đầu đọc thẻ và mã QR ZKTeco QR600-H-M,not_found,,,,2026-09-16T09:59:25+07:00
STVT-37490,Đầu đọc thẻ ZKTeco ProID20WE/ ProID20BE,not_found,,,,2026-09-16T09:59:25+07:00
STVT-34364,Nút Exit ZKTeco EB2,not_found,,,,2026-09-16T09:59:25+07:00
STVT-68424,"Đầu đọc thẻ, mã QR và password ZKTeco QR600-HK-E",not_found,,,,2026-09-16T09:59:25+07:00
STVT-68425,"Đầu đọc thẻ, mã QR và password ZKTeco QR600-HK-M",not_found,,,,2026-09-16T09:59:25+07:00
STVT-68347,Nút nhấn khẩn ZKTeco ZKABK902A-G,not_found,,,,2026-09-16T09:59:25+07:00
STVT-77656,Đầu đọc thẻ Mifare ZKTeco SA32M,not_found,,,,2026-09-16T09:59:25+07:00
STVT-68468,Đầu đọc khuôn mặt ZKTeco KF1100,not_found,,,,2026-09-16T09:59:25+07:00
STVT-71110,Bộ điều khiển trung tâm ZKTeco inBio160 Package B,not_found,,,,2026-09-16T09:59:25+07:00
STVT-71099,Bộ điều khiển trung tâm ZKTeco C3-100 Package B,not_found,,,,2026-09-16T09:59:25+07:00
STVT-68477,Đầu đọc thẻ ZKTeco ProID20WM-RS/ ProID20BM-RS,not_found,,,,2026-09-16T09:59:25+07:00
STVT-68450,Đầu đọc thẻ ZKTeco KR500M,not_found,,,,2026-09-16T09:59:25+07:00
STVT-68481,Đầu đọc thẻ ZKTeco ProID20WE-RS/ ProID20BE-RS,not_found,,,,2026-09-16T09:59:25+07:00
STVT-53818,Đầu đọc thẻ Proximity ZKTeco KR100E,not_found,,,,2026-09-16T09:59:25+07:00
STVT-68492,Đầu đọc thẻ ZKTeco ProID40 BLF,not_found,,,,2026-09-16T09:59:25+07:00
STVT-68315,Nút nhấn EXIT ZKTeco EB104-G (có logo),not_found,,,,2026-09-16T09:59:25+07:00
STVT-73912,Hộp đế âm ZKTeco ED102,not_found,,,,2026-09-16T09:59:25+07:00
STVT-68308,Nút nhấn EXIT ZKTeco EB102 (có logo),not_found,,,,2026-09-16T09:59:25+07:00
STVT-85845,Đầu đọc thẻ ZKTeco ProID30 BEMD-RS,not_found,,,,2026-09-16T09:59:25+07:00
STVT-68426,Đầu đọc thẻ và mã QR ZKTeco QR500-BM,not_found,,,,2026-09-16T09:59:25+07:00
STVT-37488,Nút nhấn khẩn Exit kim loại ZKTeco EX-800A,not_found,,,,2026-09-16T09:59:25+07:00
STVT-68407,Đầu đọc thẻ và mã QR ZKTeco QR600-V-E,not_found,,,,2026-09-16T09:59:25+07:00
STVT-68435,Đầu đọc thẻ ZKTeco MR1010,not_found,,,,2026-09-16T09:59:25+07:00
STVT-68445,Đầu đọc thẻ ZKTeco MR101[IC] (có logo),not_found,,,,2026-09-16T09:59:25+07:00
STVT-68436,Đầu đọc thẻ ZKTeco MR1020,not_found,,,,2026-09-16T09:59:25+07:00
STVT-81723,Bộ điều khiển trung tâm ZKTeco C3-200 Pro,not_found,,,,2026-09-16T09:59:25+07:00
STVT-81747,Đầu đọc thẻ và mã QR ZKTeco QR500-BE,not_found,,,,2026-09-16T09:59:25+07:00
STVT-73910,Hộp đế âm ZKTeco ED101,not_found,,,,2026-09-16T09:59:25+07:00
STVT-53892,Đầu đọc thẻ Proximity ZKTeco ProID30BE-RS,not_found,,,,2026-09-16T09:59:25+07:00
STVT-37680,Hộp bảo vệ bộ điều khiển 1 cửa ZKTeco inBio-160 Pro Box,not_found,,,,2026-09-16T09:59:25+07:00
STVT-68497,Đầu đọc thẻ ZKTeco ProID20 BD-HS,not_found,,,,2026-09-16T09:59:25+07:00
STVT-37682,Hộp bảo vệ bộ điều khiển 4 cửa ZKTeco inBio-460 Pro Box,not_found,,,,2026-09-16T09:59:25+07:00
STVT-68509,Đầu đọc thẻ ZKTeco CR10MW,not_found,,,,2026-09-16T09:59:25+07:00
STVT-68340,Remote điều khiển mở nút Exit ZKTeco RM-100,not_found,,,,2026-09-16T09:59:25+07:00
STVT-85844,Bộ điều khiển trung tâm ZKTeco C3-100 Pro,not_found,,,,2026-09-16T09:59:25+07:00
STVT-68408,Đầu đọc thẻ và mã QR ZKTeco QR600-V-M,not_found,,,,2026-09-16T09:59:25+07:00
STVT-81724,Bộ điều khiển trung tâm ZKTeco C3-400 Pro,not_found,,,,2026-09-16T09:59:25+07:00
STVT-68499,Đầu đọc thẻ ZKTeco ProID30 BD-HS,not_found,,,,2026-09-16T09:59:25+07:00
STVT-67789,Extended Module ZKTeco EX0808,not_found,,,,2026-09-16T09:59:25+07:00
STVT-71108,Bộ điều khiển trung tâm ZKTeco inBio260 Package B,not_found,,,,2026-09-16T09:59:25+07:00
STVT-68300,Nút nhấn EXIT ZKTeco EX-803L,not_found,,,,2026-09-16T09:59:25+07:00
STVT-68310,Nút nhấn EXIT ZKTeco EB103-G (có logo),not_found,,,,2026-09-16T09:59:25+07:00
STVT-68417,"Đầu đọc thẻ, mã QR và password ZKTeco QR600-VK-M",not_found,,,,2026-09-16T09:59:25+07:00
STVT-68458,Đầu đọc thẻ ZKTeco KR702E,not_found,,,,2026-09-16T09:59:25+07:00
STVT-73905,Đầu đọc thẻ ZKTeco CR Pro-D,not_found,,,,2026-09-16T09:59:25+07:00
STVT-68483,Đầu đọc thẻ ZKTeco ProID30WE-RS/ ProID30BE-RS,not_found,,,,2026-09-16T09:59:25+07:00
STVT-37500,Đầu đọc thẻ ZKTeco ProID10WD/ ProID10BD,not_found,,,,2026-09-16T09:59:25+07:00
STVT-37504,Đầu đọc thẻ ZKTeco ProID40WD/ ProID40BD,not_found,,,,2026-09-16T09:59:25+07:00
STVT-53880,Đầu đọc thẻ Mifare ZKTeco KR602M,not_found,,,,2026-09-16T09:59:25+07:00
STVT-37502,Đầu đọc thẻ ZKTeco ProID30WD/ ProID30BD,not_found,,,,2026-09-16T09:59:25+07:00
STVT-53874,Đầu đọc thẻ Proximity ZKTeco KR602E,not_found,,,,2026-09-16T09:59:25+07:00
STVT-68412,"Đầu đọc thẻ, mã QR và password ZKTeco QR600-VK-E",not_found,,,,2026-09-16T09:59:25+07:00
STVT-34310,Máy kiểm soát ra vào ZKTeco X8s,not_found,,,,2026-09-16T09:59:25+07:00
STVT-53820,Đầu đọc thẻ Mifare ZKTeco KR100M,not_found,,,,2026-09-16T09:59:25+07:00
STVT-68444,Đầu đọc thẻ ZKTeco MR101[ID],not_found,,,,2026-09-16T09:59:25+07:00
STVT-68486,Đầu đọc thẻ ZKTeco ProID20WD-RS/ ProID20BD-RS,not_found,,,,2026-09-16T09:59:25+07:00
STVT-53854,Đầu đọc thẻ Mifare ZKTeco KR202M,not_found,,,,2026-09-16T09:59:25+07:00
STVT-56849,Bộ nguồn 50W HIKVISION SH-K50M-AW (DS-K7M-AW50),not_found,,,,2026-09-16T09:59:25+07:00
STVT-35666,Nút khẩn cấp HIKVISION DS-K7PEB,not_found,,,,2026-09-16T09:59:25+07:00
STVT-35621,Nút exit HIKVISION DS-K7P01,not_found,,,,2026-09-16T09:59:25+07:00
STVT-86383,Nút Exit không chạm HIKVISION DS-K7P07,not_found,,,,2026-09-16T09:59:25+07:00
STVT-52060,Bộ kiểm soát ra vào HIKVISION DS-K1T804AMF,not_found,,,,2026-09-16T09:59:25+07:00
STVT-86704,Bộ nguồn cấp điện liên tục HIKVISION DS-K7M-AW24,not_found,,,,2026-09-16T09:59:25+07:00
STVT-62345,Chân đế gắn trên turnstiles HIKVISION DS-KAB6-ZU1,not_found,,,,2026-09-16T09:59:25+07:00
STVT-86612,Đầu đọc thẻ Mifare 13.56MHz HIKVISION DS-K1108AM,not_found,,,,2026-09-16T09:59:25+07:00
STVT-86382,Nút Exit không chạm HIKVISION DS-K7P08,not_found,,,,2026-09-16T09:59:25+07:00
STVT-58967,Đầu đọc vân tay HIKVISION DS-K1201AMF,not_found,,,,2026-09-16T09:59:25+07:00
STVT-35641,Bộ điều khiển chính HIKVISION DS-K2210 (SH-K3210),not_found,,,,2026-09-16T09:59:25+07:00
STVT-83127,Bộ điều khiển 2 cửa HIKVISION DS-K2602T,not_found,,,,2026-09-16T09:59:25+07:00
STVT-35607,Bộ điều khiển 4 cửa HIKVISION DS-K2804 (SH-K3804),not_found,,,,2026-09-16T09:59:25+07:00
STVT-35649,Thẻ thông minh HIKVISION FM11RF08-M1 (SH-11RF08-M1),not_found,,,,2026-09-16T09:59:25+07:00
STVT-35659,Exit Button HIKVISION DS-K7P03 (SH-K8P03),not_found,,,,2026-09-16T09:59:25+07:00
STVT-35648,Thẻ thông minh không tiếp xúc Mifare 1 HIKVISION IC-S50,not_found,,,,2026-09-16T09:59:25+07:00
STVT-83126,Bộ điều khiển 1 cửa HIKVISION DS-K2601T,not_found,,,,2026-09-16T09:59:25+07:00
STVT-52980,Đầu đọc vân tay HIKVISION DS-K1F820-F,not_found,,,,2026-09-16T09:59:25+07:00
STVT-56851,Bộ nguồn 100W HIKVISION SH-K100M-AW (DS-K7M-AW100),not_found,,,,2026-09-16T09:59:25+07:00
STVT-71177,Đầu đọc thẻ Mifare HIKVISION DS-K1103MK,not_found,,,,2026-09-16T09:59:25+07:00
STVT-77229,Secure Door Control Module HIKVISION DS-K2M061,not_found,,,,2026-09-16T09:59:25+07:00
STVT-86605,Đầu đọc thẻ Mifare HIKVISION DS-K1107AM,not_found,,,,2026-09-16T09:59:25+07:00
STVT-77331,Mifare Card Reader HIKVISION DS-K1101M,not_found,,,,2026-09-16T09:59:25+07:00
STVT-83128,Bộ điều khiển 4 cửa HIKVISION DS-K2604T,not_found,,,,2026-09-16T09:59:25+07:00
STVT-56875,Door Closer HIKVISION DS-K4DC105,not_found,,,,2026-09-16T09:59:25+07:00
STVT-86691,Bộ điều khiển 4 cửa HIKVISION DS-K2604T (Mainboard),not_found,,,,2026-09-16T09:59:25+07:00
STVT-86686,Bộ điều khiển 2 cửa HIKVISION DS-K2M002X,not_found,,,,2026-09-16T09:59:25+07:00
STVT-86570,Bộ nguồn HIKVISION SH-K9M-AW224,not_found,,,,2026-09-16T09:59:25+07:00
STVT-56847,Đầu đọc thẻ HIKVISION DS-K1F100-D8E,not_found,,,,2026-09-16T09:59:25+07:00
STVT-35644,Bộ điều khiển phụ HIKVISION DS-K2M0016A (SH-K3M0016A),not_found,,,,2026-09-16T09:59:25+07:00
STVT-35604,Bộ điều khiển 1 cửa HIKVISION DS-K2801 (SH-K3801),not_found,,,,2026-09-16T09:59:25+07:00
STVT-86665,Đầu đọc thẻ M1 HIKVISION DS-K1109DKB-QR,not_found,,,,2026-09-16T09:59:25+07:00
STVT-77224,Đầu đọc thẻ Mifare1/EM HIKVISION DS-K1101MK,not_found,,,,2026-09-16T09:59:25+07:00
STVT-35628,Đầu đọc thẻ EM HIKVISION DS-K1801M,not_found,,,,2026-09-16T09:59:25+07:00
STVT-86678,Bộ điều khiển 2 cửa HIKVISION DS-K2702X,not_found,,,,2026-09-16T09:59:25+07:00
STVT-86663,Đầu đọc thẻ M1 HIKVISION DS-K1109DB,not_found,,,,2026-09-16T09:59:25+07:00
STVT-56861,Exit Button HIKVISION DS-K7P04,not_found,,,,2026-09-16T09:59:25+07:00
STVT-35658,Exit Button HIKVISION DS-K7P02 (SH-K8P02),not_found,,,,2026-09-16T09:59:25+07:00
STVT-86687,Bộ điều khiển 1 cửa HIKVISION DS-K2601T (Mainboard),not_found,,,,2026-09-16T09:59:25+07:00
STVT-86681,Bộ điều khiển 8 cửa HIKVISION DS-K2708X,not_found,,,,2026-09-16T09:59:25+07:00
STVT-35606,Bộ điều khiển 2 cửa HIKVISION DS-K2802 (SH-K3802),not_found,,,,2026-09-16T09:59:25+07:00
STVT-35662,Exit Button HIKVISION DS-K7P05 (SH-K8P05),not_found,,,,2026-09-16T09:59:25+07:00
STVT-88261,Module đọc lòng bàn tay HIKVISION DS-KAB673-P,not_found,,,,2026-09-16T09:59:25+07:00
STVT-87863,Cổng xoay 3 càng trong nhà HIKVISION DS-K3G301LX-R,not_found,,,,2026-09-16T09:59:25+07:00
STVT-77334,Enrollment Station HIKVISION DS-K1F600U-D6E-F,not_found,,,,2026-09-16T09:59:25+07:00
STVT-77218,Bộ điều khiển 2 cửa HIKVISION DS-K2812,not_found,,,,2026-09-16T09:59:25+07:00
STVT-84175,Đầu đọc thẻ Mifare HIKVISION DS-K1103M,not_found,,,,2026-09-16T09:59:25+07:00
STVT-86677,Bộ điều khiển 1 cửa HIKVISION DS-K2701X,not_found,,,,2026-09-16T09:59:25+07:00
STVT-35664,Exit Button HIKVISION DS-K7P06 (SH-K8P06),not_found,,,,2026-09-16T09:59:25+07:00
STVT-86672,Đầu đọc vân tay HIKVISION DS-K1109EKFB,not_found,,,,2026-09-16T09:59:25+07:00
STVT-86666,Đầu đọc thẻ và vân tay HIKVISION DS-K1109DKFB,not_found,,,,2026-09-16T09:59:25+07:00
STVT-86673,Đầu đọc vân tay HIKVISION DS-K1109EKFB-QR,not_found,,,,2026-09-16T09:59:25+07:00
STVT-83130,Đầu đọc thẻ Mifare tích hợp mật khẩu HIKVISION DS-K1102AMK,not_found,,,,2026-09-16T09:59:25+07:00
STVT-86572,Module bảo mật kiểm soát cửa HIKVISION DS-K2M062,not_found,,,,2026-09-16T09:59:25+07:00
STVT-56874,Door Closer HIKVISION DS-K4DC103,not_found,,,,2026-09-16T09:59:25+07:00
STVT-86680,Bộ điều khiển 4 cửa HIKVISION DS-K2704X,not_found,,,,2026-09-16T09:59:25+07:00
STVT-86667,Đầu đọc thẻ và vân tay HIKVISION DS-K1109DKFB-QR,not_found,,,,2026-09-16T09:59:25+07:00
STVT-77216,Bộ điều khiển 1 cửa HIKVISION DS-K2811,not_found,,,,2026-09-16T09:59:25+07:00
STVT-86703,Thẻ nhựa thông minh không tiếp xúc HIKVISION DS-K7M106-D0E,not_found,,,,2026-09-16T09:59:25+07:00
STVT-35646,Thẻ thông minh EM HIKVISION DS-KEM125 (SH-KEM225),not_found,,,,2026-09-16T09:59:25+07:00
STVT-86685,Bộ điều khiển 4 cửa HIKVISION DS-K2704X(P),not_found,,,,2026-09-16T09:59:25+07:00
STVT-35635,Đầu đọc thẻ EM HIKVISION DS-K1802EK (SH-K2802EK),not_found,,,,2026-09-16T09:59:25+07:00
STVT-88259,Module đọc thẻ Bluetooth HIKVISION DS-KAB673-EDB,not_found,,,,2026-09-16T09:59:25+07:00
STVT-77221,Bộ kiểm điều khiển 4 cửa HIKVISION DS-K2814,not_found,,,,2026-09-16T09:59:25+07:00
STVT-35631,Đầu đọc thẻ EM HIKVISION DS-K1801MK (SH-K2801MK),not_found,,,,2026-09-16T09:59:25+07:00
STVT-52966,Đầu đọc thẻ Mifare tích hợp mật khẩu HIKVISION DS-K1102MK,not_found,,,,2026-09-16T09:59:25+07:00
STVT-86682,Bộ điều khiển 1 cửa HIKVISION DS-K2701X(P),not_found,,,,2026-09-16T09:59:25+07:00
STVT-86597,Đầu đọc thẻ M1 13.56MHz HIKVISION DS-K1102AM,not_found,,,,2026-09-16T09:59:25+07:00
STVT-86598,Đầu đọc thẻ EM 125KHz HIKVISION DS-K1102AE,not_found,,,,2026-09-16T09:59:25+07:00
STVT-86676,Thiết bị kiểm soát ra/vào đo thân nhiệt HIKVISION DS-K5032,not_found,,,,2026-09-16T09:59:25+07:00
STVT-53103,Thiết bị kiểm soát ra/vào đo thân nhiệt HIKVISION DS-K5032-D,not_found,,,,2026-09-16T09:59:25+07:00
STVT-86658,Đầu đọc thẻ Mifare 13.56MHz HIKVISION DS-K1108AMK,not_found,,,,2026-09-16T09:59:25+07:00
STVT-86569,Cổng xoay 3 càng HIKVISION DS-K3G301LX,not_found,,,,2026-09-16T09:59:25+07:00
STVT-86661,Đầu đọc thẻ M1 13.56MHz HIKVISION DS-K1108AD,not_found,,,,2026-09-16T09:59:25+07:00
STVT-35638,Đầu đọc thẻ Mifare 1 HIKVISION DS-K1802MK,not_found,,,,2026-09-16T09:59:25+07:00
STVT-86604,Đầu đọc thẻ Mifare HIKVISION DS-K1107M,not_found,,,,2026-09-16T09:59:25+07:00
STVT-53080,Đầu đọc khuôn mặt HIKVISION DS-K1F600-D6E,not_found,,,,2026-09-16T09:59:25+07:00
STVT-35636,Đầu đọc thẻ Mifare 1 HIKVISION DS-K1802M,not_found,,,,2026-09-16T09:59:25+07:00
STVT-86679,Bộ điều khiển 2 cửa HIKVISION DS-K2702WX-E1,not_found,,,,2026-09-16T09:59:25+07:00
STVT-86671,Đầu đọc thẻ HIKVISION DS-K1109EKB-QR,not_found,,,,2026-09-16T09:59:25+07:00
STVT-86684,Bộ điều khiển 2 cửa HIKVISION DS-K2702WX-E1(P),not_found,,,,2026-09-16T09:59:25+07:00
STVT-53084,Đầu đọc thẻ EM HIKVISION DS-K1102E,not_found,,,,2026-09-16T09:59:25+07:00
STVT-53074,Bộ kiểm soát ra vào HIKVISION DS-K1T804AEF,not_found,,,,2026-09-16T09:59:25+07:00
STVT-77332,Enrollment Station HIKVISION DS-K1F600U-D6E,not_found,,,,2026-09-16T09:59:25+07:00
STVT-88264,Tấm chắn bảo vệ đầu đọc HIKVISION DS-KAB805-S1,not_found,,,,2026-09-16T09:59:25+07:00
STVT-86693,Bộ Kit Demo HIKVISION DS-KZX-8,not_found,,,,2026-09-16T09:59:25+07:00
STVT-86692,Bộ Kit Demo HIKVISION DS-KZX-1,not_found,,,,2026-09-16T09:59:25+07:00
STVT-88262,Tấm chắn bảo vệ đầu đọc HIKVISION DS-KAB502-S1,not_found,,,,2026-09-16T09:59:25+07:00
STVT-86600,Đầu đọc thẻ EM 125KHz HIKVISION DS-K1102AEK,not_found,,,,2026-09-16T09:59:25+07:00
STVT-86659,Đầu đọc thẻ EM 125KHz HIKVISION DS-K1108AE,not_found,,,,2026-09-16T09:59:25+07:00
STVT-86669,Đầu đọc thẻ HIKVISION DS-K1109EB,not_found,,,,2026-09-16T09:59:25+07:00
STVT-86683,Bộ điều khiển 2 cửa HIKVISION DS-K2702X(P),not_found,,,,2026-09-16T09:59:25+07:00
STVT-35634,Đầu đọc thẻ EM HIKVISION DS-K1802E (SH-K2802E),not_found,,,,2026-09-16T09:59:25+07:00
STVT-86609,Đầu đọc thẻ EM HIKVISION DS-K1107AE,not_found,,,,2026-09-16T09:59:25+07:00
STVT-86688,Bộ điều khiển 2 cửa HIKVISION DS-K2602T (Mainboard),not_found,,,,2026-09-16T09:59:25+07:00
STVT-86662,Đầu đọc thẻ M1 13.56MHz HIKVISION DS-K1108ADK,not_found,,,,2026-09-16T09:59:25+07:00
STVT-88263,Tấm chắn bảo vệ đầu đọc HIKVISION DS-KAB502-S2,not_found,,,,2026-09-16T09:59:25+07:00
STVT-86601,Đầu đọc thẻ EM và M1 HIKVISION DS-K1102AEM,not_found,,,,2026-09-16T09:59:25+07:00
STVT-86700,Nút mở cửa khẩn cấp HIKVISION SH-K7P05,not_found,,,,2026-09-16T09:59:25+07:00
STVT-86586,Thiết bị kiểm soát ra vào bằng thẻ HIKVISION DS-K1T500S,not_found,,,,2026-09-16T09:59:25+07:00
STVT-86664,Đầu đọc thẻ M1 HIKVISION DS-K1109DKB,not_found,,,,2026-09-16T09:59:25+07:00
STVT-86596,Đầu đọc thẻ Mifare HIKVISION DS-K1101EK,not_found,,,,2026-09-16T09:59:25+07:00
STVT-88265,Thẻ thông minh không tiếp xúc EM HIKVISION DS-K7M101-E0,not_found,,,,2026-09-16T09:59:25+07:00
STVT-86595,Đầu đọc thẻ Mifare HIKVISION DS-K1101E,not_found,,,,2026-09-16T09:59:25+07:00
STVT-90682,Bộ kiểm soát ra vào 4 cửa HIKVISION DS-K2624X,not_found,,,,2026-09-16T09:59:25+07:00
STVT-90681,Bộ kiểm soát ra vào 2 cửa HIKVISION DS-K2622X,not_found,,,,2026-09-16T09:59:25+07:00
STVT-86602,Đầu đọc thẻ EM và M1 HIKVISION DS-K1102AEMK,not_found,,,,2026-09-16T09:59:25+07:00
STVT-86603,Đầu đọc thẻ EM 125KHz HIKVISION DS-K1107E,not_found,,,,2026-09-16T09:59:25+07:00
STVT-86660,Đầu đọc thẻ EM 125KHz HIKVISION DS-K1108AEK,not_found,,,,2026-09-16T09:59:25+07:00
STVT-86698,Nút bấm mở cửa cảm ứng HIKVISION SH-K7P03,not_found,,,,2026-09-16T09:59:25+07:00
STVT-86607,Đầu đọc thẻ Mifare HIKVISION DS-K1107AMK,not_found,,,,2026-09-16T09:59:25+07:00
STVT-86610,Đầu đọc thẻ EM HIKVISION DS-K1107AEK,not_found,,,,2026-09-16T09:59:25+07:00
STVT-86670,Đầu đọc thẻ HIKVISION DS-K1109EKB,not_found,,,,2026-09-16T09:59:25+07:00
STVT-81301,Nút nhấn khẩn không dây KARASSN KS-18B,not_found,,,,2026-09-16T09:59:25+07:00
STVT-88110,"Báo động, báo cháy 40 vùng KARASSN KS-W2E-4G",not_found,,,,2026-09-16T09:59:25+07:00
STVT-552,Loa không dây sử dụng trong nhà KARASSN KS-70A,not_found,,,,2026-09-16T09:59:25+07:00
STVT-48517,Báo động thông minh 40 vùng KARASSN KS-899G,not_found,,,,2026-09-16T09:59:25+07:00
STVT-946,Nút nhấn khẩn không dây KARASSN KS-11D,not_found,,,,2026-09-16T09:59:25+07:00
STVT-35059,"Báo cháy, báo động có dây-không dây KARASSN KS-W2B",not_found,,,,2026-09-16T09:59:25+07:00
STVT-30235,Đầu dò hồng ngoại kép không dây ANTI-PET KARASSN KS-318DCT,not_found,,,,2026-09-16T09:59:25+07:00
STVT-48522,Đầu dò hồng ngoại không dây KARASSN KS-310DCT,not_found,,,,2026-09-16T09:59:25+07:00
STVT-63802,Bộ Repeater không dây KARASSN KS-55C,not_found,,,,2026-09-16T09:59:25+07:00
MAT-22634,Cáp mạng COMMSCOPE CAT-6 UTP (1427254-6),not_found,,,,2026-09-16T09:59:25+07:00
MAT-22635,Cáp mạng CommScope CAT-6A FTP (884024508/10),not_found,,,,2026-09-16T09:59:25+07:00
MAT-22667,Patch panel 24P CommScope Cat6 (760237040/9-1375055-2),not_found,,,,2026-09-16T09:59:25+07:00
MAT-59268,Cáp mạng CommScope CAT6 4 đôi UTP (1427071-6),not_found,,,,2026-09-16T09:59:25+07:00
MAT-22653,Đầu nối RJ45-Modular Jack CommScope Cat6 (1375055-1),not_found,,,,2026-09-16T09:59:25+07:00
MAT-75898,Modular Jack COMMSCOPE CAT6 (9-1375055-2),not_found,,,,2026-09-16T09:59:25+07:00
MAT-22632,Cáp mạng CommScope CAT-5E UTP (6-219590-2),not_found,,,,2026-09-16T09:59:25+07:00
MAT-22657,Mặt nạ 1-port Faceplate COMMSCOPE (272368-1),not_found,,,,2026-09-16T09:59:25+07:00
MAT-75899,Patch panel COMMSCOPE CPP-UDDM-SL-1U-24 (760237040),not_found,,,,2026-09-16T09:59:25+07:00
MAT-22669,Patch panel 48P CommScope Cat6 (760237041/9-1375055-2),not_found,,,,2026-09-16T09:59:25+07:00
MAT-59303,Patch cord CommScope Cat6 UTP 3m (NPC06UVDB-BL010F),not_found,,,,2026-09-16T09:59:25+07:00
MAT-22658,Mặt nạ 2-port Faceplate COMMSCOPE (272368-2),not_found,,,,2026-09-16T09:59:25+07:00
MAT-22655,Đầu nối RJ45 COMMSCOPE CAT6 (6-2111989-3),not_found,,,,2026-09-16T09:59:25+07:00
MAT-59300,Patch cord CommScope Cat6 UTP 2.1m (NPC06UVDB-BL007F),not_found,,,,2026-09-16T09:59:25+07:00
MAT-22654,Đầu nối RJ45 CommScope Cat5e (6-554720-3),not_found,,,,2026-09-16T09:59:25+07:00
MAT-54519,Patch cord CommScope Cat6 UTP (NPC06UVDB-BL004F),not_found,,,,2026-09-16T09:59:25+07:00
MAT-59258,Modular Jack CommScope Cat5E UTP (1375191-1),not_found,,,,2026-09-16T09:59:25+07:00
MAT-54566,Modular Jack CommScope CAT6A S/FTP (2153449-1),not_found,,,,2026-09-16T09:59:25+07:00
MAT-22687,Mặt nạ 1 port COMMSCOPE (2-1427030-1),not_found,,,,2026-09-16T09:59:25+07:00
MAT-22688,Mặt nạ 2 port COMMSCOPE (2-1427030-2),not_found,,,,2026-09-16T09:59:25+07:00
MAT-59297,Patch cord CommScope Cat6 UTP (NPC06UVDB-BL005F),not_found,,,,2026-09-16T09:59:25+07:00
MAT-59333,Modular Plug Boot COMMSCOPE (2843079-1),not_found,,,,2026-09-16T09:59:25+07:00
MAT-73036,2-Port Faceplate COMMSCOPE FPS-BS-2P-W (760249251),not_found,,,,2026-09-16T09:59:25+07:00
MAT-54567,Modular Plug Boot COMMSCOPE (2843033-3),not_found,,,,2026-09-16T09:59:25+07:00
MAT-22633,Cáp mạng chống nhiễu Cat5e FTP CommScope (219413-2),not_found,,,,2026-09-16T09:59:25+07:00
MAT-76530,Modular Jack COMMSCOPE CAT6A S/FTP (2153449-2),not_found,,,,2026-09-16T09:59:25+07:00
MAT-54522,Patch cord CommScope Cat6 UTP 5m (NPC06UVDB-BL017F),not_found,,,,2026-09-16T09:59:25+07:00
MAT-54558,Patch cord CommScope Cat6A S/FTP (NPC6ASZDB-BL003M),not_found,,,,2026-09-16T09:59:25+07:00
MAT-54476,Patch panel 24P CommScope (760237046/ 2153449-2),not_found,,,,2026-09-16T09:59:25+07:00
MAT-22666,Patch panel 24P Cat5e CommScope (760237040/9-1375191-2),not_found,,,,2026-09-16T09:59:25+07:00
MAT-22694,Kềm bấm đầu cáp mạng Cat6 CommScope (790163-5),not_found,,,,2026-09-16T09:59:25+07:00
MAT-59291,Patch cord CommScope Cat5e UTP 2m (CO155D2-0ZF007),not_found,,,,2026-09-16T09:59:25+07:00
MAT-54530,Patch cord CommScope Cat6 UTP 10m (NPC06UVDB-BL033F),not_found,,,,2026-09-16T09:59:25+07:00
MAT-54546,Patch cord CommScope Cat6A S/FTP (NPC6ASZDB-BL002M),not_found,,,,2026-09-16T09:59:25+07:00
MAT-76529,Patch panel CommScope CPP-SDDM-SL-1U-24 (760237046),not_found,,,,2026-09-16T09:59:25+07:00
MAT-54542,Patch cord CommScope Cat6A S/FTP (NPC6ASZDB-BL001M),not_found,,,,2026-09-16T09:59:25+07:00
MAT-59512,Dây nối quang SM LC/UPC COMMSCOPE (EH0108-003),not_found,,,,2026-09-16T09:59:25+07:00
MAT-75900,Patch Panel CommScope CPP-UDDM-SL-2U-48 (760237041),not_found,,,,2026-09-16T09:59:25+07:00
MAT-54562,Patch cord CommScope Cat6A S/FTP (NPC6ASZDB-BL005M),not_found,,,,2026-09-16T09:59:25+07:00
MAT-59277,Patch cord CommScope Cat5e UTP 1.5m (CO155D2-0ZF005),not_found,,,,2026-09-16T09:59:25+07:00
MAT-22695,Kềm bấm đầu cáp mạng Cat5e CommScope (2-231652-1),not_found,,,,2026-09-16T09:59:25+07:00
MAT-14543,Đầu nối RJ45 CAT6 COMMSCOPE (6-2111989-3),not_found,,,,2026-09-16T09:59:25+07:00
MAT-22668,Patch panel 48P CommScope (760237041/9-1375191-2),not_found,,,,2026-09-16T09:59:25+07:00
MAT-75901,Modular Jack COMMSCOPE CAT5E 9-1375191-2,not_found,,,,2026-09-16T09:59:25+07:00
MAT-73027,Patch cord COMMSCOPE CAT5E U/UTP 1.2m (CO155D2-0ZF004),not_found,,,,2026-09-16T09:59:25+07:00
MAT-14542,Đầu nối RJ11 CAT3 COMMSCOPE (1375192-1),not_found,,,,2026-09-16T09:59:25+07:00
MAT-54537,Patch cord CommScope Cat6 UTP 20m (NPC06UVDB-BL065F),not_found,,,,2026-09-16T09:59:25+07:00
MAT-22659,Hộp đế dùng cho mặt nạ Faceplate COMMSCOPE,not_found,,,,2026-09-16T09:59:25+07:00
MAT-22689,Mặt nạ 3 port COMMSCOPE (2-1427030-3),not_found,,,,2026-09-16T09:59:25+07:00
MAT-54852,Fiber Patch cord COMMSCOPE FFWLCSC42-JXM003,not_found,,,,2026-09-16T09:59:25+07:00
MAT-22693,Dụng cụ bấm cáp ổ mạng COMMSCOPE (1725150-6),not_found,,,,2026-09-16T09:59:25+07:00
MAT-59343,Dụng cụ đấu nối cáp đồng COMMSCOPE (64172055-01),not_found,,,,2026-09-16T09:59:25+07:00
MAT-59542,Splice Tray Kit COMMSCOPE AGL-SPLICE-48 (760241378),not_found,,,,2026-09-16T09:59:25+07:00
MAT-59294,Patch cord CommScope Cat5E UTP 3m (CO155D2-0ZF010),not_found,,,,2026-09-16T09:59:25+07:00
MAT-54499,Patch cord CommScope Cat5e UTP 5m (CO155D2-0ZF017),not_found,,,,2026-09-16T09:59:25+07:00
MAT-73030,Patch cord CommScope Cat5E U/UTP 1.2m (CO155D2-09F004),not_found,,,,2026-09-16T09:59:25+07:00
MAT-59391,Cáp quang Indoor 4FO OM3 COMMSCOPE 2-1859417-3,not_found,,,,2026-09-16T09:59:25+07:00
MAT-59371,Fiber Optic Pigtail COMMSCOPE (EH0108-001),not_found,,,,2026-09-16T09:59:25+07:00
MAT-54507,Patch cord CommScope Cat5e UTP 10m (CO155D2-0ZF033),not_found,,,,2026-09-16T09:59:25+07:00
MAT-89174,Thanh quản lý cáp ngang 19” 1U COMMSCOPE 1427632-2,not_found,,,,2026-09-16T09:59:25+07:00
MAT-76537,Patch cord CAT6 COMMSCOPE NPC06UVDB-BL002F (0.6m),not_found,,,,2026-09-16T09:59:25+07:00
MAT-59505,Hộp đấu nối quang MM 48 sợi COMMSCOPE (4-1206343-2),not_found,,,,2026-09-16T09:59:25+07:00
MAT-54579,Fiber pigtail SC COMMSCOPE FAXSCUC01-MXF003,not_found,,,,2026-09-16T09:59:25+07:00
MAT-59539,Fiber Patch Cord COMMSCOPE FFWLCSC42-JXM005,not_found,,,,2026-09-16T09:59:25+07:00
MAT-59511,Fiber Pigtail LC COMMSCOPE FBXLCUC11-MXF003,not_found,,,,2026-09-16T09:59:25+07:00
MAT-54588,Khay hàn quang COMMSCOPE (1671281-1),not_found,,,,2026-09-16T09:59:25+07:00
MAT-22656,Bọc cao su cho RJ45 CommScope (272354-x),not_found,,,,2026-09-16T09:59:25+07:00
MAT-85919,Cáp quang Outdoor 4FO SM COMMSCOPE (760252020),not_found,,,,2026-09-16T09:59:25+07:00
MAT-54544,Patch cord CommScope Cat6A S/FTP (NPC6ASZDB-YL001M),not_found,,,,2026-09-16T09:59:25+07:00
MAT-59507,Hộp đấu nối quang MM COMMSCOPE (4-1671002-4),not_found,,,,2026-09-16T09:59:25+07:00
MAT-41899,Outdoor Fiber Optic Cables 4F COMMSCOPE (Y-1427449-4),not_found,,,,2026-09-16T09:59:25+07:00
MAT-63308,Hộp đấu nối quang SM 24 sợi COMMSCOPE (760241650),not_found,,,,2026-09-16T09:59:25+07:00
MAT-59304,Patch cord CommScope Cat6 UTP 3m (NPC06UVDB-RD010F),not_found,,,,2026-09-16T09:59:25+07:00
MAT-39375,Đầu nối RJ45 COMMSCOPE CAT6 (5-1479185-3),not_found,,,,2026-09-16T09:59:25+07:00
MAT-54873,Cáp quang Outdoor 4FO OS2 COMMSCOPE (1-1427449-4),not_found,,,,2026-09-16T09:59:25+07:00
MAT-54563,Patch cord CommScope Cat6A S/FTP (NPC6ASZDB-RD005M),not_found,,,,2026-09-16T09:59:25+07:00
MAT-63309,Hộp đấu nối quang SM 48 sợi COMMSCOPE (760241651),not_found,,,,2026-09-16T09:59:25+07:00
MAT-59306,Patch cord CommScope Cat6A S/FTP (NPC6ASZDB-BL010M),not_found,,,,2026-09-16T09:59:25+07:00
MAT-39378,1-Port Surface Modular Jack Box CommScope (1116697-1),not_found,,,,2026-09-16T09:59:25+07:00
MAT-59554,Patch cord Cat6A CommScope NPC6ASZDB-WT003M,not_found,,,,2026-09-16T09:59:25+07:00
MAT-59454,Cáp quang Outdoor 12FO OM3 COMMSCOPE (3-1427452-3),not_found,,,,2026-09-16T09:59:25+07:00
MAT-76539,Patch cord Cat6 CommScope NPC06UVDB-YL002F (0.6m),not_found,,,,2026-09-16T09:59:25+07:00
MAT-54480,Patch panel 48P CommScope (760237047/ 2153449-2),not_found,,,,2026-09-16T09:59:25+07:00
MAT-54578,Fiber pigtail SC COMMSCOPE FBXSCUC11-MXF003,not_found,,,,2026-09-16T09:59:25+07:00
MAT-54500,Patch cord CommScope Cat5e UTP 5m (CO155D2-07F017),not_found,,,,2026-09-16T09:59:25+07:00
MAT-59367,Ống co nhiệt COMMSCOPE (103897-000),not_found,,,,2026-09-16T09:59:25+07:00
MAT-76538,Patch cord CAT6 COMMSCOPE NPC06UVDB-RD002F (0.6m),not_found,,,,2026-09-16T09:59:25+07:00
MAT-59289,Patch cord CommScope Cat5e UTP 1.5m (CO155D2-07F005),not_found,,,,2026-09-16T09:59:25+07:00
MAT-54533,Patch cord CommScope Cat6 UTP 15m (NPC06UVDB-BL050F),not_found,,,,2026-09-16T09:59:25+07:00
MAT-59509,Khớp nối quang đôi MM LC COMMSCOPE (EH1457-002),not_found,,,,2026-09-16T09:59:25+07:00
MAT-59296,Patch cord CommScope Cat5E UTP 3m (CO155D2-09F010),not_found,,,,2026-09-16T09:59:25+07:00
MAT-59504,Hộp đấu nối quang MM 24 sợi COMMSCOPE (2-1206343-2),not_found,,,,2026-09-16T09:59:25+07:00
MAT-59552,Patch cord Cat6A CommScope NPC6ASZDB-WT002M,not_found,,,,2026-09-16T09:59:25+07:00
MAT-59301,Patch cord CommScope Cat6 UTP 2m (NPC06UVDB-RD007F),not_found,,,,2026-09-16T09:59:25+07:00
MAT-63306,Hộp đấu nối quang MM 24 sợi COMMSCOPE (760241652),not_found,,,,2026-09-16T09:59:25+07:00
MAT-63307,Hộp đấu nối quang MM 48 sợi COMMSCOPE (760241653),not_found,,,,2026-09-16T09:59:25+07:00
MAT-63305,Cáp quang Outdoor 4FO OM2 COMMSCOPE (X-1427449-2),not_found,,,,2026-09-16T09:59:25+07:00
MAT-59446,Cáp quang Outdoor 8FO OM3 COMMSCOPE (3-1427451-3),not_found,,,,2026-09-16T09:59:25+07:00
MAT-54547,Patch cord CommScope Cat6A S/FTP (NPC6ASZDB-RD002M),not_found,,,,2026-09-16T09:59:25+07:00
MAT-59494,Cáp quang Outdoor 8FO OS2 COMMSCOPE (X-1427451-4),not_found,,,,2026-09-16T09:59:25+07:00
MAT-59555,Patch cord Cat6A CommScope NPC6ASZDB-WT005M,not_found,,,,2026-09-16T09:59:25+07:00
MAT-54884,Cáp quang Indoor 4FO OM3 COMMSCOPE (700009822),not_found,,,,2026-09-16T09:59:25+07:00
MAT-54523,Patch cord CommScope Cat6 UTP 5m (NPC06UVDB-RD017F),not_found,,,,2026-09-16T09:59:25+07:00
MAT-54877,Cáp quang Outdoor 4FO OS2 COMMSCOPE (4-1427449-4),not_found,,,,2026-09-16T09:59:25+07:00
MAT-54876,Cáp quang Outdoor 4FO OS2 COMMSCOPE (3-1427449-4),not_found,,,,2026-09-16T09:59:25+07:00
MAT-59406,Cáp quang Indoor 12FO OM3 COMMSCOPE 1-1859420-3,not_found,,,,2026-09-16T09:59:25+07:00
MAT-59298,Patch cord CommScope Cat6 UTP (NPC06UVDB-RD005F),not_found,,,,2026-09-16T09:59:25+07:00
MAT-59493,Cáp quang Outdoor 6FO OS2 COMMSCOPE (X-1427450-4),not_found,,,,2026-09-16T09:59:25+07:00
MAT-59293,Patch cord CommScope Cat5e UTP 2m (CO155D2-09F007),not_found,,,,2026-09-16T09:59:25+07:00
MAT-59314,Patch cord CommScope Cat6A S/FTP (NPC6ASZDB-BL015M),not_found,,,,2026-09-16T09:59:25+07:00
MAT-59495,Cáp quang Outdoor 12FO OS2 COMMSCOPE (X-1427452-4),not_found,,,,2026-09-16T09:59:25+07:00
MAT-54875,Cáp quang Outdoor 4FO OS2 COMMSCOPE (2-1427449-4),not_found,,,,2026-09-16T09:59:25+07:00
MAT-54866,Cáp quang Outdoor 4FO OM3 COMMSCOPE (3-1427449-3),not_found,,,,2026-09-16T09:59:25+07:00
MAT-59469,Cáp quang Outdoor 24FO OM3 COMMSCOPE (3-1427453-3),not_found,,,,2026-09-16T09:59:25+07:00
MAT-59409,Cáp quang Indoor 12FO OM3 COMMSCOPE 8-1859420-3,not_found,,,,2026-09-16T09:59:25+07:00
MAT-54859,Cáp quang Outdoor 4FO OM3 COMMSCOPE (1-1427449-3),not_found,,,,2026-09-16T09:59:25+07:00
MAT-59299,Patch cord CommScope Cat6 UTP (NPC06UVDB-YL005F),not_found,,,,2026-09-16T09:59:25+07:00
MAT-31250,Cáp mạng CAT6 UTP Hikvision DS-1LN6-UE-W (Trắng),not_found,,,,2026-09-16T09:59:25+07:00
MAT-83245,Cáp mạng CAT6 U/UTP HIKVISION DS-1LN6UZC0,not_found,,,,2026-09-16T09:59:25+07:00
MAT-79488,Cáp mạng Cat5E U/UTP HIKVISION DS-1LN5EUEC0,not_found,,,,2026-09-16T09:59:25+07:00
MAT-45179,Cáp mạng Cat6 U/UTP HIKVISION DS-1LN6U-G,not_found,,,,2026-09-16T09:59:25+07:00
MAT-45531,Cáp mạng Cat5E UTP HIKVISION DS-1LN5EU-SC0,not_found,,,,2026-09-16T09:59:25+07:00
MAT-31251,Cáp mạng Cat6 UTP HIKVISION DS-1LN6-UU,not_found,,,,2026-09-16T09:59:25+07:00
MAT-31248,Cáp mạng Cat5E UTP HIKVISION DS-1LN5E-E/E,not_found,,,,2026-09-16T09:59:25+07:00
MAT-77330,Cáp mạng Cat6 UTP HIKVISION DS-1LN6UTC0,not_found,,,,2026-09-16T09:59:25+07:00
MAT-31249,Cáp mạng Cat5E UTP HIKVISION DS-1LN5E-S,not_found,,,,2026-09-16T09:59:25+07:00
MAT-69907,Cáp mạng Cat5E UTP Outdoor HIKVISION DS-1LN5EO-UU/E,not_found,,,,2026-09-16T09:59:25+07:00
MAT-91890,Cáp mạng CAT6 UTP Hikvision DS-1LN6-UE-W (Xanh),not_found,,,,2026-09-16T09:59:25+07:00
MAT-10689,Đầu bấm mạng RJ45 Cat5e UTP Golden Link GL-2017015E,not_found,,,,2026-09-16T09:59:25+07:00
MAT-50173,Cáp mạng Cat6 SFTP Golden Link TW1104-100 (100m),not_found,,,,2026-09-16T09:59:25+07:00
MAT-10686,Cáp mạng Cat6 UTP Golden Link TW1103-1 (305m),not_found,,,,2026-09-16T09:59:25+07:00
MAT-50183,Đầu bấm mạng nhanh RJ45 CAT6 Golden Link GL-20056,not_found,,,,2026-09-16T09:59:25+07:00
MAT-39533,Đầu bấm mạng RJ45 CAT6 UTP Golden Link P8-001TW,not_found,,,,2026-09-16T09:59:25+07:00
MAT-83740,"Cáp mạng Cat5e UTP Golden Link TW1101-2 (305m, Trắng)",not_found,,,,2026-09-16T09:59:25+07:00
MAT-50177,Cáp mạng Cat6 UTP ngoài trời Golden Link PE-CAT6BC-M,not_found,,,,2026-09-16T09:59:25+07:00
MAT-39825,Cáp mạng Golden Link PLUS CAT.6 F/UTP 2-00104TW (305m),not_found,,,,2026-09-16T09:59:25+07:00
MAT-86205,Cáp mạng Cat6 SFTP Golden Link TW1104-1 (mẫu thùng mới),not_found,,,,2026-09-16T09:59:25+07:00
MAT-50182,Đầu bấm mạng nhanh RJ45 CAT5 Golden Link GL-20055E,not_found,,,,2026-09-16T09:59:25+07:00
MAT-10684,"Cáp mạng Cat5e UTP Golden Link TW1101-1 (305m, Cam)",not_found,,,,2026-09-16T09:59:25+07:00
MAT-51773,Kềm bấm mạng đa năng Golden Link GL-012020,not_found,,,,2026-09-16T09:59:25+07:00
MAT-39832,Cáp đồng trục RG59/U+2C Golden Link TW501-02 (305m),not_found,,,,2026-09-16T09:59:25+07:00
MAT-51772,Cáp mạng Cat6 UTP CCA ngoài trời Golden Link TW1105-PE,not_found,,,,2026-09-16T09:59:25+07:00
MAT-10685,Cáp mạng Cat5e SFTP Golden Link TW1102-1 (305m),not_found,,,,2026-09-16T09:59:25+07:00
MAT-50176,Cáp mạng ngoài trời Cat6 UTP Golden Link PECAT6-BC (305m),not_found,,,,2026-09-16T09:59:25+07:00
MAT-86202,Cáp mạng Cat5e SFTP Golden Link TW1102-1 (mẫu thùng mới),not_found,,,,2026-09-16T09:59:25+07:00
MAT-50172,Cáp mạng Cat6 UTP Golden Link TW1103-100 (100m),not_found,,,,2026-09-16T09:59:25+07:00
MAT-66101,Cáp mạng CAT6 UTP Golden Link 2-00103TW (305m),not_found,,,,2026-09-16T09:59:25+07:00
MAT-39823,Cáp mạng Golden Link Plus Cat.5e UTP 2-00101TW (305m),not_found,,,,2026-09-16T09:59:25+07:00
MAT-50185,Kềm bấm mạng nhanh Golden Link GL-2005FC,not_found,,,,2026-09-16T09:59:25+07:00
MAT-86201,"Cáp mạng Golden Link TW1101-1 mẫu mới (305m, Cam)",not_found,,,,2026-09-16T09:59:25+07:00
MAT-39833,Cáp đồng trục RG59/U+2C Golden Link TW501-100,not_found,,,,2026-09-16T09:59:25+07:00
MAT-50170,Cáp mạng Cat5e SFTP Golden Link TW1102-100 (100m),not_found,,,,2026-09-16T09:59:25+07:00
MAT-50168,Cáp mạng Cat5e UTP Golden Link TW1101-100 (100m),not_found,,,,2026-09-16T09:59:25+07:00
MAT-86204,Cáp mạng Cat6 Golden Link TW1104-1 (thùng trắng xanh),not_found,,,,2026-09-16T09:59:25+07:00
MAT-50107,Cáp camera Golden Link RG59-M10 đúc sẵn dây nguồn và jack,not_found,,,,2026-09-16T09:59:25+07:00
MAT-67965,"Cáp mạng Cat5e UTP Golden Link (GL01030, 305m/cuộn)",not_found,,,,2026-09-16T09:59:25+07:00
MAT-86203,Cáp mạng Cat6 UTP Platinum Golden Link NMVA01 (305m),not_found,,,,2026-09-16T09:59:25+07:00
MAT-67981,"Cáp mạng Cat5e UTP Golden Link (GL01031, 305m/cuộn)",not_found,,,,2026-09-16T09:59:25+07:00
MAT-39829,"Cáp đồng trục, cáp camera RG6/U Golden Link TW501-03",not_found,,,,2026-09-16T09:59:25+07:00
MAT-50103,Cáp camera Golden Link RG59-M20 đúc sẵn dây nguồn và jack,not_found,,,,2026-09-16T09:59:25+07:00
MAT-84088,Cáp mạng Cat5e UTP Golden Link TW1101-2-100 (100m),not_found,,,,2026-09-16T09:59:25+07:00
MAT-85298,Bộ chia mạng LAN APTEK 1 ra 2,not_found,,,,2026-09-16T09:59:25+07:00
MAT-19783,Cáp mạng APTEK CAT.6 UTP 630-1102-1 (305m/thùng),not_found,,,,2026-09-16T09:59:25+07:00
MAT-85296,APTEK RJ45 connector,not_found,,,,2026-09-16T09:59:25+07:00
MAT-85301,APTEK Cable wire management,not_found,,,,2026-09-16T09:59:25+07:00
MAT-19784,Cáp mạng APTEK CAT.6 FTP 630-2104-1 (305m/cuộn),not_found,,,,2026-09-16T09:59:25+07:00
MAT-75720,Đầu mạng RJ45 Cat.6 UTP xuyên thấu APTEK (601-11001),not_found,,,,2026-09-16T09:59:25+07:00
MAT-85294,"Dụng cụ tuốt dây mạng, thoại APTEK",not_found,,,,2026-09-16T09:59:25+07:00
MAT-75717,Đầu mạng RJ45 Cat.6 UTP APTEK (601-01001),not_found,,,,2026-09-16T09:59:25+07:00
MAT-19780,Cáp mạng APTEK CAT.5E UTP 530-1101-1 (305m/thùng),not_found,,,,2026-09-16T09:59:25+07:00
MAT-75712,Đầu mạng RJ45 Cat.5e UTP APTEK (501-01001),not_found,,,,2026-09-16T09:59:25+07:00
MAT-42260,Cáp mạng APTEK CAT.6 U/UTP 23AWG PVC (630-1102-2),not_found,,,,2026-09-16T09:59:25+07:00
MAT-19781,Cáp mạng APTEK CAT.5E FTP 530-2106-1 (305m/thùng),not_found,,,,2026-09-16T09:59:25+07:00
MAT-88014,Cáp mạng APTEK CAT.6 UTP Copper (630-1102-3),not_found,,,,2026-09-16T09:59:25+07:00
MAT-83133,Cáp mạng CAT5E UTP Outdoor APTEK 530-1125-2,not_found,,,,2026-09-16T09:59:25+07:00
MAT-83134,Cáp mạng CAT5E UTP Outdoor APTEK 530-1123-2,not_found,,,,2026-09-16T09:59:25+07:00
MAT-75721,Đầu mạng RJ45 Cat.6 FTP loại 2 mảnh APTEK (602-02001),not_found,,,,2026-09-16T09:59:25+07:00
MAT-90289,Cáp mạng Cat6 UTP Copper Outdoor APTEK 630-1122-3,not_found,,,,2026-09-16T09:59:25+07:00
MAT-47031,Cáp mạng CAT.5E UTP APTEK 530-1101-2 (305m/thùng),not_found,,,,2026-09-16T09:59:25+07:00
MAT-85295,APTEK UTP/STP Cable Stripper,not_found,,,,2026-09-16T09:59:25+07:00
MAT-88013,Cáp mạng APTEK CAT5E UTP Copper Outdoor (510-1101-2),not_found,,,,2026-09-16T09:59:25+07:00
MAT-73715,Cáp mạng APTEK CAT5E UTP 530-1101-3,not_found,,,,2026-09-16T09:59:25+07:00
MAT-75716,Đầu mạng RJ45 Cat.5e FTP APTEK (502-01001),not_found,,,,2026-09-16T09:59:25+07:00
MAT-75714,Đầu mạng RJ45 Cat.5e UTP xuyên thấu APTEK (501-11001),not_found,,,,2026-09-16T09:59:25+07:00
MAT-85299,Đầu nối mạng APTEK RJ45,not_found,,,,2026-09-16T09:59:25+07:00
MAT-90349,Cáp mạng APTEK CAT.6 UTP 630-1103-3 (305m/thùng),not_found,,,,2026-09-16T09:59:25+07:00
MAT-90348,Cáp mạng APTEK CAT.6 FTP 630-2104-2 (305m/rulo),not_found,,,,2026-09-16T09:59:25+07:00
MAT-92364,Patch Cord Cat.6 UTP APTEK 6112-1103,not_found,,,,2026-09-16T09:59:25+07:00
MAT-36911,Cáp đồng trục kèm đôi dây nguồn APTEK RG6 603-1208 (305 mét/ cuộn),not_found,,,,2026-09-16T09:59:25+07:00
MAT-85300,APTEK Crimping Tool,not_found,,,,2026-09-16T09:59:25+07:00
MAT-92363,Patch Cord Cat.6 UTP APTEK 6112-1102,not_found,,,,2026-09-16T09:59:25+07:00
MAT-92362,Patch Cord Cat.6 UTP APTEK 6112-1101,not_found,,,,2026-09-16T09:59:25+07:00
MAT-92365,Patch Cord Cat.6 UTP APTEK 6112-1105,not_found,,,,2026-09-16T09:59:25+07:00
MAT-93192,Cáp mạng APTEK CAT6E UTP CCA 23AWG (630-1123-1),not_found,,,,2026-09-16T09:59:25+07:00
MAT-27374,Đầu nối RJ45 LS UTP Cat5e (LS-MP-UC5E-RJ45),not_found,,,,2026-09-16T09:59:25+07:00
MAT-42819,Cáp mạng LS Cat6 U/UTP (UTP-G-C6G-E1VN-X 0.5X004P/BL),not_found,,,,2026-09-16T09:59:25+07:00
MAT-63330,Đầu nối RJ45 LS FTP Cat5E/6/6A (LS-MP-SC-RJ45-EZ-C),not_found,,,,2026-09-16T09:59:25+07:00
MAT-72997,Cáp mạng LS Cat6 F/UTP (FTP-G-C6G-E1VN-M 0.5X004P/BL),not_found,,,,2026-09-16T09:59:25+07:00
MAT-42827,Cáp mạng Cat5e U/UTP LS UTP-E-C5G-E1VN-X 0.5X004P/xx,not_found,,,,2026-09-16T09:59:25+07:00
MAT-42842,Kềm bấm mạng-Crimping Tool LS LS-CT-UC5E(6)-SI-1,not_found,,,,2026-09-16T09:59:25+07:00
MAT-42845,Cáp mạng LS Cat6 U/UTP (UTP-G-C6G-E1VN-M 0.5X004P/BK),not_found,,,,2026-09-16T09:59:25+07:00
MAT-42462,Modular Jack LS Cat6 UTP ERI (LS-MJ-UC6-WH-ERI),not_found,,,,2026-09-16T09:59:25+07:00
MAT-63323,LS Simple 1U 48-port HD Patch Panel (LS-PP-48P-E-WM-1U),not_found,,,,2026-09-16T09:59:25+07:00
MAT-27364,Empty Patch panel 24-port 1U LS CAT.5e (LS-PP-24P-E-LWM),not_found,,,,2026-09-16T09:59:25+07:00
MAT-84334,Kiềm bấm mạng RJ45 LS LS-CT-EZ,not_found,,,,2026-09-16T09:59:25+07:00
MAT-27368,Modular Jack LS Cat5e UTP ERI (LS-MJ-UC5E-WH-ERI),not_found,,,,2026-09-16T09:59:25+07:00
MAT-42464,Đầu nối RJ45 LS UTP Cat6 (LS-MP-UC6-RJ45-TR-A6),not_found,,,,2026-09-16T09:59:25+07:00
MAT-27463,2-port Faceplate US Mode LS (LS-FP-US-2PORT),not_found,,,,2026-09-16T09:59:25+07:00
MAT-27462,1-port Faceplate US Mode LS (LS-FP-US-1PORT),not_found,,,,2026-09-16T09:59:25+07:00
MAT-53607,Hộp phối quang 24 cổng LC SM LS-FDF-LC-SM-024-DP,not_found,,,,2026-09-16T09:59:25+07:00
MAT-27309,Cáp đồng trục LS RG(6) BK (RG-6/U(60)),not_found,,,,2026-09-16T09:59:25+07:00
MAT-27335,Cáp quang LS LT-DJBGEXX/BRN MX4XXX(06T2.00),not_found,,,,2026-09-16T09:59:25+07:00
MAT-63463,Cáp nhảy LS Cat6 UTP 3m (LS-PC-UC6-xx-030-M),not_found,,,,2026-09-16T09:59:25+07:00
MAT-72995,Cáp mạng LS Cat5e F/UTP (FTP-E-C5G-E1VN-M 0.5X004P/GY),not_found,,,,2026-09-16T09:59:25+07:00
MAT-63451,LS Shielded Modular Jack LS CAT6 (LS-MJ-SC6-ERI),not_found,,,,2026-09-16T09:59:25+07:00
MAT-85099,Cáp nhảy LS CAT6 Unshielded 3m (LS-PC-UC6-BL-030-M-ECO),not_found,,,,2026-09-16T09:59:25+07:00
MAT-63462,Cáp nhảy LS CAT6 UTP 2m (LS-PC-UC6-xx-020-M),not_found,,,,2026-09-16T09:59:25+07:00
MAT-27425,Modular Jack Shielded Cat6A LS-MJ-SC6A-ERI,not_found,,,,2026-09-16T09:59:25+07:00
MAT-27464,4-port Faceplate US Mode LS (LS-FP-US-4PORT),not_found,,,,2026-09-16T09:59:25+07:00
MAT-84330,Đầu nối RJ45 LS CAT5E (LS-MP-SC5E-BOOT),not_found,,,,2026-09-16T09:59:25+07:00
MAT-73005,Cáp nhảy LS CAT6A Shielded 1m (LS-PC-SC6A-xx-010-C),not_found,,,,2026-09-16T09:59:25+07:00
MAT-27478,Dụng cụ đấu dây LS for Modular Jack of ERI,not_found,,,,2026-09-16T09:59:25+07:00
MAT-27338,Cáp quang LS LT-DJBGEXX/BRN SE4XXX(06T1.80),not_found,,,,2026-09-16T09:59:25+07:00
MAT-63445,Cáp nhảy LS Cat5E UTP 3m (LS-PC-UC5E-xx-030-M),not_found,,,,2026-09-16T09:59:25+07:00
MAT-63461,Cáp nhảy LS Cat6 UTP 1m (LS-PC-UC6-xx-010-M),not_found,,,,2026-09-16T09:59:25+07:00
MAT-84329,Đầu nối RJ45 Cat5e LS (LS-MP-SC5E-RJ45),not_found,,,,2026-09-16T09:59:25+07:00
MAT-27466,6-port Faceplate US Mode LS (LS-FP-US-6PORT),not_found,,,,2026-09-16T09:59:25+07:00
MAT-73004,Cáp nhảy LS Cat6A Shielded 1m (LS-PC-UC6A-xx-010-C),not_found,,,,2026-09-16T09:59:25+07:00
MAT-85082,Đầu nối RJ45 UTP CAT6 LS LS-MP-UC6-RJ45-CV-WB,not_found,,,,2026-09-16T09:59:25+07:00
MAT-27424,Modular Jack Cat6A UTP LS-MJ-UC6A-xx-ERI,not_found,,,,2026-09-16T09:59:25+07:00
MAT-63443,Cáp nhảy LS Cat5E UTP 2m (LS-PC-UC5E-xx-020-M),not_found,,,,2026-09-16T09:59:25+07:00
MAT-63304,Cáp đồng trục LS EXCX5C-2V (ECX 5C-2V CCA BK),not_found,,,,2026-09-16T09:59:25+07:00
MAT-63449,Patch Panel 24P Unshielded LS Cat6 (LS-PP-UC6-24P-WM-EC),not_found,,,,2026-09-16T09:59:25+07:00
MAT-27259,Cáp mạng Cat5e U/UTP LS UTP-E-C5G-E1VN-M 0.5X025P/GY,not_found,,,,2026-09-16T09:59:25+07:00
MAT-53605,Hộp phối quang 24 cổng SC SM LS-FDF-SC-SM-024-SP,not_found,,,,2026-09-16T09:59:25+07:00
MAT-63442,Cáp nhảy LS Cat5e UTP 1m (LS-PC-UC5E-xx-010-M),not_found,,,,2026-09-16T09:59:25+07:00
MAT-42836,Cáp quang LS LT-DJBGSEX/BRN SE16XX(06T2.00),not_found,,,,2026-09-16T09:59:25+07:00
MAT-85135,Cáp quang LS LT-DJBGEXX/BRN MG12XX(06T2.00),not_found,,,,2026-09-16T09:59:25+07:00
MAT-63292,Cáp mạng LS Cat6A F/UTP (FTP-A-C6G-E1VN-M 0.5X004P/XX),not_found,,,,2026-09-16T09:59:25+07:00
MAT-37146,6-Port Surface Mount Box LS-SMB-6PORT,not_found,,,,2026-09-16T09:59:25+07:00
MAT-27406,Modular Jack LS Cat6 UTP ERD (LS-MJ-UC6-xx-ERD),not_found,,,,2026-09-16T09:59:25+07:00
MAT-63276,Cáp mạng LS Cat6 U/UTP (UTP-G-C6G-E1VN-X 0.5X004P/XX),not_found,,,,2026-09-16T09:59:25+07:00
MAT-55687,Hộp phối quang 12 cổng LS SM LS-FDF-LC-SM-012-DP,not_found,,,,2026-09-16T09:59:25+07:00
MAT-27314,Cáp đồng trục LS HFBT 7C (7C-HFBT (CCS/AL60%) BK),not_found,,,,2026-09-16T09:59:25+07:00
MAT-85066,Khung nhựa quản lý cáp nhảy (LS-JT-T1-W/O-ECO),not_found,,,,2026-09-16T09:59:25+07:00
MAT-85127,Cáp quang LS LT-DJBGEXX/BRN SE36XX(06T1.80),not_found,,,,2026-09-16T09:59:25+07:00
MAT-85125,Cáp quang LS LT-DJBGEXX/BRN SE8XXX(06T1.80),not_found,,,,2026-09-16T09:59:25+07:00
MAT-85086,Modular Jack Unshielded CAT6 LS LS-MJ-UC6-ECO,not_found,,,,2026-09-16T09:59:25+07:00
MAT-27333,Cáp quang LS LT-DJBGEXX/BRN MG4XXX(06T2.00),not_found,,,,2026-09-16T09:59:25+07:00
MAT-55894,Hộp phối quang 4 cổng SC SM LS-FDF-SC-SM-004-SP,not_found,,,,2026-09-16T09:59:25+07:00
MAT-84987,Hộp phối quang 72 cổng LC SM LS-FDF-LC-SM-072-DP,not_found,,,,2026-09-16T09:59:25+07:00
MAT-55888,Hộp phối quang 4 cổng LC SM LS-FDF-LC-SM-004-DP,not_found,,,,2026-09-16T09:59:25+07:00
MAT-53487,Cáp quang LS LT-DJBGEXX/BRN SE48XX(12T2.00),not_found,,,,2026-09-16T09:59:25+07:00
MAT-73002,Cáp nhảy LS CAT6 Shielded 1m (LS-PC-SC6-xx-010-C),not_found,,,,2026-09-16T09:59:25+07:00
MAT-27342,Cáp quang LS LT-DJBGEXX/BRN SE12XX(06T1.80),not_found,,,,2026-09-16T09:59:25+07:00
MAT-53475,Cáp quang LS LT-DJBGEXX/BRN MX12XX(06T2.00),not_found,,,,2026-09-16T09:59:25+07:00
MAT-27336,Cáp quang LS LT-DJBGEXX/BRN MX24XX(06T2.00),not_found,,,,2026-09-16T09:59:25+07:00
MAT-72996,Cáp mạng LS Cat.6 U/UTP (UTP-G-C6G-E1VN-M 0.5X004P/BL),not_found,,,,2026-09-16T09:59:25+07:00
MAT-55897,Hộp phối quang 8 cổng SC SM LS-FDF-SC-SM-008-SP,not_found,,,,2026-09-16T09:59:25+07:00
MAT-81249,Cáp mạng Cat5E UTP LS UTP-E-C5G-E1VN-10.5X004P/BL,not_found,,,,2026-09-16T09:59:25+07:00
MAT-84950,Hộp phối quang 12 cổng SC OM2 LS-FDF-SC-M2-012-SP,not_found,,,,2026-09-16T09:59:25+07:00
MAT-85235,Đế âm tường kiểu US LS-BB-1157-38,not_found,,,,2026-09-16T09:59:25+07:00
MAT-27334,Cáp quang LS LT-DJBGEXX/BRN MG24XX(06T2.00),not_found,,,,2026-09-16T09:59:25+07:00
MAT-84989,Hộp phối quang 144 cổng LC SM LS-FDF-LC-SM-144-DP,not_found,,,,2026-09-16T09:59:25+07:00
MAT-85027,Đầu nối RJ45 LS UTP CAT5E (LS-MP-UC5E-RJ45-CV),not_found,,,,2026-09-16T09:59:25+07:00
MAT-85123,Cáp nhảy LS Shielded Cat6A 3m (LS-PC-SC6A-BL-030-M-ECO),not_found,,,,2026-09-16T09:59:25+07:00
MAT-63303,Cáp đồng trục LS HFBT 10C (10C-HFBT (CCA/AL60%) BK),not_found,,,,2026-09-16T09:59:25+07:00
MAT-27258,Cáp mạng Cat5e U/UTP LS UTP-E-C5G-E1VN-M 0.5X002P/GY,not_found,,,,2026-09-16T09:59:25+07:00
MAT-53614,Hộp phối quang 12 cổng SC SM LS-FDF-SC-SM-012-SP,not_found,,,,2026-09-16T09:59:25+07:00
MAT-37143,2-Port Surface Mount Box LS-SMB-2PORT,not_found,,,,2026-09-16T09:59:25+07:00
MAT-84965,Hộp phối quang 24 cổng SC OM3 LS-FDF-SC-M3-024-SP,not_found,,,,2026-09-16T09:59:25+07:00
MAT-85029,Đầu nối RJ45 LS UTP Cat5e (LS-MP-UC5E-RJ45-CV-WB),not_found,,,,2026-09-16T09:59:25+07:00
MAT-53477,Cáp quang LS LT-DJBGEXX/BRN MX16XX(06T2.00),not_found,,,,2026-09-16T09:59:25+07:00
MAT-85065,Khung nhựa quản lý cáp nhảy (LS-JT-T2-W-ECO),not_found,,,,2026-09-16T09:59:25+07:00
MAT-84959,Hộp phối quang 4 cổng SC OM3 LS-FDF-SC-M3-004-SP,not_found,,,,2026-09-16T09:59:25+07:00
MAT-84975,Hộp phối quang 24 cổng SC OM4 LS-FDF-SC-M4-024-SP,not_found,,,,2026-09-16T09:59:25+07:00
MAT-85062,Phiến đấu thoại 110 (LS-110WB-UC5ES-100P-W/O-C-ECO),not_found,,,,2026-09-16T09:59:25+07:00
MAT-84947,Hộp phối quang 8 cổng SC OM2 LS-FDF-SC-M2-008-SP,not_found,,,,2026-09-16T09:59:25+07:00
MAT-85034,Patch panel 24P Unshielded Cat5e LS-PP-UC5E-24P-F-ECO,not_found,,,,2026-09-16T09:59:25+07:00
MAT-85088,Patch panel 24P Unshielded CAT6 LS LS-PP-UC6-24P-F-ECO,not_found,,,,2026-09-16T09:59:25+07:00
MAT-53482,Cáp quang LS LT-DJBGEXX/BRN M44XXX(06T2.00),not_found,,,,2026-09-16T09:59:25+07:00
MAT-63265,Cáp mạng LS Cat5e F/UTP (FTP-E-C5G-E1VN-M 0.5X004P/XX),not_found,,,,2026-09-16T09:59:25+07:00
MAT-53609,Hộp phối quang 48 cổng SC SM LS-FDF-SC-SM-048-SP,not_found,,,,2026-09-16T09:59:25+07:00
MAT-81250,Cáp mạng Cat6 UTP LS UTP-G-C6G-E1VN-10.5X004P/BL,not_found,,,,2026-09-16T09:59:25+07:00
MAT-85080,Đầu nối RJ45 UTP CAT6 LS LS-MP-UC6-RJ45-CV,not_found,,,,2026-09-16T09:59:25+07:00
MAT-72999,Cáp đồng trục LS RG11 (CCS/A60%) BK,not_found,,,,2026-09-16T09:59:25+07:00
MAT-85168,Cáp quang LS LT-DJBGSEX/BRN SE6XXX(06T2.00),not_found,,,,2026-09-16T09:59:25+07:00
MAT-84328,Đầu chụp Boot cho Modular Plug LS (LS-MP-SC6-RJ45-BOOT),not_found,,,,2026-09-16T09:59:25+07:00
MAT-72992,Patch Panel 24P Unshielded Cat5e LS-PP-UC5E-24P-WM-EC,not_found,,,,2026-09-16T09:59:25+07:00
MAT-53604,Hộp phối quang 48 cổng LC SM LS-FDF-LC-SM-048-DP,not_found,,,,2026-09-16T09:59:25+07:00
MAT-53484,Cáp quang LS LT-DJBGEXX/BRN M424XX(06T2.00),not_found,,,,2026-09-16T09:59:25+07:00
MAT-27355,Cáp quang LS LT-DJBGSEX/BRN SE12XX(06T2.00),not_found,,,,2026-09-16T09:59:25+07:00
MAT-27354,Cáp quang LS LT-DJBGSEX/BRN SE8XXX(06T2.00),not_found,,,,2026-09-16T09:59:25+07:00
MAT-85133,Cáp quang LS LT-DJBGEXX/BRN MG6XXX(06T2.00),not_found,,,,2026-09-16T09:59:25+07:00
MAT-27440,Empty Patch Panel 48-Port (LS-PP-48P-E-WM),not_found,,,,2026-09-16T09:59:25+07:00
MAT-85237,Cáp đồng trục LS HFBT 7C (7C-HFBT (1/1.80A/45B) BK),not_found,,,,2026-09-16T09:59:25+07:00
MAT-53474,Cáp quang LS LT-DJBGEXX/BRN MX8XXX(06T2.00),not_found,,,,2026-09-16T09:59:25+07:00
MAT-27398,Patch panel 24-port Shielded LS CAT.6 (LS-PP-SC6-24P),not_found,,,,2026-09-16T09:59:25+07:00
MAT-37141,1-Port Surface Mount Box LS-SMB-1PORT,not_found,,,,2026-09-16T09:59:25+07:00
MAT-42835,Cáp quang LS LT-DJBGEXX/BRN SE16XX(06T1.80),not_found,,,,2026-09-16T09:59:25+07:00
MAT-85112,Patch panel Empty 24P Cat6A LS LS-PP-C6A-24P-E1-ECO,not_found,,,,2026-09-16T09:59:25+07:00
MAT-53492,Cáp quang LS LT-DJBGSEX/BRN MX8XXX(06T2.00),not_found,,,,2026-09-16T09:59:25+07:00
MAT-85150,Cáp quang LS LT-DJBGEXX/BRN MX36XX(06T2.00),not_found,,,,2026-09-16T09:59:25+07:00
MAT-85170,Cáp quang LS LT-DJBGSEX/BRN SE48XX(12T2.30),not_found,,,,2026-09-16T09:59:25+07:00
MAT-85143,Cáp quang LS LT-DJBGEXX/BRN MG48XX(12T2.30),not_found,,,,2026-09-16T09:59:25+07:00
MAT-63460,LS Cat6 Shielded Modular Jack (LS-MJ-SC6-RIDC),not_found,,,,2026-09-16T09:59:25+07:00
MAT-63319,Cáp quang LS LT-DJBGSEX/BRN MX96XX(12T2.30),not_found,,,,2026-09-16T09:59:25+07:00
MAT-85091,Patch panel empty 24P Cat6 LS LS-PP-C6-24P-E1-ECO,not_found,,,,2026-09-16T09:59:25+07:00
MAT-85151,Cáp quang LS LT-DJBGEXX/BRN MX48XX(12T2.30),not_found,,,,2026-09-16T09:59:25+07:00
MAT-85107,Đầu nối RJ45 LS Cat6A (LS-MP-UC6A-ECO),not_found,,,,2026-09-16T09:59:25+07:00
MAT-84970,Hộp phối quang 96 cổng SC OM3 LS-FDF-SC-M3-096-SP,not_found,,,,2026-09-16T09:59:25+07:00
MAT-85059,Phiến đấu thoại 110 (LS-110WB-UC5ES-50P-W/O-C-ECO),not_found,,,,2026-09-16T09:59:25+07:00
MAT-63310,Cáp quang LS LT-DJBEXXX/BRN SE96XX(12T2.00),not_found,,,,2026-09-16T09:59:25+07:00
MAT-73000,Cáp nhảy LS Cat5E Shielded 1m (LS-PC-SC5E-xx-010-C),not_found,,,,2026-09-16T09:59:25+07:00
HIK-LOCK-86574,Khóa nam châm điện HIKVISION DS-K4H255S (SH-K4H455S),not_found,,,,2026-09-16T09:59:25+07:00
HIK-LOCK-35613,Khóa chốt HIKVISION DS-K4T108 (SH-K5T108),not_found,,,,2026-09-16T09:59:25+07:00
HIK-LOCK-19751,Khóa điện từ HIKVISION DS-K4H250S,not_found,,,,2026-09-16T09:59:25+07:00
HIK-LOCK-86575,Gá LZ cho khóa từ HIKVISION DS-K4H255-LZ (SH-K4H455-LZ),not_found,,,,2026-09-16T09:59:25+07:00
HIK-LOCK-19755,Giá đỡ cho khóa chốt điện từ HIKVISION DS-K4H250-LZ,not_found,,,,2026-09-16T09:59:25+07:00
HIK-LOCK-19745,Khóa chốt điện từ HIKVISION DS-K4T100,not_found,,,,2026-09-16T09:59:25+07:00
HIK-LOCK-19754,Giá đỡ cho khóa chốt điện từ HIKVISION DS-K4T100-U2,not_found,,,,2026-09-16T09:59:25+07:00
HIK-LOCK-35620,Khóa từ cho 1 cửa HIKVISION DS-K4H258S (SH-K5H258S),not_found,,,,2026-09-16T09:59:25+07:00
HIK-LOCK-35654,Khóa từ cho 2 cửa HIKVISION DS-K4H258D (SH-K5H258D),not_found,,,,2026-09-16T09:59:25+07:00
HIK-LOCK-35656,Gá LZ cho khóa từ HIKVISION DS-K4H258-LZ (SH-K5H258-LZ),not_found,,,,2026-09-16T09:59:25+07:00
HIK-LOCK-35657,Gá chữ U cho khóa từ HIKVISION DS-K4H258-U (SH-K5H258-U),not_found,,,,2026-09-16T09:59:25+07:00
HIK-LOCK-19753,Giá đỡ cho khóa chốt điện từ HIKVISION DS-K4T100-U1,not_found,,,,2026-09-16T09:59:25+07:00
HIK-LOCK-35651,Giá chữ U HIKVISION DS-K4T108-U1 (SH-K5T108-U1),not_found,,,,2026-09-16T09:59:25+07:00
HIK-LOCK-56813,Gá LZ cho khóa từ HIKVISION DS-K4H258D-LZ,not_found,,,,2026-09-16T09:59:25+07:00
HIK-LOCK-44625,Khóa điện HIKVISION DS-K4E100,not_found,,,,2026-09-16T09:59:25+07:00
HIK-LOCK-56854,Gá chữ U cho khóa từ HIKVISION DS-K4H250-U,not_found,,,,2026-09-16T09:59:25+07:00
HIK-LOCK-86696,Bộ gá khóa HIKVISION DS-K4H255-U,not_found,,,,2026-09-16T09:59:25+07:00
HIK-LOCK-56855,Single-door Magnetic Lock HIKVISION DS-K4H450S,not_found,,,,2026-09-16T09:59:25+07:00
HIK-LOCK-56857,Gá LZ cho khóa từ HIKVISION DS-K4H450-LZ,not_found,,,,2026-09-16T09:59:25+07:00
HIK-LOCK-56853,Electric Strike Lock HIKVISION DS-K4G100,not_found,,,,2026-09-16T09:59:25+07:00
HIK-LOCK-87614,Khóa chốt thả điện từ HIKVISION HK-K6T100,not_found,,,,2026-09-16T09:59:25+07:00
HIK-LOCK-56856,Double-door Magnetic Lock HIKVISION DS-K4H450D,not_found,,,,2026-09-16T09:59:25+07:00
PROLOCK-7619,Khóa chốt điện từ PRO-EBL4,not_found,,,,2026-09-16T09:59:25+07:00
PROLOCK-7549,Khóa cửa điện từ PRO-0600M,not_found,,,,2026-09-16T09:59:25+07:00
PROLOCK-7635,Nút nhấn mở cửa PRO-PB5A,not_found,,,,2026-09-16T09:59:25+07:00
PROLOCK-7548,Khóa cửa điện từ PRO-0300M,not_found,,,,2026-09-16T09:59:25+07:00
PROLOCK-7632,Nút nhấn mở cửa khẩn PRO-BG,not_found,,,,2026-09-16T09:59:25+07:00
PROLOCK-7634,Nút nhấn mở cửa PRO-PB2A,not_found,,,,2026-09-16T09:59:25+07:00
PROLOCK-7628,Đế dùng cho khóa cửa điện từ PRO-0600ZL,not_found,,,,2026-09-16T09:59:25+07:00
PROLOCK-7630,Bộ Remote điều khiển đóng mở cửa từ xa PRO-RM,not_found,,,,2026-09-16T09:59:25+07:00
PROLOCK-77341,Bát trên PRO-UBB4,not_found,,,,2026-09-16T09:59:25+07:00
PROLOCK-77343,Bát dưới PRO-LBB4,not_found,,,,2026-09-16T09:59:25+07:00
PROLOCK-40182,Bộ bát kẹp kính PRO-0600MBR (dùng cho khóa PRO-0600M),not_found,,,,2026-09-16T09:59:25+07:00
PROLOCK-7622,Khóa chốt điện từ PRO-EBL-MK,not_found,,,,2026-09-16T09:59:25+07:00
PROLOCK-7617,Khóa cửa điện từ PRO-1200M,not_found,,,,2026-09-16T09:59:25+07:00
PROLOCK-40195,Nút nhấn Exit có chìa mở PRO-PB4A,not_found,,,,2026-09-16T09:59:25+07:00
PROLOCK-7629,Đế dùng cho khóa cửa điện từ PRO-0600U,not_found,,,,2026-09-16T09:59:25+07:00
PROLOCK-7623,Khóa chốt điện từ mini PRO-EBL4MINI,not_found,,,,2026-09-16T09:59:25+07:00
PROLOCK-40188,Khóa cửa điện từ đôi PRO-0600DB,not_found,,,,2026-09-16T09:59:25+07:00
PROLOCK-7627,Đế dùng cho khóa cửa điện từ PRO-LBM,not_found,,,,2026-09-16T09:59:25+07:00
PROLOCK-87274,Khóa ngàm điện PRO-STL01,not_found,,,,2026-09-16T09:59:25+07:00
PROLOCK-22538,Khóa cửa điện từ PRO-RIM01,not_found,,,,2026-09-16T09:59:25+07:00
PROLOCK-87271,Khóa chốt điện từ PRO-EBL4-M,not_found,,,,2026-09-16T09:59:25+07:00
PROLOCK-7633,Nút nhấn mở cửa PRO-PB1A / AR-PB1A,not_found,,,,2026-09-16T09:59:25+07:00
PROLOCK-7616,Khóa cửa điện từ PRO-0600DM,not_found,,,,2026-09-16T09:59:25+07:00
PROLOCK-40190,Khóa cửa điện từ PRO-0120M,not_found,,,,2026-09-16T09:59:25+07:00
PROLOCK-87272,Khóa chốt điện từ PRO-EBL4-FB,not_found,,,,2026-09-16T09:59:25+07:00
PROLOCK-40194,Nút nhấn mở cửa PRO-PB10A,not_found,,,,2026-09-16T09:59:25+07:00
PROLOCK-40192,Nút nhấn mở cửa PRO-PB3A,not_found,,,,2026-09-16T09:59:25+07:00
PROLOCK-40185,Khóa cắt Shear Lock PRO-STL200,not_found,,,,2026-09-16T09:59:25+07:00
PROLOCK-87275,Giá đỡ cho khóa điện từ PRO-1200ZL,not_found,,,,2026-09-16T09:59:25+07:00
PROLOCK-87273,Khóa chốt điện từ kết hợp khóa cơ PRO-EBL4-MK,not_found,,,,2026-09-16T09:59:25+07:00
ZKT-LOCK-34321,Khóa nam châm điện từ ZKTeco LM-2805,not_found,,,,2026-09-16T09:59:25+07:00
ZKT-LOCK-68276,Khóa chốt thả ZKTeco LB-35,not_found,,,,2026-09-16T09:59:25+07:00
ZKT-LOCK-34344,Giá đỡ cho khóa điện từ ZKTeco LMB-280ZL,not_found,,,,2026-09-16T09:59:25+07:00
ZKT-LOCK-34348,Bộ bát trên khóa chốt điện từ ZKTeco UBB-1,not_found,,,,2026-09-16T09:59:25+07:00
ZKT-LOCK-34347,Bộ bát dưới khóa chốt điện từ ZKTeco LBB-2,not_found,,,,2026-09-16T09:59:25+07:00
ZKT-LOCK-68222,Giá đỡ chữ ZL cho khóa điện từ ZKTeco LMD-280ZL,not_found,,,,2026-09-16T09:59:25+07:00
ZKT-LOCK-34346,Khóa chốt thả ZKTeco LB-22,not_found,,,,2026-09-16T09:59:25+07:00
ZKT-LOCK-34316,Khóa nam châm điện từ ZKTeco LM-2802,not_found,,,,2026-09-16T09:59:25+07:00
ZKT-LOCK-53948,Khóa nam châm điện từ ZKTeco AL-280D(LED),not_found,,,,2026-09-16T09:59:25+07:00
ZKT-LOCK-53946,Khóa nam châm điện từ ZKTeco AL-280(LED),not_found,,,,2026-09-16T09:59:25+07:00
ZKT-LOCK-68218,Giá đỡ chữ Z cho khóa điện từ ZKTeco LMD-280Z,not_found,,,,2026-09-16T09:59:25+07:00
ZKT-LOCK-42453,Bộ bát dưới khóa chốt điện từ ZKTeco LBB-1,not_found,,,,2026-09-16T09:59:25+07:00
ZKT-LOCK-68230,Khóa nam châm điện từ ZKTeco LM-3505,not_found,,,,2026-09-16T09:59:25+07:00
ZKT-LOCK-53965,Khóa nam châm điện từ ZKTeco AL-350(LED),not_found,,,,2026-09-16T09:59:25+07:00
ZKT-LOCK-68288,Khóa chốt điện cho tủ đồ ZKTeco AL-400,not_found,,,,2026-09-16T09:59:25+07:00
ZKT-LOCK-53967,Giá đỡ cho khóa cửa điện từ ZKTeco AL-350PL,not_found,,,,2026-09-16T09:59:25+07:00
ZKT-LOCK-34345,Giá đỡ cho khóa điện từ ZKTeco LMB-280U,not_found,,,,2026-09-16T09:59:25+07:00
ZKT-LOCK-87360,Bộ giữ cửa điện từ ZKTeco DS1,not_found,,,,2026-09-16T09:59:25+07:00
ZKT-LOCK-53954,Giá đỡ cho khóa cửa điện từ ZKTeco AL-280PL,not_found,,,,2026-09-16T09:59:25+07:00
ZKT-LOCK-53959,Giá đỡ cho khóa cửa điện từ ZKTeco AL-280DPL,not_found,,,,2026-09-16T09:59:25+07:00
ZKT-LOCK-53962,Giá đỡ cho khóa cửa điện từ ZKTeco AL-280PZ,not_found,,,,2026-09-16T09:59:25+07:00
ZKT-LOCK-68214,Giá chữ Z cho khóa điện từ ZKTeco LMD-180Z,not_found,,,,2026-09-16T09:59:25+07:00
ZKT-LOCK-53978,Khóa chốt thả ZKTeco AL-300,not_found,,,,2026-09-16T09:59:25+07:00
ZKT-LOCK-53936,Khóa nam châm điện từ ZKTeco AL-180,not_found,,,,2026-09-16T09:59:25+07:00
ZKT-LOCK-34418,Khóa cửa điện từ ZKTeco LL-03,not_found,,,,2026-09-16T09:59:25+07:00
ZKT-LOCK-53964,Giá đỡ cho khóa cửa điện từ ZKTeco AL-280PU,not_found,,,,2026-09-16T09:59:25+07:00
ZKT-LOCK-68267,Giá đỡ chữ L cho khóa điện từ ZKTeco AL-500PL,not_found,,,,2026-09-16T09:59:25+07:00
ZKT-LOCK-34349,Khóa cửa điện từ ZKTeco LL-01,not_found,,,,2026-09-16T09:59:25+07:00
ZKT-LOCK-34417,Khóa cửa điện từ ZKTeco LL-02,not_found,,,,2026-09-16T09:59:25+07:00
ZKT-LOCK-53930,Giá đỡ cho khóa điện từ ZKTeco LMB-280L,not_found,,,,2026-09-16T09:59:25+07:00
ZKT-LOCK-68237,Giá đỡ chữ ZL cho khóa điện từ ZKTeco LMB-350ZL,not_found,,,,2026-09-16T09:59:25+07:00
ZKT-LOCK-53977,Khóa chốt thả ZKTeco AL-100,not_found,,,,2026-09-16T09:59:25+07:00
ZKT-LOCK-68258,Khóa nam châm điện từ ZKTeco AL-500(LED),not_found,,,,2026-09-16T09:59:25+07:00
ZKT-LOCK-73908,Khóa chốt thả ZKTeco LG-20L/R,not_found,,,,2026-09-16T09:59:25+07:00
ZKT-LOCK-68261,Khóa nam châm điện từ ZKTeco AL-500D(LED),not_found,,,,2026-09-16T09:59:25+07:00
ZKT-LOCK-53975,Khóa chốt thả ZKTeco LB-12,not_found,,,,2026-09-16T09:59:25+07:00
ZKT-LOCK-53932,Giá đỡ cho khóa điện từ ZKTeco LMB-280Z,not_found,,,,2026-09-16T09:59:25+07:00
ZKT-LOCK-68226,Khóa nam châm điện từ ZKTeco LM-3502,not_found,,,,2026-09-16T09:59:25+07:00
ZKT-LOCK-53943,Giá đỡ cho khóa điện từ ZKTeco AL-180PU,not_found,,,,2026-09-16T09:59:25+07:00
ZKT-LOCK-53966,Khóa nam châm điện từ ZKTeco AL-350D(LED),not_found,,,,2026-09-16T09:59:25+07:00
ZKT-LOCK-68236,Giá đỡ chữ Z cho khóa điện từ ZKTeco LMB-350Z,not_found,,,,2026-09-16T09:59:25+07:00
ZKT-LOCK-68240,Khóa nam châm điện từ ZKTeco LM-5005,not_found,,,,2026-09-16T09:59:25+07:00
ZKT-LOCK-68234,Giá đỡ chữ U cho khóa điện từ ZKTeco LMB-350U,not_found,,,,2026-09-16T09:59:25+07:00
ZKT-LOCK-53937,Giá đỡ cho khóa điện từ ZKTeco AL-180PL,not_found,,,,2026-09-16T09:59:25+07:00
ZKT-LOCK-68205,Khóa nam châm điện từ ZKTeco LM-1802,not_found,,,,2026-09-16T09:59:25+07:00
ZKT-LOCK-53968,Giá đỡ cho khóa cửa điện từ ZKTeco AL-350DPL,not_found,,,,2026-09-16T09:59:25+07:00
ZKT-LOCK-68217,Giá đỡ chữ L cho khóa điện từ ZKTeco LMD-280L,not_found,,,,2026-09-16T09:59:25+07:00
ZKT-LOCK-68275,Giá đỡ chữ U cho khóa điện từ ZKTeco AL-500PU,not_found,,,,2026-09-16T09:59:25+07:00
ZKT-LOCK-68269,Giá đỡ chữ Z cho khóa điện từ ZKTeco AL-500PZ,not_found,,,,2026-09-16T09:59:25+07:00
ZKT-LOCK-68254,Khóa nam châm điện từ ZKTeco AL-180D,not_found,,,,2026-09-16T09:59:25+07:00
ZKT-LOCK-68271,Giá đỡ chữ L cho khóa điện từ ZKTeco AL-180DPL,not_found,,,,2026-09-16T09:59:25+07:00
ZKT-LOCK-68279,Khóa lẫy điện ZKTeco AL-131NO,not_found,,,,2026-09-16T09:59:25+07:00
ZKT-LOCK-68215,Giá đỡ chữ ZL cho khóa điện từ ZKTeco LMD-180ZL,not_found,,,,2026-09-16T09:59:25+07:00
ZKT-LOCK-68251,Khóa nam châm điện từ ZKTeco AL-180M,not_found,,,,2026-09-16T09:59:25+07:00
ZKT-LOCK-53973,Giá đỡ cho khóa cửa điện từ ZKTeco AL-350PU,not_found,,,,2026-09-16T09:59:25+07:00
ZKT-LOCK-68235,Giá đỡ chữ L cho khóa điện từ ZKTeco LMB-350L,not_found,,,,2026-09-16T09:59:25+07:00
ZKT-LOCK-53969,Giá đỡ cho khóa cửa điện từ ZKTeco AL-350PZ,not_found,,,,2026-09-16T09:59:25+07:00
ZKT-LOCK-68273,Giá đỡ chữ L cho khóa điện từ ZKTeco AL-500DPL,not_found,,,,2026-09-16T09:59:25+07:00
ZKT-LOCK-53940,Giá đỡ cho khóa điện từ ZKTeco AL-180PZ,not_found,,,,2026-09-16T09:59:25+07:00
ZKT-LOCK-53980,Bát trên khóa chốt điện từ ZKTeco AL-200PZ,not_found,,,,2026-09-16T09:59:25+07:00
ZKT-LOCK-68286,Khóa lẫy điện ZKTeco AL-133NC,not_found,,,,2026-09-16T09:59:25+07:00
ZKT-LOCK-68278,Khóa lẫy điện ZKTeco AL-130NC,not_found,,,,2026-09-16T09:59:25+07:00
ZKT-LOCK-68277,Khóa lẫy điện ZKTeco AL-130NO,not_found,,,,2026-09-16T09:59:25+07:00
ZKT-LOCK-68238,Khóa nam châm điện từ ZKTeco LM-5002,not_found,,,,2026-09-16T09:59:25+07:00
ZKT-LOCK-68206,Khóa nam châm điện từ ZKTeco LM-1805,not_found,,,,2026-09-16T09:59:25+07:00
ZKT-LOCK-53981,Bát dưới khóa chốt điện từ ZKTeco AL-100PF,not_found,,,,2026-09-16T09:59:25+07:00
ZKT-LOCK-68280,Khóa lẫy điện ZKTeco AL-131NC,not_found,,,,2026-09-16T09:59:25+07:00
ZKT-LOCK-68207,Giá đỡ chữ U cho khóa điện từ ZKTeco LMB-180U,not_found,,,,2026-09-16T09:59:25+07:00
ZKT-LOCK-68213,Giá đỡ chữ L cho khóa điện từ ZKTeco LMD-180L,not_found,,,,2026-09-16T09:59:25+07:00
ZKT-LOCK-68243,Giá đỡ chữ L cho khóa điện từ ZKTeco LMB-500L,not_found,,,,2026-09-16T09:59:25+07:00
ZKT-LOCK-68247,Giá đỡ chữ ZL cho khóa điện từ ZKTeco LMB-500ZL,not_found,,,,2026-09-16T09:59:25+07:00
ZKT-LOCK-68246,Giá đỡ chữ Z cho khóa điện từ ZKTeco LMB-500Z,not_found,,,,2026-09-16T09:59:25+07:00
ZKT-LOCK-68208,Giá đỡ chữ L cho khóa điện từ ZKTeco LMB-180L,not_found,,,,2026-09-16T09:59:25+07:00
ZKT-LOCK-68210,Giá đỡ chữ Z cho khóa điện từ ZKTeco LMB-180Z,not_found,,,,2026-09-16T09:59:25+07:00
ZKT-LOCK-68282,Khóa lẫy điện ZKTeco AL-132NO,not_found,,,,2026-09-16T09:59:25+07:00
ZKT-LOCK-68283,Khóa lẫy điện ZKTeco AL-132NC,not_found,,,,2026-09-16T09:59:25+07:00
ZKT-LOCK-68211,Giá đỡ chữ ZL cho khóa điện từ ZKTeco LMB-180ZL,not_found,,,,2026-09-16T09:59:25+07:00
WD10PURZ,Ổ cứng giám sát WD Purple 1TB WD10PURZ,contact,,,https://www.sieuthivienthong.com/o-cung-chuyen-dung-1tb-western-purple-wd10purz-23216.html,2026-09-16T09:59:25+07:00
WD20PURZ,Ổ cứng giám sát WD Purple 2TB WD20PURZ,not_found,,,,2026-09-16T09:59:25+07:00
WD42PURZ,Ổ cứng giám sát WD Purple 4TB WD42PURZ,not_found,,,,2026-09-16T09:59:25+07:00
WD64PURZ,Ổ cứng giám sát WD Purple 6TB WD64PURZ,contact,,,https://www.sieuthivienthong.com/o-cung-chuyen-dung-6tb-western-purple-wd64purz-74681.html,2026-09-16T09:59:25+07:00
WD85PURZ,Ổ cứng giám sát WD Purple 8TB WD85PURZ,contact,,,https://www.sieuthivienthong.com/o-cung-chuyen-dung-8tb-western-purple-wd85purz-85243.html,2026-09-16T09:59:25+07:00
ST1000VX013,Ổ cứng giám sát Seagate SkyHawk 1TB ST1000VX013,contact,,,https://www.sieuthivienthong.com/o-cung-chuyen-dung-1tb-seagate-skyhawk-st1000vx013-83490.html,2026-09-16T09:59:25+07:00
ST2000VX017,Ổ cứng giám sát Seagate SkyHawk 2TB ST2000VX017,contact,,,https://www.sieuthivienthong.com/o-cung-chuyen-dung-2tb-seagate-skyhawk-st2000vx017-83093.html,2026-09-16T09:59:25+07:00
ST4000VX016,Ổ cứng giám sát Seagate SkyHawk 4TB ST4000VX016,contact,,,https://www.sieuthivienthong.com/o-cung-chuyen-dung-4tb-skyhawk-seagate-st4000vx016-69539.html,2026-09-16T09:59:25+07:00
ST6000VX009,Ổ cứng giám sát Seagate SkyHawk 6TB ST6000VX009,contact,,,https://www.sieuthivienthong.com/o-cung-chuyen-dung-6tb-seagate-skyhawk-st6000vx009-85268.html,2026-09-16T09:59:25+07:00
ST8000VX010,Ổ cứng giám sát Seagate SkyHawk 8TB ST8000VX010,contact,,,https://www.sieuthivienthong.com/o-cung-chuyen-dung-8tb-seagate-skyhawk-st8000vx010-81322.html,2026-09-16T09:59:25+07:00
SDSQQNR-032G-GN6IA,Thẻ nhớ SanDisk High Endurance 32GB SDSQQNR-032G-GN6IA,not_found,,,,2026-09-16T09:59:25+07:00
SDSQQNR-064G-GN6IA,Thẻ nhớ SanDisk High Endurance 64GB SDSQQNR-064G-GN6IA,contact,,,https://www.sieuthivienthong.com/the-nho-micro-sd-64gb-sandisk-sdsqqnr-064g-gn6ia-61752.html,2026-09-16T09:59:25+07:00
SDSQQNR-128G-GN6IA,Thẻ nhớ SanDisk High Endurance 128GB SDSQQNR-128G-GN6IA,not_found,,,,2026-09-16T09:59:25+07:00
SDSQQNR-256G-GN6IA,Thẻ nhớ SanDisk High Endurance 256GB SDSQQNR-256G-GN6IA,not_found,,,,2026-09-16T09:59:25+07:00
HS-TF-NEO-PLUS-32G,Thẻ nhớ giám sát Hiksemi NEO PLUS 32GB HS-TF-NEO-PLUS-32G,not_found,,,,2026-09-16T09:59:25+07:00
HS-TF-NEO-PLUS-64G,Thẻ nhớ giám sát Hiksemi NEO PLUS 64GB HS-TF-NEO-PLUS-64G,not_found,,,,2026-09-16T09:59:25+07:00
HS-TF-NEO-PLUS-128G,Thẻ nhớ giám sát Hiksemi NEO PLUS 128GB HS-TF-NEO-PLUS-128G,not_found,,,,2026-09-16T09:59:25+07:00
HS-TF-NEO-PLUS-256G,Thẻ nhớ giám sát Hiksemi NEO PLUS 256GB HS-TF-NEO-PLUS-256G,not_found,,,,2026-09-16T09:59:25+07:00
HS-TF-D1-64G,Thẻ nhớ Micro SD 64GB HIKSEMI HS-TF-D1/64G,not_found,,,,2026-09-16T09:59:25+07:00
HS-TF-D1-128G,Thẻ nhớ Micro SD 128GB HIKSEMI HS-TF-D1/128G,not_found,,,,2026-09-16T09:59:25+07:00
HS-TF-D1-256G,Thẻ nhớ Micro SD 256GB HIKSEMI HS-TF-D1/256G,not_found,,,,2026-09-16T09:59:25+07:00
